passage_id,neighbor_id,rank,similarity
p0001,p2063,1,0.5574858784675598
p0001,p0204,2,0.5428812503814697
p0001,p0381,3,0.5304617881774902
p0001,p2074,4,0.5264021754264832
p0001,p2072,5,0.5227131843566895
p0002,p0482,1,0.7516006827354431
p0002,p0025,2,0.689600944519043
p0002,p0382,3,0.6440251469612122
p0002,p0370,4,0.6169996857643127
p0002,p0467,5,0.6068869233131409
p0003,p0028,1,0.9338743686676025
p0003,p0103,2,0.864392876625061
p0003,p0012,3,0.8158934712409973
p0003,p0004,4,0.8107768893241882
p0003,p0238,5,0.8016253709793091
p0004,p0028,1,0.8494125604629517
p0004,p0003,2,0.8107768893241882
p0004,p0241,3,0.7859373092651367
p0004,p0240,4,0.7812187671661377
p0004,p0243,5,0.7802624702453613
p0005,p0380,1,0.6490042209625244
p0005,p0467,2,0.6435375213623047
p0005,p0082,3,0.6291727423667908
p0005,p0468,4,0.6289514899253845
p0005,p0006,5,0.6278694868087769
p0006,p0011,1,0.8643324971199036
p0006,p0467,2,0.8366596102714539
p0006,p0014,3,0.792535662651062
p0006,p0029,4,0.7852604389190674
p0006,p0468,5,0.7823330163955688
p0007,p0864,1,0.5071406960487366
p0007,p1579,2,0.4926851987838745
p0007,p1596,3,0.4781699776649475
p0007,p1693,4,0.4695408344268799
p0007,p0031,5,0.46781134605407715
p0008,p0011,1,0.5521848797798157
p0008,p0006,2,0.49659961462020874
p0008,p2122,3,0.48163580894470215
p0008,p0431,4,0.4801607131958008
p0008,p0473,5,0.4737964868545532
p0009,p0015,1,0.6142407655715942
p0009,p2111,2,0.5930335521697998
p0009,p2114,3,0.3486843705177307
p0009,p0975,4,0.3407641649246216
p0009,p2116,5,0.3392956256866455
p0010,p0014,1,0.8475695848464966
p0010,p0012,2,0.806748628616333
p0010,p0026,3,0.8055210709571838
p0010,p0029,4,0.7841681241989136
p0010,p0038,5,0.7840125560760498
p0011,p0006,1,0.8643324971199036
p0011,p0025,2,0.7991162538528442
p0011,p0467,3,0.7792677879333496
p0011,p0014,4,0.7559871077537537
p0011,p0010,5,0.7547972202301025
p0012,p0003,1,0.8158934712409973
p0012,p0010,2,0.806748628616333
p0012,p0238,3,0.800279974937439
p0012,p0103,4,0.7987633347511292
p0012,p0105,5,0.7927361130714417
p0013,p0026,1,0.8475840091705322
p0013,p0029,2,0.834998607635498
p0013,p0014,3,0.823466956615448
p0013,p0010,4,0.7831397652626038
p0013,p0012,5,0.7809098362922668
p0014,p0010,1,0.8475695848464966
p0014,p0467,2,0.8441345691680908
p0014,p0029,3,0.8306657671928406
p0014,p0013,4,0.823466956615448
p0014,p0026,5,0.8072915077209473
p0015,p0010,1,0.6431252956390381
p0015,p0012,2,0.6311688423156738
p0015,p0009,3,0.6142407655715942
p0015,p0006,4,0.6013424396514893
p0015,p0013,5,0.589359700679779
p0016,p0467,1,0.7475553750991821
p0016,p0012,2,0.7456250786781311
p0016,p0014,3,0.726641833782196
p0016,p0117,4,0.7213616371154785
p0016,p0006,5,0.7194649577140808
p0017,p0433,1,0.7135335206985474
p0017,p0018,2,0.7072580456733704
p0017,p0012,3,0.6665318012237549
p0017,p0058,4,0.6583310961723328
p0017,p0240,5,0.6271734237670898
p0018,p0017,1,0.7072580456733704
p0018,p0117,2,0.6905417442321777
p0018,p0012,3,0.6593692302703857
p0018,p0433,4,0.642403244972229
p0018,p0016,5,0.6371498107910156
p0019,p0020,1,0.6234263777732849
p0019,p0943,2,0.5807337760925293
p0019,p0012,3,0.5596916079521179
p0019,p0022,4,0.5384644865989685
p0019,p2129,5,0.5352590084075928
p0020,p0019,1,0.6234263777732849
p0020,p0012,2,0.5037748217582703
p0020,p2129,3,0.46606016159057617
p0020,p0013,4,0.4427456855773926
p0020,p0010,5,0.4340500831604004
p0021,p0680,1,0.4412097930908203
p0021,p0014,2,0.41913408041000366
p0021,p0038,3,0.4050389528274536
p0021,p0463,4,0.3947293758392334
p0021,p0467,5,0.39360809326171875
p0022,p0010,1,0.5671754479408264
p0022,p0943,2,0.5655460953712463
p0022,p0231,3,0.5508652329444885
p0022,p0019,4,0.5384644865989685
p0022,p0110,5,0.5285184383392334
p0023,p0016,1,0.5298414826393127
p0023,p0117,2,0.5061403512954712
p0023,p0171,3,0.4851083755493164
p0023,p0029,4,0.47575223445892334
p0023,p0012,5,0.4656323790550232
p0024,p0462,1,0.5381705164909363
p0024,p1788,2,0.483761191368103
p0024,p1678,3,0.48184365034103394
p0024,p1633,4,0.478987455368042
p0024,p1399,5,0.461209774017334
p0025,p0011,1,0.7991162538528442
p0025,p0467,2,0.7963087558746338
p0025,p0006,3,0.7748537659645081
p0025,p0482,4,0.7538712620735168
p0025,p0117,5,0.7460547685623169
p0026,p0013,1,0.8475840091705322
p0026,p0029,2,0.8310486674308777
p0026,p0014,3,0.8072915077209473
p0026,p0038,4,0.8072512745857239
p0026,p0010,5,0.8055210709571838
p0027,p0038,1,0.7726479768753052
p0027,p0010,2,0.7511738538742065
p0027,p0029,3,0.7279236912727356
p0027,p0426,4,0.7264659404754639
p0027,p0026,5,0.7248954176902771
p0028,p0003,1,0.9338743686676025
p0028,p0103,2,0.8682991862297058
p0028,p0004,3,0.8494125604629517
p0028,p0058,4,0.8270889520645142
p0028,p0238,5,0.8244807720184326
p0029,p0013,1,0.834998607635498
p0029,p0026,2,0.8310486674308777
p0029,p0014,3,0.8306657671928406
p0029,p0467,4,0.828262448310852
p0029,p0006,5,0.7852604389190674
p0030,p0488,1,0.4677581191062927
p0030,p1787,2,0.441367506980896
p0030,p1800,3,0.4283974766731262
p0030,p0256,4,0.3600740432739258
p0030,p1886,5,0.35714179277420044
p0031,p1693,1,0.7206131815910339
p0031,p1818,2,0.5998108386993408
p0031,p0980,3,0.5820070505142212
p0031,p0406,4,0.5686153173446655
p0031,p1454,5,0.5683797597885132
p0032,p0603,1,0.5791528820991516
p0032,p0502,2,0.5268712639808655
p0032,p0602,3,0.5187276601791382
p0032,p2053,4,0.49052882194519043
p0032,p1992,5,0.4689866900444031
p0033,p0037,1,0.5369096398353577
p0033,p1446,2,0.46111953258514404
p0033,p0032,3,0.4605599045753479
p0033,p2010,4,0.45226824283599854
p0033,p0698,5,0.4506542682647705
p0034,p0409,1,0.5218176245689392
p0034,p0047,2,0.4193296432495117
p0034,p1550,3,0.40491271018981934
p0034,p1824,4,0.4038602113723755
p0034,p0234,5,0.3877837657928467
p0035,p0037,1,0.565414547920227
p0035,p1777,2,0.5112254023551941
p0035,p1992,3,0.473491907119751
p0035,p2004,4,0.4648721218109131
p0035,p0451,5,0.45552194118499756
p0036,p0863,1,0.7025401592254639
p0036,p1953,2,0.6458115577697754
p0036,p0452,3,0.6293011903762817
p0036,p1542,4,0.5805968046188354
p0036,p0411,5,0.5594801902770996
p0037,p0035,1,0.565414547920227
p0037,p0033,2,0.5369096398353577
p0037,p0040,3,0.5247600674629211
p0037,p0408,4,0.5220902562141418
p0037,p1446,5,0.5128682255744934
p0038,p0026,1,0.8072512745857239
p0038,p0010,2,0.7840125560760498
p0038,p0029,3,0.7833932042121887
p0038,p0027,4,0.7726479768753052
p0038,p0014,5,0.7614841461181641
p0039,p0090,1,0.7595161199569702
p0039,p0040,2,0.7552477121353149
p0039,p1461,3,0.7075474858283997
p0039,p2041,4,0.7057492733001709
p0039,p1462,5,0.6961714029312134
p0040,p0039,1,0.7552477121353149
p0040,p0090,2,0.6654033064842224
p0040,p0093,3,0.6240318417549133
p0040,p0050,4,0.6158368587493896
p0040,p0086,5,0.593609094619751
p0041,p0082,1,0.6671501994132996
p0041,p0038,2,0.657225489616394
p0041,p0014,3,0.6417390704154968
p0041,p2058,4,0.6373404264450073
p0041,p2046,5,0.6340981125831604
p0042,p0014,1,0.7734914422035217
p0042,p0026,2,0.7575532793998718
p0042,p0029,3,0.7503479719161987
p0042,p0467,4,0.7436556220054626
p0042,p0038,5,0.7397922277450562
p0043,p0064,1,0.6746211647987366
p0043,p0050,2,0.6542972326278687
p0043,p0090,3,0.6433091163635254
p0043,p0039,4,0.6430361866950989
p0043,p0086,5,0.6276420950889587
p0044,p0048,1,0.6795639395713806
p0044,p0113,2,0.6479244828224182
p0044,p0253,3,0.6407304406166077
p0044,p0275,4,0.6135493516921997
p0044,p2110,5,0.5723655223846436
p0045,p2098,1,0.486706018447876
p0045,p2091,2,0.48153460025787354
p0045,p2067,3,0.46228575706481934
p0045,p2094,4,0.46127474308013916
p0045,p2099,5,0.4588831663131714
p0046,p0113,1,0.8402199149131775
p0046,p0067,2,0.7831017374992371
p0046,p0499,3,0.764766275882721
p0046,p0116,4,0.665611743927002
p0046,p0275,5,0.592920184135437
p0047,p1507,1,0.6144118309020996
p0047,p2046,2,0.6118077039718628
p0047,p0041,3,0.608224093914032
p0047,p2058,4,0.6019049882888794
p0047,p1550,5,0.5724585056304932
p0048,p0044,1,0.6795639395713806
p0048,p0054,2,0.6528443694114685
p0048,p0073,3,0.645291268825531
p0048,p0062,4,0.6261712312698364
p0048,p0072,5,0.6182003617286682
p0049,p1332,1,0.7493008971214294
p0049,p0063,2,0.726568877696991
p0049,p0231,3,0.6982629895210266
p0049,p0495,4,0.6796072125434875
p0049,p1337,5,0.6551567316055298
p0050,p0086,1,0.975409984588623
p0050,p0064,2,0.771818995475769
p0050,p0090,3,0.7116417288780212
p0050,p0039,4,0.6916438937187195
p0050,p0055,5,0.6837149858474731
p0051,p0112,1,0.6200794577598572
p0051,p0074,2,0.6055379509925842
p0051,p0853,3,0.603076696395874
p0051,p0581,4,0.6013696789741516
p0051,p0040,5,0.5863573551177979
p0052,p0101,1,0.6667502522468567
p0052,p0057,2,0.5849508047103882
p0052,p0051,3,0.5535978078842163
p0052,p0093,4,0.534351110458374
p0052,p0279,5,0.4904060363769531
p0053,p1494,1,0.44778013229370117
p0053,p0609,2,0.44697415828704834
p0053,p1481,3,0.4336855411529541
p0053,p1473,4,0.42502760887145996
p0053,p2048,5,0.42113399505615234
p0054,p0056,1,0.8573744893074036
p0054,p0087,2,0.671983003616333
p0054,p0048,3,0.6528443694114685
p0054,p1111,4,0.6406978964805603
p0054,p0112,5,0.6353484988212585
p0055,p0064,1,0.8580371737480164
p0055,p0087,2,0.7152567505836487
p0055,p0050,3,0.6837149858474731
p0055,p0098,4,0.6795419454574585
p0055,p0090,5,0.6647773385047913
p0056,p0054,1,0.8573744893074036
p0056,p1111,2,0.6845603585243225
p0056,p1225,3,0.6642553210258484
p0056,p0112,4,0.6634799242019653
p0056,p0087,5,0.6633071303367615
p0057,p0499,1,0.6856138110160828
p0057,p0067,2,0.6648968458175659
p0057,p0275,3,0.6488417983055115
p0057,p0093,4,0.6305111050605774
p0057,p0112,5,0.6135393977165222
p0058,p0104,1,0.9085074663162231
p0058,p0105,2,0.8987720608711243
p0058,p0111,3,0.862445592880249
p0058,p0028,4,0.8270889520645142
p0058,p0320,5,0.8139367699623108
p0059,p0103,1,0.8315960764884949
p0059,p0105,2,0.8062958121299744
p0059,p0238,3,0.7863967418670654
p0059,p0104,4,0.7862980961799622
p0059,p0003,5,0.7812528610229492
p0060,p0074,1,0.7075881958007812
p0060,p0078,2,0.6545770168304443
p0060,p0490,3,0.5731208324432373
p0060,p0731,4,0.5594924688339233
p0060,p1404,5,0.5522041320800781
p0061,p0102,1,0.45775508880615234
p0061,p0188,2,0.4100686311721802
p0061,p0187,3,0.37859946489334106
p0061,p0106,4,0.3706716299057007
p0061,p0610,5,0.3593946695327759
p0062,p0073,1,0.7420968413352966
p0062,p0072,2,0.7138655185699463
p0062,p0048,3,0.6261712312698364
p0062,p0096,4,0.6255576610565186
p0062,p0054,5,0.5923171043395996
p0063,p0049,1,0.726568877696991
p0063,p1332,2,0.6958590149879456
p0063,p2035,3,0.6430728435516357
p0063,p1552,4,0.6364070773124695
p0063,p0495,5,0.6334353685379028
p0064,p0055,1,0.8580371737480164
p0064,p0087,2,0.7733998894691467
p0064,p0050,3,0.771818995475769
p0064,p0086,4,0.7230127453804016
p0064,p0598,5,0.7024222016334534
p0065,p0066,1,0.7707534432411194
p0065,p0097,2,0.768056333065033
p0065,p0115,3,0.7570268511772156
p0065,p0496,4,0.7319130301475525
p0065,p0095,5,0.717264711856842
p0066,p0065,1,0.7707534432411194
p0066,p0097,2,0.7435788512229919
p0066,p0496,3,0.7228979468345642
p0066,p0092,4,0.7121879458427429
p0066,p0094,5,0.7014173269271851
p0067,p0499,1,0.8261455297470093
p0067,p0113,2,0.7858740091323853
p0067,p0046,3,0.7831017374992371
p0067,p1111,4,0.685309648513794
p0067,p0057,5,0.6648968458175659
p0068,p0710,1,0.5930382013320923
p0068,p0564,2,0.5906859636306763
p0068,p1159,3,0.5823892951011658
p0068,p1875,4,0.5649095177650452
p0068,p0149,5,0.552314043045044
p0069,p0232,1,0.72221839427948
p0069,p1395,2,0.7150015234947205
p0069,p1394,3,0.7119597792625427
p0069,p1363,4,0.711264967918396
p0069,p0130,5,0.7082870602607727
p0070,p0167,1,0.508741557598114
p0070,p0068,2,0.4933239817619324
p0070,p0149,3,0.48649299144744873
p0070,p0140,4,0.4596693515777588
p0070,p0228,5,0.41996681690216064
p0071,p0108,1,0.7365303635597229
p0071,p2107,2,0.6281598210334778
p0071,p1397,3,0.5545046329498291
p0071,p0231,4,0.5431367754936218
p0071,p2108,5,0.5263561606407166
p0072,p0062,1,0.7138655185699463
p0072,p0073,2,0.6708881258964539
p0072,p1596,3,0.6390867233276367
p0072,p0048,4,0.6182003617286682
p0072,p0041,5,0.6106078028678894
p0073,p0062,1,0.7420968413352966
p0073,p0072,2,0.6708881258964539
p0073,p0048,3,0.645291268825531
p0073,p1596,4,0.5586126446723938
p0073,p1397,5,0.5583059787750244
p0074,p0078,1,0.808684766292572
p0074,p0060,2,0.7075881958007812
p0074,p0491,3,0.6596459746360779
p0074,p0112,4,0.6458593010902405
p0074,p0087,5,0.6343846321105957
p0075,p0076,1,0.8333079814910889
p0075,p0078,2,0.6474903225898743
p0075,p0089,3,0.575794517993927
p0075,p0337,4,0.5567346215248108
p0075,p0074,5,0.5522273182868958
p0076,p0075,1,0.8333079814910889
p0076,p0079,2,0.660460352897644
p0076,p0080,3,0.6502552628517151
p0076,p0492,4,0.6078563928604126
p0076,p0078,5,0.5320024490356445
p0077,p0243,1,0.746038556098938
p0077,p0443,2,0.7097184658050537
p0077,p0441,3,0.6703212857246399
p0077,p0242,4,0.6651638746261597
p0077,p0241,5,0.6634531021118164
p0078,p0074,1,0.808684766292572
p0078,p0060,2,0.6545770168304443
p0078,p1111,3,0.6516799926757812
p0078,p0075,4,0.6474903225898743
p0078,p0112,5,0.6174737811088562
p0079,p0080,1,0.7107833623886108
p0079,p0076,2,0.660460352897644
p0079,p0492,3,0.6587396264076233
p0079,p1827,4,0.52413409948349
p0079,p1750,5,0.45842552185058594
p0080,p0079,1,0.7107833623886108
p0080,p0076,2,0.6502552628517151
p0080,p1722,3,0.5231043100357056
p0080,p1404,4,0.5209442973136902
p0080,p0077,5,0.515834391117096
p0081,p0104,1,0.8091594576835632
p0081,p0083,2,0.7701432704925537
p0081,p0084,3,0.7673971652984619
p0081,p0105,4,0.7666247487068176
p0081,p0320,5,0.7637683749198914
p0082,p0084,1,0.8186261057853699
p0082,p0227,2,0.8175334334373474
p0082,p0081,3,0.7288520336151123
p0082,p0224,4,0.6924466490745544
p0082,p0244,5,0.6834697127342224
p0083,p0494,1,0.852895200252533
p0083,p0229,2,0.8280083537101746
p0083,p0230,3,0.7988731265068054
p0083,p0084,4,0.7959484457969666
p0083,p0081,5,0.7701432704925537
p0084,p0082,1,0.8186261057853699
p0084,p0083,2,0.7959484457969666
p0084,p0244,3,0.7726079821586609
p0084,p0081,4,0.7673971652984619
p0084,p0229,5,0.7501431107521057
p0085,p1498,1,0.6618805527687073
p0085,p1551,2,0.5943709015846252
p0085,p1549,3,0.5844136476516724
p0085,p0244,4,0.5674765706062317
p0085,p2012,5,0.537135660648346
p0086,p0050,1,0.975409984588623
p0086,p0064,2,0.7230127453804016
p0086,p0090,3,0.6749022006988525
p0086,p0039,4,0.6543610692024231
p0086,p0087,5,0.6276457905769348
p0087,p0064,1,0.7733998894691467
p0087,p0484,2,0.7606449723243713
p0087,p0055,3,0.7152567505836487
p0087,p0054,4,0.671983003616333
p0087,p0056,5,0.6633071303367615
p0088,p0280,1,0.7121962904930115
p0088,p0295,2,0.6049718856811523
p0088,p0296,3,0.5935332179069519
p0088,p0212,4,0.5933735966682434
p0088,p0268,5,0.5832673907279968
p0089,p0064,1,0.6937829256057739
p0089,p0087,2,0.6267122030258179
p0089,p0075,3,0.575794517993927
p0089,p0043,4,0.5634313821792603
p0089,p0055,5,0.539466381072998
p0090,p0039,1,0.7595161199569702
p0090,p2041,2,0.7165630459785461
p0090,p1461,3,0.7137543559074402
p0090,p0050,4,0.7116417288780212
p0090,p2042,5,0.7100186347961426
p0091,p0039,1,0.5985839366912842
p0091,p0050,2,0.5853322148323059
p0091,p2041,3,0.5747753381729126
p0091,p0086,4,0.5675835013389587
p0091,p2042,5,0.5600019097328186
p0092,p0066,1,0.7121879458427429
p0092,p0094,2,0.708716630935669
p0092,p0093,3,0.7057962417602539
p0092,p0065,4,0.6789272427558899
p0092,p0115,5,0.6729961037635803
p0093,p0092,1,0.7057962417602539
p0093,p0094,2,0.7002116441726685
p0093,p0066,3,0.6513844728469849
p0093,p0115,4,0.6398316025733948
p0093,p0057,5,0.6305111050605774
p0094,p0115,1,0.7573540806770325
p0094,p0095,2,0.7349812388420105
p0094,p0496,3,0.7132037281990051
p0094,p0092,4,0.708716630935669
p0094,p0066,5,0.7014173269271851
p0095,p0094,1,0.7349812388420105
p0095,p0496,2,0.7280136346817017
p0095,p0065,3,0.717264711856842
p0095,p0115,4,0.7044772505760193
p0095,p2115,5,0.703510046005249
p0096,p0097,1,0.6659486293792725
p0096,p0062,2,0.6255576610565186
p0096,p0098,3,0.6228348612785339
p0096,p0063,4,0.6146823763847351
p0096,p0114,5,0.5824965834617615
p0097,p0065,1,0.768056333065033
p0097,p0066,2,0.7435788512229919
p0097,p0496,3,0.6954334378242493
p0097,p0096,4,0.6659486293792725
p0097,p0115,5,0.643348217010498
p0098,p0055,1,0.6795419454574585
p0098,p0096,2,0.6228348612785339
p0098,p0100,3,0.5973196029663086
p0098,p0064,4,0.5809916257858276
p0098,p0097,5,0.5725502967834473
p0099,p0100,1,0.534112811088562
p0099,p1973,2,0.4546310305595398
p0099,p0092,3,0.40981578826904297
p0099,p0094,4,0.3995797634124756
p0099,p1652,5,0.38904255628585815
p0100,p0094,1,0.652400016784668
p0100,p0092,2,0.6244493722915649
p0100,p0066,3,0.5977957844734192
p0100,p0098,4,0.5973196029663086
p0100,p0115,5,0.5944997072219849
p0101,p0052,1,0.6667502522468567
p0101,p0093,2,0.5887932777404785
p0101,p0051,3,0.5703880190849304
p0101,p0066,4,0.5173430442810059
p0101,p0057,5,0.5077348947525024
p0102,p0101,1,0.5003431439399719
p0102,p0500,2,0.48519933223724365
p0102,p0061,3,0.45775508880615234
p0102,p0093,4,0.4357095956802368
p0102,p0471,5,0.4320148229598999
p0103,p0028,1,0.8682991862297058
p0103,p0003,2,0.864392876625061
p0103,p0105,3,0.8391866683959961
p0103,p0059,4,0.8315960764884949
p0103,p0238,5,0.8149627447128296
p0104,p0105,1,0.933858335018158
p0104,p0058,2,0.9085074663162231
p0104,p0111,3,0.8375861048698425
p0104,p0320,4,0.8111940622329712
p0104,p0103,5,0.8103431463241577
p0105,p0104,1,0.933858335018158
p0105,p0058,2,0.8987720608711243
p0105,p0103,3,0.8391866683959961
p0105,p0111,4,0.8193631768226624
p0105,p0059,5,0.8062958121299744
p0106,p0109,1,0.8709055781364441
p0106,p0555,2,0.75162672996521
p0106,p0188,3,0.7064700722694397
p0106,p0187,4,0.6365537047386169
p0106,p0749,5,0.5342060327529907
p0107,p0110,1,0.9996241927146912
p0107,p0105,2,0.7842523455619812
p0107,p0104,3,0.7821439504623413
p0107,p1393,4,0.7733480334281921
p0107,p0332,5,0.7683880925178528
p0108,p0071,1,0.7365303635597229
p0108,p1393,2,0.6833641529083252
p0108,p0107,3,0.656399667263031
p0108,p0110,4,0.6557757258415222
p0108,p0059,5,0.6431016325950623
p0109,p0106,1,0.8709055781364441
p0109,p0555,2,0.7222203612327576
p0109,p0188,3,0.6213128566741943
p0109,p0749,4,0.5837475061416626
p0109,p1353,5,0.5676172971725464
p0110,p0107,1,0.9996241927146912
p0110,p0105,2,0.7851527333259583
p0110,p0104,3,0.7825711369514465
p0110,p1393,4,0.7733586430549622
p0110,p0332,5,0.7655975818634033
p0111,p0332,1,0.8973232507705688
p0111,p0058,2,0.862445592880249
p0111,p0236,3,0.8558775782585144
p0111,p0441,4,0.8480340838432312
p0111,p0104,5,0.8375861048698425
p0112,p1111,1,0.7487055063247681
p0112,p1225,2,0.6970576047897339
p0112,p1861,3,0.683814287185669
p0112,p0998,4,0.6831814050674438
p0112,p0275,5,0.6735172271728516
p0113,p0046,1,0.8402199149131775
p0113,p0067,2,0.7858740091323853
p0113,p0499,3,0.7586691975593567
p0113,p0116,4,0.7020113468170166
p0113,p0044,5,0.6479244828224182
p0114,p0096,1,0.5824965834617615
p0114,p2046,2,0.5703959465026855
p0114,p1502,3,0.5152939558029175
p0114,p0046,4,0.5103499889373779
p0114,p0072,5,0.49134743213653564
p0115,p0094,1,0.7573540806770325
p0115,p0065,2,0.7570268511772156
p0115,p0095,3,0.7044772505760193
p0115,p0066,4,0.688970148563385
p0115,p0496,5,0.6808329224586487
p0116,p0499,1,0.7300464510917664
p0116,p0113,2,0.7020113468170166
p0116,p0295,3,0.696174681186676
p0116,p0046,4,0.665611743927002
p0116,p0239,5,0.6399853825569153
p0117,p0012,1,0.782699704170227
p0117,p0467,2,0.7707235813140869
p0117,p0006,3,0.7592692375183105
p0117,p0010,4,0.7559331059455872
p0117,p0029,5,0.7474662065505981
p0118,p0059,1,0.6999856233596802
p0118,p0467,2,0.6907196640968323
p0118,p0082,3,0.659947395324707
p0118,p0010,4,0.654651403427124
p0118,p0084,5,0.650334358215332
p0119,p0270,1,0.67573481798172
p0119,p0238,2,0.6678154468536377
p0119,p0103,3,0.6606470346450806
p0119,p0012,4,0.65277099609375
p0119,p0217,5,0.6504413485527039
p0120,p0126,1,0.7357589602470398
p0120,p0122,2,0.6856882572174072
p0120,p2123,3,0.6845042705535889
p0120,p0480,4,0.6500144600868225
p0120,p0179,5,0.6252961754798889
p0121,p0122,1,0.7452981472015381
p0121,p0126,2,0.7341817617416382
p0121,p0132,3,0.7081130146980286
p0121,p0139,4,0.6453219056129456
p0121,p0131,5,0.6201227903366089
p0122,p0126,1,0.8129149079322815
p0122,p0121,2,0.7452981472015381
p0122,p0120,3,0.6856882572174072
p0122,p0132,4,0.6082577109336853
p0122,p0139,5,0.6022024750709534
p0123,p0127,1,0.9253952503204346
p0123,p0133,2,0.9223622679710388
p0123,p0138,3,0.6122435331344604
p0123,p0124,4,0.5764414072036743
p0123,p0128,5,0.548019289970398
p0124,p0128,1,0.9223646521568298
p0124,p0123,2,0.5764414072036743
p0124,p0133,3,0.5548270344734192
p0124,p0138,4,0.5495664477348328
p0124,p0127,5,0.5424508452415466
p0125,p0129,1,0.9193564057350159
p0125,p0138,2,0.778141975402832
p0125,p0133,3,0.5806581974029541
p0125,p0127,4,0.5793320536613464
p0125,p0124,5,0.5384162664413452
p0126,p0122,1,0.8129149079322815
p0126,p0132,2,0.7909117937088013
p0126,p0120,3,0.7357589602470398
p0126,p0121,4,0.7341817617416382
p0126,p0139,5,0.7202070355415344
p0127,p0133,1,0.982029139995575
p0127,p0123,2,0.9253952503204346
p0127,p0138,3,0.6245331168174744
p0127,p0125,4,0.5793320536613464
p0127,p0124,5,0.5424508452415466
p0128,p0124,1,0.9223646521568298
p0128,p0138,2,0.5772312879562378
p0128,p0123,3,0.548019289970398
p0128,p0133,4,0.542972207069397
p0128,p0127,5,0.5360016226768494
p0129,p0125,1,0.9193564057350159
p0129,p0138,2,0.7660200595855713
p0129,p0133,3,0.5055614709854126
p0129,p0127,4,0.49881070852279663
p0129,p0150,5,0.4832095503807068
p0130,p0069,1,0.7082870602607727
p0130,p0132,2,0.7027454972267151
p0130,p1363,3,0.7004411816596985
p0130,p2122,4,0.6941604614257812
p0130,p1371,5,0.680789053440094
p0131,p2129,1,0.6887224316596985
p0131,p0173,2,0.6865930557250977
p0131,p0059,3,0.6611476540565491
p0131,p0103,4,0.6472885012626648
p0131,p0117,5,0.6435503959655762
p0132,p0139,1,0.853549063205719
p0132,p0126,2,0.7909117937088013
p0132,p0121,3,0.7081130146980286
p0132,p0130,4,0.7027454972267151
p0132,p0122,5,0.6082577109336853
p0133,p0127,1,0.982029139995575
p0133,p0123,2,0.9223622679710388
p0133,p0138,3,0.6186121106147766
p0133,p0125,4,0.5806581974029541
p0133,p0124,5,0.5548270344734192
p0134,p0170,1,0.6220105290412903
p0134,p2091,2,0.6037464141845703
p0134,p2064,3,0.6006733775138855
p0134,p2092,4,0.5971397757530212
p0134,p2105,5,0.580903172492981
p0135,p0138,1,0.5030675530433655
p0135,p0128,2,0.46882641315460205
p0135,p0124,3,0.43522775173187256
p0135,p0125,4,0.43106967210769653
p0135,p0127,5,0.4304227828979492
p0136,p0163,1,0.6283981204032898
p0136,p0128,2,0.41107308864593506
p0136,p0138,3,0.409362256526947
p0136,p0182,4,0.4076892137527466
p0136,p2087,5,0.403566837310791
p0137,p0142,1,0.991787314414978
p0137,p2128,2,0.531680703163147
p0137,p0001,3,0.48178696632385254
p0137,p0138,4,0.47610020637512207
p0137,p2096,5,0.46141403913497925
p0138,p0125,1,0.778141975402832
p0138,p0129,2,0.7660200595855713
p0138,p0127,3,0.6245331168174744
p0138,p0133,4,0.6186121106147766
p0138,p0123,5,0.6122435331344604
p0139,p0132,1,0.853549063205719
p0139,p0126,2,0.7202070355415344
p0139,p0130,3,0.6596948504447937
p0139,p0121,4,0.6453219056129456
p0139,p0164,5,0.6256323456764221
p0140,p0169,1,0.7205327153205872
p0140,p0224,2,0.5423598885536194
p0140,p2129,3,0.5208665728569031
p0140,p0225,4,0.5189977884292603
p0140,p0237,5,0.5131846070289612
p0141,p0168,1,0.7941582798957825
p0141,p2101,2,0.5436321496963501
p0141,p2079,3,0.5096427202224731
p0141,p0138,4,0.5015402436256409
p0141,p2110,5,0.49958497285842896
p0142,p0137,1,0.991787314414978
p0142,p2128,2,0.5220775008201599
p0142,p0138,3,0.4859497547149658
p0142,p0001,4,0.47757554054260254
p0142,p2096,5,0.4595372676849365
p0143,p0164,1,0.7434350848197937
p0143,p0155,2,0.7302139401435852
p0143,p0120,3,0.5783347487449646
p0143,p0479,4,0.5354015827178955
p0143,p0121,5,0.524476170539856
p0144,p0156,1,0.8452265858650208
p0144,p0165,2,0.7554687857627869
p0144,p0143,3,0.4877967834472656
p0144,p0158,4,0.4873540997505188
p0144,p1502,5,0.47469234466552734
p0145,p0154,1,0.5390716791152954
p0145,p0167,2,0.4965728521347046
p0145,p0157,3,0.4881066083908081
p0145,p0219,4,0.46526777744293213
p0145,p0159,5,0.4580584764480591
p0146,p0167,1,0.5971463918685913
p0146,p0149,2,0.5779203772544861
p0146,p1464,3,0.5024690628051758
p0146,p1463,4,0.4953033924102783
p0146,p0224,5,0.49282652139663696
p0147,p0158,1,0.7094649076461792
p0147,p0148,2,0.5859017968177795
p0147,p0159,3,0.5710614919662476
p0147,p0496,4,0.3811761736869812
p0147,p0065,5,0.37947356700897217
p0148,p0147,1,0.5859017968177795
p0148,p2126,2,0.5775088667869568
p0148,p0158,3,0.49725842475891113
p0148,p0159,4,0.4837225079536438
p0148,p2131,5,0.45162999629974365
p0149,p0152,1,0.6147927641868591
p0149,p0167,2,0.5923271179199219
p0149,p0146,3,0.5779203772544861
p0149,p0068,4,0.552314043045044
p0149,p1735,5,0.5225396156311035
p0150,p0122,1,0.5544623732566833
p0150,p0129,2,0.4832095503807068
p0150,p0125,3,0.4741644263267517
p0150,p0138,4,0.45785629749298096
p0150,p0121,5,0.45716696977615356
p0151,p0454,1,0.38103270530700684
p0151,p0452,2,0.3680689334869385
p0151,p1245,3,0.3613770008087158
p0151,p0273,4,0.35128235816955566
p0151,p0298,5,0.3352508544921875
p0152,p0149,1,0.6147927641868591
p0152,p0167,2,0.5273237824440002
p0152,p0168,3,0.5163863301277161
p0152,p2022,4,0.45742958784103394
p0152,p0146,5,0.454654335975647
p0153,p0166,1,0.8658354878425598
p0153,p0161,2,0.7445685863494873
p0153,p0228,3,0.4755840301513672
p0153,p0233,4,0.4561063051223755
p0153,p1506,5,0.4114614725112915
p0154,p0280,1,0.6230852007865906
p0154,p0221,2,0.6208469867706299
p0154,p0220,3,0.611297607421875
p0154,p0350,4,0.6060411930084229
p0154,p0442,5,0.6002584099769592
p0155,p0164,1,0.9223486185073853
p0155,p0143,2,0.7302139401435852
p0155,p2129,3,0.5739827752113342
p0155,p0131,4,0.5737168788909912
p0155,p0121,5,0.5632125735282898
p0156,p0165,1,0.9633061289787292
p0156,p0144,2,0.8452265858650208
p0156,p1502,3,0.47784364223480225
p0156,p2058,4,0.4613635540008545
p0156,p0158,5,0.44452494382858276
p0157,p0307,1,0.5783905982971191
p0157,p0326,2,0.5548304319381714
p0157,p0352,3,0.5208187699317932
p0157,p0353,4,0.5121902823448181
p0157,p1308,5,0.5074711441993713
p0158,p0159,1,0.8192514181137085
p0158,p0147,2,0.7094649076461792
p0158,p0148,3,0.49725842475891113
p0158,p0144,4,0.4873540997505188
p0158,p0156,5,0.44452494382858276
p0159,p0158,1,0.8192514181137085
p0159,p0147,2,0.5710614919662476
p0159,p0148,3,0.4837225079536438
p0159,p0144,4,0.4692310094833374
p0159,p0145,5,0.4580584764480591
p0160,p0278,1,0.5076159834861755
p0160,p0268,2,0.5021944642066956
p0160,p0374,3,0.49000537395477295
p0160,p0452,4,0.47061479091644287
p0160,p0055,5,0.46540141105651855
p0161,p0166,1,0.9077613949775696
p0161,p0153,2,0.7445685863494873
p0161,p0228,3,0.48453038930892944
p0161,p0233,4,0.47093772888183594
p0161,p0149,5,0.4183617830276489
p0162,p1282,1,0.49666500091552734
p0162,p1794,2,0.4963937997817993
p0162,p1561,3,0.49381130933761597
p0162,p2115,4,0.44012320041656494
p0162,p1519,5,0.4270329475402832
p0163,p0136,1,0.6283981204032898
p0163,p0167,2,0.5566186904907227
p0163,p0160,3,0.4438017010688782
p0163,p1464,4,0.4245641827583313
p0163,p0374,5,0.3900275230407715
p0164,p0155,1,0.9223486185073853
p0164,p0143,2,0.7434350848197937
p0164,p0139,3,0.6256323456764221
p0164,p0131,4,0.6091495752334595
p0164,p0118,5,0.5957358479499817
p0165,p0156,1,0.9633061289787292
p0165,p0144,2,0.7554687857627869
p0165,p1502,3,0.47035080194473267
p0165,p2058,4,0.4421340227127075
p0165,p0158,5,0.430767297744751
p0166,p0161,1,0.9077613949775696
p0166,p0153,2,0.8658354878425598
p0166,p0228,3,0.47852516174316406
p0166,p0233,4,0.4657399654388428
p0166,p0168,5,0.3798292875289917
p0167,p0146,1,0.5971463918685913
p0167,p0149,2,0.5923271179199219
p0167,p0163,3,0.5566186904907227
p0167,p0152,4,0.5273237824440002
p0167,p0070,5,0.508741557598114
p0168,p0141,1,0.7941582798957825
p0168,p0149,2,0.5168313980102539
p0168,p0152,3,0.5163863301277161
p0168,p0146,4,0.47930026054382324
p0168,p2101,5,0.4677148461341858
p0169,p0140,1,0.7205327153205872
p0169,p0164,2,0.5910986065864563
p0169,p0155,3,0.5166892409324646
p0169,p0143,4,0.5070062279701233
p0169,p0131,5,0.47333914041519165
p0170,p2108,1,0.6786931753158569
p0170,p2094,2,0.6345318555831909
p0170,p2092,3,0.6335892677307129
p0170,p2067,4,0.6287862062454224
p0170,p0134,5,0.6220105290412903
p0171,p0467,1,0.7182033658027649
p0171,p0117,2,0.7091077566146851
p0171,p0013,3,0.6987449526786804
p0171,p0029,4,0.6900691986083984
p0171,p0025,5,0.6816979646682739
p0172,p0175,1,0.5690917372703552
p0172,p0278,2,0.5573651194572449
p0172,p0174,3,0.48462462425231934
p0172,p0171,4,0.47592031955718994
p0172,p0440,5,0.44574010372161865
p0173,p0174,1,0.7818219065666199
p0173,p0238,2,0.6873237490653992
p0173,p0131,3,0.6865930557250977
p0173,p0103,4,0.670238196849823
p0173,p0224,5,0.6693474054336548
p0174,p0173,1,0.7818219065666199
p0174,p0270,2,0.6864492297172546
p0174,p0177,3,0.683054506778717
p0174,p2133,4,0.6692923903465271
p0174,p0171,5,0.6684713959693909
p0175,p0278,1,0.6209718585014343
p0175,p0174,2,0.5709875822067261
p0175,p0172,3,0.5690917372703552
p0175,p0177,4,0.5580220222473145
p0175,p0440,5,0.5422439575195312
p0176,p0177,1,0.5326463580131531
p0176,p0435,2,0.5278795957565308
p0176,p0440,3,0.5170091390609741
p0176,p0438,4,0.5081387162208557
p0176,p0190,5,0.5009668469429016
p0177,p0174,1,0.683054506778717
p0177,p0440,2,0.6766029596328735
p0177,p2131,3,0.6635962128639221
p0177,p2132,4,0.649838924407959
p0177,p0190,5,0.6258290410041809
p0178,p0180,1,0.5887055993080139
p0178,p0186,2,0.5533354878425598
p0178,p0060,3,0.547113299369812
p0178,p0190,4,0.5370449423789978
p0178,p0177,5,0.47782957553863525
p0179,p0185,1,0.8683458566665649
p0179,p0120,2,0.6252961754798889
p0179,p0180,3,0.5931301712989807
p0179,p0189,4,0.5882294178009033
p0179,p0190,5,0.5792628526687622
p0180,p0186,1,0.7693420648574829
p0180,p0179,2,0.5931301712989807
p0180,p0178,3,0.5887055993080139
p0180,p0189,4,0.557856023311615
p0180,p0185,5,0.5542131662368774
p0181,p0188,1,0.664677619934082
p0181,p0187,2,0.6548789143562317
p0181,p2063,3,0.6126764416694641
p0181,p0138,4,0.49729740619659424
p0181,p0106,5,0.49629104137420654
p0182,p0187,1,0.7093120217323303
p0182,p0188,2,0.5976817607879639
p0182,p2087,3,0.5298846364021301
p0182,p0106,4,0.4968762993812561
p0182,p0181,5,0.4818347692489624
p0183,p0436,1,0.8315626978874207
p0183,p0437,2,0.7124136686325073
p0183,p0189,3,0.6664422750473022
p0183,p0438,4,0.6481725573539734
p0183,p0173,5,0.6383794546127319
p0184,p0190,1,0.6786078810691833
p0184,p0189,2,0.5542385578155518
p0184,p0185,3,0.5490225553512573
p0184,p0177,4,0.5410888195037842
p0184,p0423,5,0.5318707227706909
p0185,p0179,1,0.8683458566665649
p0185,p0190,2,0.7237365245819092
p0185,p0189,3,0.6487953662872314
p0185,p0130,4,0.6231258511543274
p0185,p0437,5,0.5814279913902283
p0186,p0180,1,0.7693420648574829
p0186,p0178,2,0.5533354878425598
p0186,p0191,3,0.5058675408363342
p0186,p0189,4,0.4697307348251343
p0186,p2134,5,0.4626607894897461
p0187,p0188,1,0.8036565184593201
p0187,p0182,2,0.7093120217323303
p0187,p0181,3,0.6548789143562317
p0187,p0106,4,0.6365537047386169
p0187,p2084,5,0.5265884399414062
p0188,p0187,1,0.8036565184593201
p0188,p0106,2,0.7064700722694397
p0188,p0181,3,0.664677619934082
p0188,p0109,4,0.6213128566741943
p0188,p0182,5,0.5976817607879639
p0189,p0183,1,0.6664422750473022
p0189,p0190,2,0.6536230444908142
p0189,p0185,3,0.6487953662872314
p0189,p0179,4,0.5882294178009033
p0189,p0437,5,0.5833727121353149
p0190,p0185,1,0.7237365245819092
p0190,p0184,2,0.6786078810691833
p0190,p0189,3,0.6536230444908142
p0190,p0177,4,0.6258290410041809
p0190,p0437,5,0.6098697781562805
p0191,p0209,1,0.583709716796875
p0191,p0207,2,0.5813328623771667
p0191,p0206,3,0.5534117221832275
p0191,p0208,4,0.5510684847831726
p0191,p0247,5,0.537178099155426
p0192,p0444,1,0.6002472639083862
p0192,p2125,2,0.480541467666626
p0192,p2123,3,0.45893383026123047
p0192,p0122,4,0.4571167230606079
p0192,p0482,5,0.44660747051239014
p0193,p0246,1,0.596665620803833
p0193,p0379,2,0.5040024518966675
p0193,p0381,3,0.4891188144683838
p0193,p0307,4,0.4866466522216797
p0193,p0424,5,0.4536944627761841
p0194,p0242,1,0.42013871669769287
p0194,p0193,2,0.405853271484375
p0194,p0443,3,0.40370017290115356
p0194,p0440,4,0.3940856456756592
p0194,p0077,5,0.3881590962409973
p0195,p0198,1,0.8724103569984436
p0195,p0207,2,0.7562706470489502
p0195,p0361,3,0.6943175792694092
p0195,p0209,4,0.6814320087432861
p0195,p0367,5,0.6770743727684021
p0196,p0206,1,0.5987375974655151
p0196,p0197,2,0.574436604976654
p0196,p0209,3,0.5533701181411743
p0196,p0211,4,0.550817608833313
p0196,p0321,5,0.5424348711967468
p0197,p0198,1,0.6634644865989685
p0197,p0195,2,0.6225509643554688
p0197,p0361,3,0.6094393730163574
p0197,p0196,4,0.574436604976654
p0197,p0207,5,0.562241792678833
p0198,p0195,1,0.8724103569984436
p0198,p0207,2,0.7173157334327698
p0198,p0367,3,0.6837164163589478
p0198,p0363,4,0.6752537488937378
p0198,p0197,5,0.6634644865989685
p0199,p0359,1,0.6502597332000732
p0199,p0205,2,0.6257668733596802
p0199,p0206,3,0.6208839416503906
p0199,p0207,4,0.6029755473136902
p0199,p0249,5,0.5859071016311646
p0200,p0201,1,0.8802681565284729
p0200,p0202,2,0.8612240552902222
p0200,p0203,3,0.6501360535621643
p0200,p0353,4,0.328105092048645
p0200,p0205,5,0.3274376392364502
p0201,p0202,1,0.9029404520988464
p0201,p0200,2,0.8802681565284729
p0201,p0203,3,0.6152939200401306
p0201,p0205,4,0.31721144914627075
p0201,p2110,5,0.2863861918449402
p0202,p0201,1,0.9029404520988464
p0202,p0200,2,0.8612240552902222
p0202,p0203,3,0.7103777527809143
p0202,p0546,4,0.32754361629486084
p0202,p2110,5,0.312419056892395
p0203,p0202,1,0.7103777527809143
p0203,p0200,2,0.6501360535621643
p0203,p0201,3,0.6152939200401306
p0203,p0199,4,0.2890823483467102
p0203,p0205,5,0.281762957572937
p0204,p2065,1,0.5997739434242249
p0204,p2085,2,0.5927798748016357
p0204,p2071,3,0.568575918674469
p0204,p2105,4,0.5679369568824768
p0204,p2074,5,0.567160427570343
p0205,p0210,1,0.6957558393478394
p0205,p0207,2,0.6462190747261047
p0205,p0199,3,0.6257668733596802
p0205,p0209,4,0.5693620443344116
p0205,p0208,5,0.5560190081596375
p0206,p0209,1,0.6828000545501709
p0206,p0207,2,0.6509995460510254
p0206,p0359,3,0.6372935175895691
p0206,p0199,4,0.6208839416503906
p0206,p0361,5,0.6100301742553711
p0207,p0208,1,0.8225138783454895
p0207,p0209,2,0.7974380850791931
p0207,p0195,3,0.7562706470489502
p0207,p0210,4,0.7242940664291382
p0207,p0361,5,0.7216927409172058
p0208,p0209,1,0.853747546672821
p0208,p0207,2,0.8225138783454895
p0208,p0367,3,0.6993755102157593
p0208,p0361,4,0.6703586578369141
p0208,p0247,5,0.6360176801681519
p0209,p0208,1,0.853747546672821
p0209,p0207,2,0.7974380850791931
p0209,p0206,3,0.6828000545501709
p0209,p0195,4,0.6814320087432861
p0209,p0364,5,0.6683998703956604
p0210,p0207,1,0.7242940664291382
p0210,p0205,2,0.6957558393478394
p0210,p0209,3,0.6625062227249146
p0210,p0208,4,0.6279571056365967
p0210,p0195,5,0.5924976468086243
p0211,p0206,1,0.607072114944458
p0211,p0208,2,0.5958661437034607
p0211,p0209,3,0.586209774017334
p0211,p2131,4,0.5861285328865051
p0211,p0196,5,0.550817608833313
p0212,p0025,1,0.732684314250946
p0212,p0382,2,0.6700770258903503
p0212,p0215,3,0.6656455397605896
p0212,p0011,4,0.6262744069099426
p0212,p0482,5,0.6045246720314026
p0213,p0386,1,0.6791207194328308
p0213,p0216,2,0.6669720411300659
p0213,p0387,3,0.5900194048881531
p0213,p0388,4,0.5690147876739502
p0213,p0215,5,0.5490680932998657
p0214,p0216,1,0.400915265083313
p0214,p0215,2,0.35345888137817383
p0214,p0379,3,0.3428049683570862
p0214,p0213,4,0.3260573148727417
p0214,p0378,5,0.3053658604621887
p0215,p0382,1,0.7311878204345703
p0215,p0212,2,0.6656455397605896
p0215,p0318,3,0.6500518321990967
p0215,p0442,4,0.6397431492805481
p0215,p0287,5,0.6231136322021484
p0216,p0384,1,0.7198742628097534
p0216,p0386,2,0.6683740615844727
p0216,p0213,3,0.6669720411300659
p0216,p0385,4,0.6481299996376038
p0216,p0393,5,0.6200423836708069
p0217,p0238,1,0.8310832977294922
p0217,p0028,2,0.7749896049499512
p0217,p0058,3,0.7499630451202393
p0217,p0012,4,0.7470560669898987
p0217,p0237,5,0.7460810542106628
p0218,p2013,1,0.7448686957359314
p0218,p1497,2,0.6948911547660828
p0218,p1498,3,0.6670897006988525
p0218,p0219,4,0.6635180711746216
p0218,p1600,5,0.659264862537384
p0219,p0222,1,0.6646272540092468
p0219,p0218,2,0.6635180711746216
p0219,p0237,3,0.660008430480957
p0219,p0225,4,0.6444795727729797
p0219,p2013,5,0.6292962431907654
p0220,p0225,1,0.8608697056770325
p0220,p0237,2,0.8435481190681458
p0220,p0224,3,0.8288120031356812
p0220,p0111,4,0.8141945600509644
p0220,p0221,5,0.81051105260849
p0221,p0220,1,0.81051105260849
p0221,p0224,2,0.7826445698738098
p0221,p0225,3,0.7683759927749634
p0221,p0371,4,0.7348700761795044
p0221,p0243,5,0.730952799320221
p0222,p0225,1,0.8287246823310852
p0222,p0237,2,0.8095572590827942
p0222,p0220,3,0.7782964110374451
p0222,p0248,4,0.7639460563659668
p0222,p0236,5,0.739109992980957
p0223,p0235,1,0.8097392320632935
p0223,p0220,2,0.7668695449829102
p0223,p0224,3,0.7661045789718628
p0223,p0225,4,0.7495150566101074
p0223,p0237,5,0.7456814050674438
p0224,p0220,1,0.8288120031356812
p0224,p0225,2,0.8271550536155701
p0224,p0237,3,0.8019083738327026
p0224,p0221,4,0.7826445698738098
p0224,p0223,5,0.7661045789718628
p0225,p0237,1,0.9209049940109253
p0225,p0220,2,0.8608697056770325
p0225,p0222,3,0.8287246823310852
p0225,p0224,4,0.8271550536155701
p0225,p0236,5,0.8018928170204163
p0226,p0328,1,0.6661297678947449
p0226,p0225,2,0.6338187456130981
p0226,p0326,3,0.632156491279602
p0226,p0331,4,0.6300343871116638
p0226,p0276,5,0.6261410713195801
p0227,p0082,1,0.8175334334373474
p0227,p0229,2,0.7215116620063782
p0227,p0228,3,0.721043586730957
p0227,p0084,4,0.7111965417861938
p0227,p0083,5,0.6815641522407532
p0228,p0227,1,0.721043586730957
p0228,p1506,2,0.6808496713638306
p0228,p1499,3,0.6777180433273315
p0228,p0493,4,0.6715863347053528
p0228,p0082,5,0.6035822033882141
p0229,p0083,1,0.8280083537101746
p0229,p0084,2,0.7501431107521057
p0229,p0230,3,0.7411808371543884
p0229,p0494,4,0.7319605350494385
p0229,p1333,5,0.7219438552856445
p0230,p0494,1,0.8577181100845337
p0230,p0083,2,0.7988731265068054
p0230,p0229,3,0.7411808371543884
p0230,p1333,4,0.7362360954284668
p0230,p1340,5,0.7246739268302917
p0231,p0494,1,0.7524937987327576
p0231,p0081,2,0.7293148636817932
p0231,p0083,3,0.714023232460022
p0231,p1332,4,0.7106257081031799
p0231,p0049,5,0.6982629895210266
p0232,p0069,1,0.72221839427948
p0232,p1375,2,0.7011120915412903
p0232,p1363,3,0.699074923992157
p0232,p1332,4,0.6894640922546387
p0232,p1343,5,0.679685115814209
p0233,p1510,1,0.5097850561141968
p0233,p2118,2,0.49588823318481445
p0233,p0049,3,0.4944533109664917
p0233,p2051,4,0.473919153213501
p0233,p2045,5,0.47132158279418945
p0234,p0495,1,0.5852528810501099
p0234,p2050,2,0.5810126066207886
p0234,p2118,3,0.5784465074539185
p0234,p2056,4,0.5741202235221863
p0234,p0063,5,0.5713976621627808
p0235,p0223,1,0.8097392320632935
p0235,p0220,2,0.7397289276123047
p0235,p0028,3,0.7221949100494385
p0235,p0224,4,0.7043765783309937
p0235,p0225,5,0.6987870335578918
p0236,p0441,1,0.9135861992835999
p0236,p0111,2,0.8558775782585144
p0236,p0239,3,0.8521730303764343
p0236,p0320,4,0.8480920195579529
p0236,p0313,5,0.841824471950531
p0237,p0225,1,0.9209049940109253
p0237,p0220,2,0.8435481190681458
p0237,p0222,3,0.8095572590827942
p0237,p0224,4,0.8019083738327026
p0237,p0111,5,0.7710554599761963
p0238,p0217,1,0.8310832977294922
p0238,p0028,2,0.8244807720184326
p0238,p0103,3,0.8149627447128296
p0238,p0058,4,0.8016906380653381
p0238,p0003,5,0.8016253709793091
p0239,p0441,1,0.8675299286842346
p0239,p0236,2,0.8521730303764343
p0239,p0111,3,0.8352962136268616
p0239,p0243,4,0.8070561289787292
p0239,p0313,5,0.7914773225784302
p0240,p0241,1,0.8721184730529785
p0240,p0442,2,0.8202909231185913
p0240,p0443,3,0.7864143252372742
p0240,p0371,4,0.7823010683059692
p0240,p0004,5,0.7812187671661377
p0241,p0240,1,0.8721184730529785
p0241,p0443,2,0.8571608066558838
p0241,p0441,3,0.8044114708900452
p0241,p0004,4,0.7859373092651367
p0241,p0243,5,0.7684694528579712
p0242,p0443,1,0.8966380953788757
p0242,p0243,2,0.8417360782623291
p0242,p0441,3,0.8273000121116638
p0242,p0428,4,0.7802265882492065
p0242,p0241,5,0.7593299150466919
p0243,p0441,1,0.8802594542503357
p0243,p0443,2,0.8567857146263123
p0243,p0242,3,0.8417360782623291
p0243,p0427,4,0.8248105645179749
p0243,p0239,5,0.8070561289787292
p0244,p0084,1,0.7726079821586609
p0244,p0081,2,0.7526860237121582
p0244,p0083,3,0.7425441741943359
p0244,p0441,4,0.7309244871139526
p0244,p0241,5,0.726636528968811
p0245,p0238,1,0.7604143619537354
p0245,p0236,2,0.7156529426574707
p0245,p0360,3,0.7071146965026855
p0245,p0362,4,0.706229031085968
p0245,p0370,5,0.690325140953064
p0246,p0193,1,0.596665620803833
p0246,p0307,2,0.5399863123893738
p0246,p0280,3,0.538145899772644
p0246,p0295,4,0.5234472751617432
p0246,p0381,5,0.5142643451690674
p0247,p0367,1,0.7525694966316223
p0247,p0260,2,0.6368488669395447
p0247,p0208,3,0.6360176801681519
p0247,p0359,4,0.6021893620491028
p0247,p0345,5,0.5994976162910461
p0248,p0222,1,0.7639460563659668
p0248,p0441,2,0.7532314658164978
p0248,p0236,3,0.7362233996391296
p0248,p0225,4,0.720118522644043
p0248,p0243,5,0.7188653945922852
p0249,p0359,1,0.8278650641441345
p0249,p0266,2,0.797146737575531
p0249,p0363,3,0.7547476291656494
p0249,p0250,4,0.7481820583343506
p0249,p0262,5,0.7359827160835266
p0250,p0262,1,0.814822256565094
p0250,p0274,2,0.7750939130783081
p0250,p0257,3,0.7610140442848206
p0250,p0249,4,0.7481820583343506
p0250,p0260,5,0.7230865359306335
p0251,p0301,1,0.5201020836830139
p0251,p0249,2,0.5000728368759155
p0251,p0388,3,0.48383522033691406
p0251,p0393,4,0.4797325134277344
p0251,p0303,5,0.47068941593170166
p0252,p0430,1,0.6464444398880005
p0252,p0249,2,0.6297392249107361
p0252,p0345,3,0.6124462485313416
p0252,p2107,4,0.6010063290596008
p0252,p0250,5,0.590387225151062
p0253,p0267,1,0.7809773683547974
p0253,p0255,2,0.7599028944969177
p0253,p0256,3,0.7352613210678101
p0253,p0333,4,0.7184563875198364
p0253,p0283,5,0.7087611556053162
p0254,p0120,1,0.6096367239952087
p0254,p0445,2,0.6089308857917786
p0254,p0126,3,0.5537095069885254
p0254,p0430,4,0.5345674753189087
p0254,p0427,5,0.5031745433807373
p0255,p0356,1,0.835456371307373
p0255,p0342,2,0.8070680499076843
p0255,p0357,3,0.7853454947471619
p0255,p0253,4,0.7599028944969177
p0255,p0343,5,0.7410637140274048
p0256,p0267,1,0.7930533289909363
p0256,p0253,2,0.7352613210678101
p0256,p0272,3,0.6881284713745117
p0256,p0255,4,0.6852362751960754
p0256,p0260,5,0.6832942962646484
p0257,p0250,1,0.7610140442848206
p0257,p0258,2,0.7600877285003662
p0257,p0267,3,0.7542500495910645
p0257,p0262,4,0.7524531483650208
p0257,p0260,5,0.7158495783805847
p0258,p0259,1,0.7989839911460876
p0258,p0257,2,0.7600877285003662
p0258,p0250,3,0.6870187520980835
p0258,p0262,4,0.6678566336631775
p0258,p0274,5,0.666637122631073
p0259,p0258,1,0.7989839911460876
p0259,p0277,2,0.7430495619773865
p0259,p0257,3,0.6794366836547852
p0259,p0260,4,0.6228030920028687
p0259,p0267,5,0.6112207770347595
p0260,p0267,1,0.7351623773574829
p0260,p0262,2,0.7269687652587891
p0260,p0250,3,0.7230865359306335
p0260,p0257,4,0.7158495783805847
p0260,p0272,5,0.7137725949287415
p0261,p0267,1,0.7513730525970459
p0261,p0272,2,0.7070066928863525
p0261,p0369,3,0.6959720253944397
p0261,p0253,4,0.6868173480033875
p0261,p0257,5,0.6867957711219788
p0262,p0250,1,0.814822256565094
p0262,p0257,2,0.7524531483650208
p0262,p0274,3,0.7499073147773743
p0262,p0249,4,0.7359827160835266
p0262,p0260,5,0.7269687652587891
p0263,p0274,1,0.7561240196228027
p0263,p0262,2,0.6666459441184998
p0263,p0250,3,0.660783052444458
p0263,p0257,4,0.5991050004959106
p0263,p0260,5,0.596474289894104
p0264,p0265,1,0.6784775853157043
p0264,p0299,2,0.6712647080421448
p0264,p0363,3,0.643032431602478
p0264,p0266,4,0.6343494653701782
p0264,p0364,5,0.6340901851654053
p0265,p0264,1,0.6784775853157043
p0265,p0266,2,0.6423192620277405
p0265,p0262,3,0.6196975708007812
p0265,p0360,4,0.6177591681480408
p0265,p0361,5,0.6176319718360901
p0266,p0363,1,0.8974511623382568
p0266,p0359,2,0.8128160238265991
p0266,p0249,3,0.797146737575531
p0266,p0364,4,0.7509567737579346
p0266,p0262,5,0.6734240651130676
p0267,p0256,1,0.7930533289909363
p0267,p0272,2,0.7839997410774231
p0267,p0253,3,0.7809773683547974
p0267,p0257,4,0.7542500495910645
p0267,p0261,5,0.7513730525970459
p0268,p0598,1,0.6615731120109558
p0268,p0064,2,0.6293623447418213
p0268,p0295,3,0.5977057814598083
p0268,p0296,4,0.5919619798660278
p0268,p0088,5,0.5832673907279968
p0269,p0356,1,0.6932470798492432
p0269,p0342,2,0.6782441735267639
p0269,p0352,3,0.6267120838165283
p0269,p0334,4,0.621016800403595
p0269,p0255,5,0.6047183871269226
p0270,p0243,1,0.7122417092323303
p0270,p0238,2,0.6995993256568909
p0270,p0257,3,0.6973551511764526
p0270,p0239,4,0.6946107745170593
p0270,p0174,5,0.6864492297172546
p0271,p0272,1,0.7900663614273071
p0271,p0275,2,0.7023329138755798
p0271,p0267,3,0.694932758808136
p0271,p0253,4,0.6351243853569031
p0271,p0261,5,0.6190819144248962
p0272,p0271,1,0.7900663614273071
p0272,p0267,2,0.7839997410774231
p0272,p0260,3,0.7137725949287415
p0272,p0253,4,0.708247184753418
p0272,p0261,5,0.7070066928863525
p0273,p0372,1,0.6050177216529846
p0273,p0302,2,0.5932830572128296
p0273,p0315,3,0.5175702571868896
p0273,p0394,4,0.5012457966804504
p0273,p0322,5,0.4757474660873413
p0274,p0250,1,0.7750939130783081
p0274,p0263,2,0.7561240196228027
p0274,p0262,3,0.7499073147773743
p0274,p0257,4,0.6706482172012329
p0274,p0258,5,0.666637122631073
p0275,p0499,1,0.7226638793945312
p0275,p0271,2,0.7023329138755798
p0275,p0331,3,0.6749669909477234
p0275,p0112,4,0.6735172271728516
p0275,p0253,5,0.6668184399604797
p0276,p0329,1,0.715268611907959
p0276,p0333,2,0.6593965888023376
p0276,p0326,3,0.6380468010902405
p0276,p0328,4,0.6284071207046509
p0276,p0226,5,0.6261410713195801
p0277,p0259,1,0.7430495619773865
p0277,p0260,2,0.6782593727111816
p0277,p0258,3,0.6161136627197266
p0277,p0262,4,0.6089982390403748
p0277,p0261,5,0.6042996644973755
p0278,p2131,1,0.757074236869812
p0278,p0175,2,0.6209718585014343
p0278,p2133,3,0.5672970414161682
p0278,p0174,4,0.565956711769104
p0278,p0172,5,0.5573651194572449
p0279,p0052,1,0.4904060363769531
p0279,p0408,2,0.48599839210510254
p0279,p0407,3,0.4796783924102783
p0279,p0410,4,0.4784431457519531
p0279,p2116,5,0.47264647483825684
p0280,p0088,1,0.7121962904930115
p0280,p0154,2,0.6230852007865906
p0280,p0220,3,0.613103985786438
p0280,p0318,4,0.593694806098938
p0280,p1337,5,0.5930629968643188
p0281,p0083,1,0.6410117745399475
p0281,p0283,2,0.630795955657959
p0281,p1337,3,0.610916018486023
p0281,p1364,4,0.6056912541389465
p0281,p1352,5,0.5917978882789612
p0282,p0290,1,0.5232120156288147
p0282,p0394,2,0.4835861921310425
p0282,p0289,3,0.4690743684768677
p0282,p0263,4,0.4661754369735718
p0282,p0295,5,0.44737493991851807
p0283,p0253,1,0.7087611556053162
p0283,p0369,2,0.6795575022697449
p0283,p0261,3,0.6663337349891663
p0283,p0267,4,0.6632223725318909
p0283,p0499,5,0.6340585947036743
p0284,p0287,1,0.8130050301551819
p0284,p0238,2,0.7521987557411194
p0284,p0028,3,0.7307568192481995
p0284,p0217,4,0.7287400364875793
p0284,p0370,5,0.697974681854248
p0285,p0288,1,0.7043436169624329
p0285,p0317,2,0.6736887097358704
p0285,p0315,3,0.6410467624664307
p0285,p0322,4,0.6389193534851074
p0285,p0287,5,0.6144526600837708
p0286,p0310,1,0.8059342503547668
p0286,p0317,2,0.7909349203109741
p0286,p0322,3,0.740873396396637
p0286,p0315,4,0.7275312542915344
p0286,p0316,5,0.7017847299575806
p0287,p0284,1,0.8130050301551819
p0287,p0442,2,0.7583396434783936
p0287,p0318,3,0.7310870289802551
p0287,p0248,4,0.7157345414161682
p0287,p0443,5,0.705779492855072
p0288,p0285,1,0.7043436169624329
p0288,p0284,2,0.657602846622467
p0288,p0275,3,0.6284133791923523
p0288,p0287,4,0.6245223879814148
p0288,p0286,5,0.6156565546989441
p0289,p1861,1,0.63685542345047
p0289,p0294,2,0.6211430430412292
p0289,p0112,3,0.6173099875450134
p0289,p0998,4,0.6021614074707031
p0289,p0499,5,0.59671550989151
p0290,p0287,1,0.6870259642601013
p0290,p0248,2,0.6838512420654297
p0290,p0111,3,0.6506242752075195
p0290,p0243,4,0.6431021094322205
p0290,p0441,5,0.6333437561988831
p0291,p2043,1,0.6265223622322083
p0291,p2057,2,0.6240535378456116
p0291,p0443,3,0.5755430459976196
p0291,p0280,4,0.5738832354545593
p0291,p1499,5,0.5719100832939148
p0292,p0293,1,0.7929767370223999
p0292,p2037,2,0.6047554016113281
p0292,p1392,3,0.5960482954978943
p0292,p2033,4,0.59051114320755
p0292,p1512,5,0.5705235600471497
p0293,p0292,1,0.7929767370223999
p0293,p2037,2,0.5766530632972717
p0293,p1512,3,0.560279905796051
p0293,p2033,4,0.555153489112854
p0293,p0289,5,0.5421007871627808
p0294,p0289,1,0.6211430430412292
p0294,p0288,2,0.5457092523574829
p0294,p0291,3,0.5371128916740417
p0294,p0078,4,0.5259793996810913
p0294,p0219,5,0.512381374835968
p0295,p0296,1,0.7101941108703613
p0295,p0116,2,0.696174681186676
p0295,p0239,3,0.6920865774154663
p0295,p0237,4,0.6834190487861633
p0295,p0225,5,0.6830913424491882
p0296,p0375,1,0.715295135974884
p0296,p0028,2,0.7144670486450195
p0296,p0295,3,0.7101941108703613
p0296,p0237,4,0.7055264115333557
p0296,p0103,5,0.7021363377571106
p0297,p0298,1,0.6898887753486633
p0297,p0393,2,0.6411115527153015
p0297,p0392,3,0.5698582530021667
p0297,p0306,4,0.5652411580085754
p0297,p0299,5,0.5465378761291504
p0298,p0297,1,0.6898887753486633
p0298,p0395,2,0.6235687136650085
p0298,p0364,3,0.6225643157958984
p0298,p0362,4,0.6027604341506958
p0298,p0306,5,0.5985047221183777
p0299,p0264,1,0.6712647080421448
p0299,p0364,2,0.5931112766265869
p0299,p0363,3,0.5870799422264099
p0299,p0298,4,0.5864059925079346
p0299,p0265,5,0.5786394476890564
p0300,p0304,1,0.6912796497344971
p0300,p2098,2,0.5367853045463562
p0300,p2067,3,0.5337677001953125
p0300,p2099,4,0.532122790813446
p0300,p0306,5,0.5165197849273682
p0301,p0303,1,0.7956328392028809
p0301,p0306,2,0.7008584141731262
p0301,p0341,3,0.6591038703918457
p0301,p0358,4,0.6391136646270752
p0301,p0344,5,0.6194085478782654
p0302,p0387,1,0.6206676363945007
p0302,p0273,2,0.5932830572128296
p0302,p0359,3,0.5782382488250732
p0302,p0303,4,0.5692852139472961
p0302,p0321,5,0.5688512921333313
p0303,p0301,1,0.7956328392028809
p0303,p0358,2,0.7663543820381165
p0303,p0344,3,0.7509403228759766
p0303,p0341,4,0.744820237159729
p0303,p0348,5,0.7405291795730591
p0304,p0306,1,0.7119340896606445
p0304,p0300,2,0.6912796497344971
p0304,p0305,3,0.6898298263549805
p0304,p2071,4,0.631210207939148
p0304,p2090,5,0.6252194046974182
p0305,p0304,1,0.6898298263549805
p0305,p0306,2,0.5924615859985352
p0305,p2090,3,0.5502142310142517
p0305,p2071,4,0.5473572611808777
p0305,p0301,5,0.5157756209373474
p0306,p0304,1,0.7119340896606445
p0306,p0301,2,0.7008584141731262
p0306,p0303,3,0.6389131546020508
p0306,p0359,4,0.6261111497879028
p0306,p0249,5,0.6048752665519714
p0307,p0381,1,0.5986021757125854
p0307,p0157,2,0.5783905982971191
p0307,p0246,3,0.5399863123893738
p0307,p0303,4,0.537934422492981
p0307,p0387,5,0.5298886895179749
p0308,p0322,1,0.5591558218002319
p0308,p0315,2,0.5423667430877686
p0308,p0310,3,0.5390016436576843
p0308,p0309,4,0.5272340774536133
p0308,p0311,5,0.5237971544265747
p0309,p0286,1,0.6984811425209045
p0309,p0332,2,0.6653915047645569
p0309,p0331,3,0.6467564105987549
p0309,p0312,4,0.6330071687698364
p0309,p0316,5,0.6317850351333618
p0310,p0286,1,0.8059342503547668
p0310,p0347,2,0.7563771605491638
p0310,p0337,3,0.7470314502716064
p0310,p0335,4,0.7351498603820801
p0310,p0322,5,0.7203261256217957
p0311,p0240,1,0.7626140713691711
p0311,p0312,2,0.7040801048278809
p0311,p0223,3,0.6580468416213989
p0311,p0224,4,0.6429605484008789
p0311,p0371,5,0.6251505017280579
p0312,p0311,1,0.7040801048278809
p0312,p0310,2,0.6873267292976379
p0312,p0286,3,0.6714718341827393
p0312,p0323,4,0.6623488664627075
p0312,p0316,5,0.6605675220489502
p0313,p0320,1,0.982676088809967
p0313,p0236,2,0.841824471950531
p0313,p0111,3,0.814777672290802
p0313,p0058,4,0.7949436902999878
p0313,p0239,5,0.7914773225784302
p0314,p0321,1,0.9275436997413635
p0314,p0324,2,0.6807177662849426
p0314,p0387,3,0.6548571586608887
p0314,p0319,4,0.6532046794891357
p0314,p0248,5,0.6496444940567017
p0315,p0322,1,0.9453677535057068
p0315,p0347,2,0.7988631129264832
p0315,p0335,3,0.7804538011550903
p0315,p0324,4,0.7787573933601379
p0315,p0317,5,0.7517979145050049
p0316,p0323,1,0.9853827357292175
p0316,p0107,2,0.7264909744262695
p0316,p0110,3,0.726309597492218
p0316,p0494,4,0.712655246257782
p0316,p0286,5,0.7017847299575806
p0317,p0286,1,0.7909349203109741
p0317,p0324,2,0.7830674648284912
p0317,p0319,3,0.7720105648040771
p0317,p0322,4,0.7698007225990295
p0317,p0315,5,0.7517979145050049
p0318,p0442,1,0.961298942565918
p0318,p0443,2,0.8418942093849182
p0318,p0243,3,0.7411795854568481
p0318,p0287,4,0.7310870289802551
p0318,p0240,5,0.7182503938674927
p0319,p0324,1,0.958907961845398
p0319,p0317,2,0.7720105648040771
p0319,p0322,3,0.7629535794258118
p0319,p0315,4,0.7468709349632263
p0319,p0347,5,0.6904594898223877
p0320,p0313,1,0.982676088809967
p0320,p0236,2,0.8480920195579529
p0320,p0111,3,0.8233000636100769
p0320,p0058,4,0.8139367699623108
p0320,p0104,5,0.8111940622329712
p0321,p0314,1,0.9275436997413635
p0321,p0324,2,0.6997371315956116
p0321,p0319,3,0.6766006350517273
p0321,p0317,4,0.6739123463630676
p0321,p0387,5,0.6691751480102539
p0322,p0315,1,0.9453677535057068
p0322,p0324,2,0.8062721490859985
p0322,p0347,3,0.8045980334281921
p0322,p0317,4,0.7698007225990295
p0322,p0319,5,0.7629535794258118
p0323,p0316,1,0.9853827357292175
p0323,p0494,2,0.7203655242919922
p0323,p0107,3,0.7191763520240784
p0323,p0110,4,0.7190548181533813
p0323,p0083,5,0.7072638869285583
p0324,p0319,1,0.958907961845398
p0324,p0322,2,0.8062721490859985
p0324,p0317,3,0.7830674648284912
p0324,p0315,4,0.7787573933601379
p0324,p0347,5,0.7111939191818237
p0325,p0359,1,0.6924579739570618
p0325,p0266,2,0.657122790813446
p0325,p0249,3,0.6411498785018921
p0325,p0363,4,0.5233070850372314
p0325,p0274,5,0.510360062122345
p0326,p0333,1,0.6963455677032471
p0326,p0343,2,0.6862331628799438
p0326,p0341,3,0.6759263277053833
p0326,p0331,4,0.6718672513961792
p0326,p0356,5,0.6615029573440552
p0327,p0333,1,0.7431952953338623
p0327,p0331,2,0.6950443983078003
p0327,p0336,3,0.6896830201148987
p0327,p0328,4,0.6745443940162659
p0327,p0339,5,0.6372621655464172
p0328,p0327,1,0.6745443940162659
p0328,p0226,2,0.6661297678947449
p0328,p0326,3,0.6612897515296936
p0328,p0276,4,0.6284071207046509
p0328,p0333,5,0.620600700378418
p0329,p0276,1,0.715268611907959
p0329,p0376,2,0.5367407202720642
p0329,p2065,3,0.5215269923210144
p0329,p2063,4,0.5132835507392883
p0329,p0134,5,0.5130786299705505
p0330,p0328,1,0.4893767237663269
p0330,p0331,2,0.486328125
p0330,p0285,3,0.48152005672454834
p0330,p0350,4,0.4776418209075928
p0330,p0371,5,0.4563538432121277
p0331,p0333,1,0.7410745024681091
p0331,p0313,2,0.7123676538467407
p0331,p0320,3,0.6961184740066528
p0331,p0327,4,0.6950443983078003
p0331,p0236,5,0.6946941614151001
p0332,p0111,1,0.8973232507705688
p0332,p0058,2,0.8088598251342773
p0332,p0236,3,0.7837710380554199
p0332,p0105,4,0.7799023985862732
p0332,p0104,5,0.7781744599342346
p0333,p0327,1,0.7431952953338623
p0333,p0331,2,0.7410745024681091
p0333,p0253,3,0.7184563875198364
p0333,p0326,4,0.6963455677032471
p0333,p0256,5,0.6690692901611328
p0334,p0343,1,0.748816967010498
p0334,p0346,2,0.7323976159095764
p0334,p0357,3,0.7187823057174683
p0334,p0356,4,0.7120477557182312
p0334,p0342,5,0.6905951499938965
p0335,p0347,1,0.8622713088989258
p0335,p0348,2,0.8349702954292297
p0335,p0315,3,0.7804538011550903
p0335,p0322,4,0.743994414806366
p0335,p0310,5,0.7351498603820801
p0336,p0327,1,0.6896830201148987
p0336,p0340,2,0.5965062379837036
p0336,p0328,3,0.5852169394493103
p0336,p0331,4,0.5431799292564392
p0336,p0352,5,0.5213265419006348
p0337,p0349,1,0.9643266201019287
p0337,p0310,2,0.7470314502716064
p0337,p0347,3,0.710110068321228
p0337,p0335,4,0.6718139052391052
p0337,p0286,5,0.635535478591919
p0338,p0350,1,0.9776594638824463
p0338,p0154,2,0.5792908072471619
p0338,p0382,3,0.5711525678634644
p0338,p0309,4,0.5681641101837158
p0338,p0442,5,0.5399593114852905
p0339,p0351,1,0.9531306028366089
p0339,p0327,2,0.6372621655464172
p0339,p0331,3,0.5967938899993896
p0339,p0275,4,0.5839383602142334
p0339,p0326,5,0.5014308094978333
p0340,p0336,1,0.5965062379837036
p0340,p0328,2,0.5541435480117798
p0340,p0327,3,0.5490110516548157
p0340,p0307,4,0.5287787914276123
p0340,p0399,5,0.5267033576965332
p0341,p0303,1,0.744820237159729
p0341,p0355,2,0.7384510636329651
p0341,p0357,3,0.7128673195838928
p0341,p0343,4,0.708831787109375
p0341,p0352,5,0.690040111541748
p0342,p0356,1,0.9696873426437378
p0342,p0255,2,0.8070680499076843
p0342,p0343,3,0.7625080347061157
p0342,p0357,4,0.7008112072944641
p0342,p0334,5,0.6905951499938965
p0343,p0357,1,0.9301878213882446
p0343,p0342,2,0.7625080347061157
p0343,p0334,3,0.748816967010498
p0343,p0255,4,0.7410637140274048
p0343,p0356,5,0.7277399897575378
p0344,p0358,1,0.993674099445343
p0344,p0303,2,0.7509403228759766
p0344,p0343,3,0.7157792448997498
p0344,p0357,4,0.6837329864501953
p0344,p0355,5,0.6464032530784607
p0345,p0346,1,0.752888023853302
p0345,p0334,2,0.6798906326293945
p0345,p0357,3,0.6723148226737976
p0345,p0343,4,0.6625584363937378
p0345,p0358,5,0.6467620134353638
p0346,p0345,1,0.752888023853302
p0346,p0334,2,0.7323976159095764
p0346,p0343,3,0.6436689496040344
p0346,p0357,4,0.6301925778388977
p0346,p0208,5,0.6173806190490723
p0347,p0335,1,0.8622713088989258
p0347,p0322,2,0.8045980334281921
p0347,p0315,3,0.7988631129264832
p0347,p0310,4,0.7563771605491638
p0347,p0317,5,0.7454356551170349
p0348,p0335,1,0.8349702954292297
p0348,p0303,2,0.7405291795730591
p0348,p0310,3,0.616146981716156
p0348,p0355,4,0.6005125045776367
p0348,p0358,5,0.5990861654281616
p0349,p0337,1,0.9643266201019287
p0349,p0310,2,0.7057412266731262
p0349,p0347,3,0.6687268614768982
p0349,p1111,4,0.6631949543952942
p0349,p0335,5,0.6271481513977051
p0350,p0338,1,0.9776594638824463
p0350,p0154,2,0.6060411930084229
p0350,p0309,3,0.5744823813438416
p0350,p0382,4,0.5557667016983032
p0350,p0442,5,0.5319772362709045
p0351,p0339,1,0.9531306028366089
p0351,p0327,2,0.6214762330055237
p0351,p0331,3,0.6210163235664368
p0351,p0275,4,0.6136341691017151
p0351,p0271,5,0.512052595615387
p0352,p0354,1,0.7474185824394226
p0352,p0353,2,0.7408758401870728
p0352,p0356,3,0.7045528888702393
p0352,p0341,4,0.690040111541748
p0352,p0342,5,0.6883857846260071
p0353,p0354,1,0.8892316818237305
p0353,p0352,2,0.7408758401870728
p0353,p0312,3,0.5237970948219299
p0353,p0157,4,0.5121902823448181
p0353,p0349,5,0.5037491917610168
p0354,p0353,1,0.8892316818237305
p0354,p0352,2,0.7474185824394226
p0354,p0312,3,0.6124915480613708
p0354,p0310,4,0.5477312207221985
p0354,p0309,5,0.4895331859588623
p0355,p0341,1,0.7384510636329651
p0355,p0303,2,0.7153366804122925
p0355,p0352,3,0.6652491092681885
p0355,p0357,4,0.6489598751068115
p0355,p0344,5,0.6464032530784607
p0356,p0342,1,0.9696873426437378
p0356,p0255,2,0.835456371307373
p0356,p0343,3,0.7277399897575378
p0356,p0357,4,0.7244555354118347
p0356,p0334,5,0.7120477557182312
p0357,p0343,1,0.9301878213882446
p0357,p0255,2,0.7853454947471619
p0357,p0356,3,0.7244555354118347
p0357,p0334,4,0.7187823057174683
p0357,p0341,5,0.7128673195838928
p0358,p0344,1,0.993674099445343
p0358,p0303,2,0.7663543820381165
p0358,p0343,3,0.7118389010429382
p0358,p0357,4,0.6773681044578552
p0358,p0394,5,0.6556785106658936
p0359,p0249,1,0.8278650641441345
p0359,p0266,2,0.8128160238265991
p0359,p0363,3,0.7745175957679749
p0359,p0325,4,0.6924579739570618
p0359,p0367,5,0.6812641620635986
p0360,p0361,1,0.8458362221717834
p0360,p0362,2,0.7882816195487976
p0360,p0243,3,0.7630704641342163
p0360,p0441,4,0.7372524738311768
p0360,p0245,5,0.7071146965026855
p0361,p0360,1,0.8458362221717834
p0361,p0207,2,0.7216927409172058
p0361,p0243,3,0.6987524628639221
p0361,p0195,4,0.6943175792694092
p0361,p0441,5,0.6941550374031067
p0362,p0360,1,0.7882816195487976
p0362,p0245,2,0.706229031085968
p0362,p0368,3,0.703153669834137
p0362,p0363,4,0.7010399699211121
p0362,p0364,5,0.6979309916496277
p0363,p0266,1,0.8974511623382568
p0363,p0364,2,0.8017306923866272
p0363,p0359,3,0.7745175957679749
p0363,p0249,4,0.7547476291656494
p0363,p0367,5,0.7091494798660278
p0364,p0363,1,0.8017306923866272
p0364,p0266,2,0.7509567737579346
p0364,p0367,3,0.7113222479820251
p0364,p0362,4,0.6979309916496277
p0364,p0209,5,0.6683998703956604
p0365,p0363,1,0.6509746313095093
p0365,p0367,2,0.639771580696106
p0365,p0362,3,0.6210249066352844
p0365,p0364,4,0.6176671385765076
p0365,p0430,5,0.5743001103401184
p0366,p0441,1,0.7248138785362244
p0366,p0241,2,0.653691828250885
p0366,p0443,3,0.6513519287109375
p0366,p0236,4,0.6434798240661621
p0366,p0239,5,0.6389080882072449
p0367,p0247,1,0.7525694966316223
p0367,p0207,2,0.7213851809501648
p0367,p0364,3,0.7113222479820251
p0367,p0363,4,0.7091494798660278
p0367,p0208,5,0.6993755102157593
p0368,p0243,1,0.7108553647994995
p0368,p0362,2,0.703153669834137
p0368,p0441,3,0.6916937828063965
p0368,p0360,4,0.6891528964042664
p0368,p0236,5,0.6756097078323364
p0369,p0261,1,0.6959720253944397
p0369,p0283,2,0.6795575022697449
p0369,p0253,3,0.6651987433433533
p0369,p0267,4,0.6424353718757629
p0369,p0333,5,0.6117897629737854
p0370,p0103,1,0.809748649597168
p0370,p0028,2,0.7728927731513977
p0370,p0238,3,0.7615957260131836
p0370,p0217,4,0.7398595809936523
p0370,p0058,5,0.7315978407859802
p0371,p0240,1,0.7823010683059692
p0371,p0103,2,0.7812161445617676
p0371,p0028,3,0.7586140036582947
p0371,p0224,4,0.7485842704772949
p0371,p0220,5,0.7468046545982361
p0372,p0374,1,0.6990553140640259
p0372,p0315,2,0.6450085043907166
p0372,p0322,3,0.6295934915542603
p0372,p0286,4,0.6087098717689514
p0372,p0309,5,0.6056216359138489
p0373,p0374,1,0.5960108637809753
p0373,p0276,2,0.5167062878608704
p0373,p0329,3,0.5074034333229065
p0373,p0372,4,0.48721903562545776
p0373,p0095,5,0.4829680919647217
p0374,p0372,1,0.6990553140640259
p0374,p0311,2,0.62008136510849
p0374,p0312,3,0.6036103367805481
p0374,p0373,4,0.5960108637809753
p0374,p0371,5,0.5875304341316223
p0375,p0296,1,0.715295135974884
p0375,p0028,2,0.7024959325790405
p0375,p0237,3,0.6700155735015869
p0375,p0003,4,0.6652601957321167
p0375,p0225,5,0.659883975982666
p0376,p2105,1,0.6281788349151611
p0376,p2103,2,0.6223046779632568
p0376,p0276,3,0.5945054292678833
p0376,p2090,4,0.5748061537742615
p0376,p2071,5,0.5602416396141052
p0377,p0378,1,0.8292112946510315
p0377,p0380,2,0.7364832758903503
p0377,p0482,3,0.6711046695709229
p0377,p0103,4,0.6600261330604553
p0377,p0003,5,0.6548072099685669
p0378,p0377,1,0.8292112946510315
p0378,p0380,2,0.7770954370498657
p0378,p0382,3,0.6353268027305603
p0378,p0482,4,0.6315627694129944
p0378,p0103,5,0.6193352341651917
p0379,p0381,1,0.618097186088562
p0379,p0380,2,0.6037455201148987
p0379,p0377,3,0.5739458799362183
p0379,p0378,4,0.5554571151733398
p0379,p0215,5,0.5095623731613159
p0380,p0378,1,0.7770954370498657
p0380,p0377,2,0.7364832758903503
p0380,p0468,3,0.6776586174964905
p0380,p0467,4,0.671458899974823
p0380,p0482,5,0.6558080315589905
p0381,p0379,1,0.618097186088562
p0381,p0307,2,0.5986021757125854
p0381,p0359,3,0.535206139087677
p0381,p0001,4,0.5304617881774902
p0381,p0378,5,0.5291162729263306
p0382,p0215,1,0.7311878204345703
p0382,p0006,2,0.7108643054962158
p0382,p0482,3,0.7028223276138306
p0382,p0389,4,0.6941064596176147
p0382,p0025,5,0.6812132000923157
p0383,p0385,1,0.7391800880432129
p0383,p0388,2,0.6712629199028015
p0383,p0393,3,0.6307886242866516
p0383,p0384,4,0.6035717725753784
p0383,p0216,5,0.5506842732429504
p0384,p0216,1,0.7198742628097534
p0384,p0385,2,0.7118811011314392
p0384,p0383,3,0.6035717725753784
p0384,p0386,4,0.582585871219635
p0384,p0391,5,0.5634207725524902
p0385,p0383,1,0.7391800880432129
p0385,p0384,2,0.7118811011314392
p0385,p0386,3,0.6593005061149597
p0385,p0216,4,0.6481299996376038
p0385,p0393,5,0.6090220808982849
p0386,p0213,1,0.6791207194328308
p0386,p0216,2,0.6683740615844727
p0386,p0385,3,0.6593005061149597
p0386,p0483,4,0.5933208465576172
p0386,p0384,5,0.582585871219635
p0387,p0321,1,0.6691751480102539
p0387,p0314,2,0.6548571586608887
p0387,p0302,3,0.6206676363945007
p0387,p0390,4,0.6191210150718689
p0387,p0303,5,0.6009460687637329
p0388,p0390,1,0.6987622976303101
p0388,p0383,2,0.6712629199028015
p0388,p0387,3,0.5936069488525391
p0388,p0385,4,0.584303081035614
p0388,p0386,5,0.5818160176277161
p0389,p0382,1,0.6941064596176147
p0389,p0223,2,0.6859833002090454
p0389,p0248,3,0.6809696555137634
p0389,p0482,4,0.6637154221534729
p0389,p0240,5,0.6492565274238586
p0390,p0388,1,0.6987622976303101
p0390,p0391,2,0.6981990337371826
p0390,p0387,3,0.6191210150718689
p0390,p0389,4,0.6036702394485474
p0390,p0314,5,0.6012908816337585
p0391,p0390,1,0.6981990337371826
p0391,p0389,2,0.5914971232414246
p0391,p0216,3,0.5696982741355896
p0391,p0384,4,0.5634207725524902
p0391,p0388,5,0.5559664964675903
p0392,p0393,1,0.7754056453704834
p0392,p0483,2,0.5740939378738403
p0392,p0297,3,0.5698582530021667
p0392,p0383,4,0.5172228217124939
p0392,p0298,5,0.48920774459838867
p0393,p0392,1,0.7754056453704834
p0393,p0297,2,0.6411115527153015
p0393,p0383,3,0.6307886242866516
p0393,p0216,4,0.6200423836708069
p0393,p0385,5,0.6090220808982849
p0394,p0360,1,0.697269082069397
p0394,p0295,2,0.6766142845153809
p0394,p0361,3,0.6731240153312683
p0394,p0358,4,0.6556785106658936
p0394,p0270,5,0.6448152661323547
p0395,p0298,1,0.6235687136650085
p0395,p0482,2,0.537851870059967
p0395,p0297,3,0.5267432332038879
p0395,p0362,4,0.5134272575378418
p0395,p0465,5,0.5131734013557434
p0396,p0398,1,0.8309983611106873
p0396,p0399,2,0.7978454232215881
p0396,p0410,3,0.7926728129386902
p0396,p0397,4,0.7763006687164307
p0396,p0407,5,0.7471947073936462
p0397,p0398,1,0.856752872467041
p0397,p0400,2,0.8545140624046326
p0397,p0396,3,0.7763006687164307
p0397,p0410,4,0.7602746486663818
p0397,p0412,5,0.7592435479164124
p0398,p0397,1,0.856752872467041
p0398,p0396,2,0.8309983611106873
p0398,p0410,3,0.800066351890564
p0398,p0412,4,0.7849227786064148
p0398,p0399,5,0.7816997766494751
p0399,p0410,1,0.8235812783241272
p0399,p0396,2,0.7978454232215881
p0399,p0398,3,0.7816997766494751
p0399,p0407,4,0.7499812245368958
p0399,p0397,5,0.7427626252174377
p0400,p0397,1,0.8545140624046326
p0400,p0398,2,0.7185307741165161
p0400,p0415,3,0.7026377320289612
p0400,p0467,4,0.6554269194602966
p0400,p0412,5,0.644188642501831
p0401,p2117,1,0.6378398537635803
p0401,p0404,2,0.5052201747894287
p0401,p0403,3,0.46022164821624756
p0401,p0461,4,0.4584094285964966
p0401,p0448,5,0.43262386322021484
p0402,p0400,1,0.6040700674057007
p0402,p0404,2,0.5218401551246643
p0402,p0397,3,0.4724012017250061
p0402,p0398,4,0.4555320739746094
p0402,p0407,5,0.45125746726989746
p0403,p0404,1,0.7000167965888977
p0403,p0328,2,0.5399394631385803
p0403,p0397,3,0.5036737322807312
p0403,p0329,4,0.5036128163337708
p0403,p0400,5,0.4921393394470215
p0404,p0403,1,0.7000167965888977
p0404,p0398,2,0.60100257396698
p0404,p0397,3,0.597736656665802
p0404,p0400,4,0.574517011642456
p0404,p0412,5,0.5425716638565063
p0405,p0446,1,0.5931116342544556
p0405,p0417,2,0.5777028799057007
p0405,p0474,3,0.5582252740859985
p0405,p0475,4,0.5576530694961548
p0405,p0422,5,0.5552935600280762
p0406,p0410,1,0.742712676525116
p0406,p0412,2,0.7400166392326355
p0406,p0408,3,0.7306037545204163
p0406,p0411,4,0.6890958547592163
p0406,p0407,5,0.6798092126846313
p0407,p0410,1,0.8693776726722717
p0407,p0412,2,0.7695716023445129
p0407,p0409,3,0.7612442374229431
p0407,p0399,4,0.7499812245368958
p0407,p0398,5,0.7499202489852905
p0408,p0412,1,0.7721065282821655
p0408,p0410,2,0.7607953548431396
p0408,p0397,3,0.7420645356178284
p0408,p0398,4,0.7403860092163086
p0408,p0407,5,0.7377869486808777
p0409,p0410,1,0.796700656414032
p0409,p0407,2,0.7612442374229431
p0409,p0412,3,0.7609916925430298
p0409,p0411,4,0.735956609249115
p0409,p0408,5,0.7115415930747986
p0410,p0407,1,0.8693776726722717
p0410,p0399,2,0.8235812783241272
p0410,p0412,3,0.8066481351852417
p0410,p0398,4,0.800066351890564
p0410,p0409,5,0.796700656414032
p0411,p0412,1,0.7828571796417236
p0411,p0410,2,0.7557691931724548
p0411,p0397,3,0.7549856901168823
p0411,p0409,4,0.735956609249115
p0411,p0408,5,0.7308706045150757
p0412,p0410,1,0.8066481351852417
p0412,p0398,2,0.7849227786064148
p0412,p0411,3,0.7828571796417236
p0412,p0408,4,0.7721065282821655
p0412,p0407,5,0.7695716023445129
p0413,p0416,1,0.8950885534286499
p0413,p0414,2,0.8864287734031677
p0413,p0415,3,0.7795850038528442
p0413,p0467,4,0.7084250450134277
p0413,p2127,5,0.6787069439888
p0414,p0413,1,0.8864287734031677
p0414,p0416,2,0.8846683502197266
p0414,p0415,3,0.8213807940483093
p0414,p0422,4,0.7070560455322266
p0414,p0467,5,0.6987783312797546
p0415,p0414,1,0.8213807940483093
p0415,p0416,2,0.7944878935813904
p0415,p0413,3,0.7795850038528442
p0415,p0467,4,0.7032343745231628
p0415,p0400,5,0.7026377320289612
p0416,p0413,1,0.8950885534286499
p0416,p0414,2,0.8846683502197266
p0416,p0415,3,0.7944878935813904
p0416,p0467,4,0.7163098454475403
p0416,p0468,5,0.6730887293815613
p0417,p0422,1,0.7760492563247681
p0417,p2127,2,0.588742733001709
p0417,p0414,3,0.5778732895851135
p0417,p0405,4,0.5777028799057007
p0417,p0416,5,0.5604683756828308
p0418,p0419,1,0.5014661550521851
p0418,p0422,2,0.49983441829681396
p0418,p0405,3,0.49940192699432373
p0418,p0093,4,0.4708709716796875
p0418,p0091,5,0.4680452346801758
p0419,p0399,1,0.5861125588417053
p0419,p0396,2,0.5854538679122925
p0419,p0398,3,0.5764979124069214
p0419,p0410,4,0.5664132833480835
p0419,p0408,5,0.551618754863739
p0420,p0705,1,0.5377790331840515
p0420,p1577,2,0.5249651074409485
p0420,p0170,3,0.5201756954193115
p0420,p0465,4,0.5187937021255493
p0420,p1461,5,0.4948469400405884
p0421,p0461,1,0.6046525239944458
p0421,p0405,2,0.5308241844177246
p0421,p0040,3,0.523017168045044
p0421,p0406,4,0.5204777717590332
p0421,p0422,5,0.5109624266624451
p0422,p0417,1,0.7760492563247681
p0422,p0414,2,0.7070560455322266
p0422,p0413,3,0.6237996816635132
p0422,p0416,4,0.6073172092437744
p0422,p0405,5,0.5552935600280762
p0423,p0920,1,0.5440465211868286
p0423,p0184,2,0.5318707227706909
p0423,p0479,3,0.5243557691574097
p0423,p1559,4,0.5239066481590271
p0423,p0430,5,0.5209319591522217
p0424,p0483,1,0.48511648178100586
p0424,p0405,2,0.4777095317840576
p0424,p0246,3,0.4633359909057617
p0424,p0446,4,0.4569810628890991
p0424,p0091,5,0.45420801639556885
p0425,p0426,1,0.7450281381607056
p0425,p0027,2,0.64845210313797
p0425,p0415,3,0.6256855130195618
p0425,p0400,4,0.6174286603927612
p0425,p0467,5,0.5981312394142151
p0426,p0425,1,0.7450281381607056
p0426,p0027,2,0.7264659404754639
p0426,p0014,3,0.6875744462013245
p0426,p0016,4,0.6871361136436462
p0426,p0010,5,0.6835865378379822
p0427,p0243,1,0.8248105645179749
p0427,p0431,2,0.7582370042800903
p0427,p0242,3,0.754111111164093
p0427,p0443,4,0.7508618831634521
p0427,p0441,5,0.7493212223052979
p0428,p0242,1,0.7802265882492065
p0428,p0443,2,0.750816822052002
p0428,p0431,3,0.7443807125091553
p0428,p0243,4,0.74045330286026
p0428,p0440,5,0.7316313982009888
p0429,p0430,1,0.7209760546684265
p0429,p0439,2,0.7158297896385193
p0429,p0428,3,0.7099618911743164
p0429,p0427,4,0.6999838948249817
p0429,p0431,5,0.6952944397926331
p0430,p0429,1,0.7209760546684265
p0430,p0427,2,0.6658530235290527
p0430,p0364,3,0.6501092910766602
p0430,p0252,4,0.6464444398880005
p0430,p0360,5,0.6172005534172058
p0431,p0439,1,0.7635420560836792
p0431,p0427,2,0.7582370042800903
p0431,p0428,3,0.7443807125091553
p0431,p0440,4,0.7165499329566956
p0431,p2114,5,0.7149850726127625
p0432,p0433,1,0.7144950032234192
p0432,p0427,2,0.6659113168716431
p0432,p0431,3,0.6495359539985657
p0432,p0239,4,0.6269620060920715
p0432,p0318,5,0.601732611656189
p0433,p0432,1,0.7144950032234192
p0433,p0017,2,0.7135335206985474
p0433,p0435,3,0.6769415140151978
p0433,p0442,4,0.670733630657196
p0433,p0018,5,0.642403244972229
p0434,p0432,1,0.5838965773582458
p0434,p0433,2,0.5258133411407471
p0434,p0116,3,0.5190006494522095
p0434,p2091,4,0.515565812587738
p0434,p0170,5,0.5045161247253418
p0435,p0437,1,0.7355990409851074
p0435,p0318,2,0.6933908462524414
p0435,p0440,3,0.6919357776641846
p0435,p0442,4,0.680054783821106
p0435,p0433,5,0.6769415140151978
p0436,p0183,1,0.8315626978874207
p0436,p0437,2,0.7059626579284668
p0436,p0438,3,0.689677894115448
p0436,p0435,4,0.6163874864578247
p0436,p0058,5,0.5956483483314514
p0437,p0435,1,0.7355990409851074
p0437,p0183,2,0.7124136686325073
p0437,p0436,3,0.7059626579284668
p0437,p0438,4,0.6957945227622986
p0437,p0190,5,0.6098697781562805
p0438,p0437,1,0.6957945227622986
p0438,p0436,2,0.689677894115448
p0438,p0435,3,0.6745132207870483
p0438,p0183,4,0.6481725573539734
p0438,p0174,5,0.6002019047737122
p0439,p0431,1,0.7635420560836792
p0439,p0428,2,0.7306437492370605
p0439,p0429,3,0.7158297896385193
p0439,p0440,4,0.6423620581626892
p0439,p0427,5,0.5845586061477661
p0440,p0428,1,0.7316313982009888
p0440,p0431,2,0.7165499329566956
p0440,p0435,3,0.6919357776641846
p0440,p0429,4,0.6809048652648926
p0440,p0177,5,0.6766029596328735
p0441,p0236,1,0.9135861992835999
p0441,p0243,2,0.8802594542503357
p0441,p0239,3,0.8675299286842346
p0441,p0111,4,0.8480340838432312
p0441,p0242,5,0.8273000121116638
p0442,p0318,1,0.961298942565918
p0442,p0443,2,0.8402372002601624
p0442,p0240,3,0.8202909231185913
p0442,p0241,4,0.7647389769554138
p0442,p0287,5,0.7583396434783936
p0443,p0242,1,0.8966380953788757
p0443,p0241,2,0.8571608066558838
p0443,p0243,3,0.8567857146263123
p0443,p0318,4,0.8418942093849182
p0443,p0442,5,0.8402372002601624
p0444,p0192,1,0.6002472639083862
p0444,p0440,2,0.49424636363983154
p0444,p0176,3,0.4913308620452881
p0444,p0254,4,0.4844120740890503
p0444,p0277,5,0.48150426149368286
p0445,p0254,1,0.6089308857917786
p0445,p0480,2,0.5924705266952515
p0445,p0479,3,0.5776975154876709
p0445,p0428,4,0.5691934823989868
p0445,p0431,5,0.5652925372123718
p0446,p0448,1,0.6547439694404602
p0446,p0405,2,0.5931116342544556
p0446,p2120,3,0.5722241997718811
p0446,p0483,4,0.521798849105835
p0446,p0455,5,0.517623245716095
p0447,p0465,1,0.551084041595459
p0447,p0460,2,0.5497358441352844
p0447,p0474,3,0.548996090888977
p0447,p0478,4,0.5396489500999451
p0447,p0025,5,0.5377805233001709
p0448,p0446,1,0.6547439694404602
p0448,p0010,2,0.6456659436225891
p0448,p2120,3,0.6290426254272461
p0448,p0014,4,0.6229220032691956
p0448,p0465,5,0.6021661758422852
p0449,p2005,1,0.5687260627746582
p0449,p0980,2,0.5683002471923828
p0449,p0979,3,0.5663899183273315
p0449,p1562,4,0.5417658686637878
p0449,p1573,5,0.5231853723526001
p0450,p2125,1,0.5763282179832458
p0450,p1882,2,0.5258936882019043
p0450,p0953,3,0.5062601566314697
p0450,p1587,4,0.49235284328460693
p0450,p1579,5,0.4892352819442749
p0451,p1827,1,0.615943193435669
p0451,p0408,2,0.5437515377998352
p0451,p0037,3,0.4848848581314087
p0451,p0035,4,0.45552194118499756
p0451,p1657,5,0.45481544733047485
p0452,p0036,1,0.6293011903762817
p0452,p1953,2,0.5734214186668396
p0452,p0863,3,0.5344774723052979
p0452,p0871,4,0.5215468406677246
p0452,p0453,5,0.519957959651947
p0453,p0452,1,0.519957959651947
p0453,p0897,2,0.4934796094894409
p0453,p1534,3,0.4869433641433716
p0453,p0679,4,0.455971896648407
p0453,p0450,5,0.4545767903327942
p0454,p0452,1,0.5042479634284973
p0454,p0453,2,0.42811691761016846
p0454,p0151,3,0.38103270530700684
p0454,p0160,4,0.36471027135849
p0454,p0167,5,0.3527672290802002
p0455,p2121,1,0.7050336599349976
p0455,p2120,2,0.6633689403533936
p0455,p0458,3,0.6527591943740845
p0455,p2123,4,0.6360687613487244
p0455,p0482,5,0.6143400073051453
p0456,p0458,1,0.6540473103523254
p0456,p0455,2,0.5599015951156616
p0456,p0457,3,0.48969894647598267
p0456,p0459,4,0.4671285152435303
p0456,p0482,5,0.4441547393798828
p0457,p0369,1,0.5680757761001587
p0457,p0245,2,0.5372155904769897
p0457,p0283,3,0.5300317406654358
p0457,p0458,4,0.5282756090164185
p0457,p2064,5,0.5062757730484009
p0458,p0456,1,0.6540473103523254
p0458,p0455,2,0.6527591943740845
p0458,p0459,3,0.6115888357162476
p0458,p0457,4,0.5282756090164185
p0458,p2121,5,0.5239219665527344
p0459,p0458,1,0.6115888357162476
p0459,p0456,2,0.4671285152435303
p0459,p0457,3,0.4614591598510742
p0459,p0455,4,0.45621752738952637
p0459,p0482,5,0.4271313548088074
p0460,p1953,1,0.6309177279472351
p0460,p0920,2,0.6161952614784241
p0460,p0014,3,0.6075066328048706
p0460,p2114,4,0.5800559520721436
p0460,p0010,5,0.5701994299888611
p0461,p0465,1,0.6940270066261292
p0461,p0421,2,0.6046525239944458
p0461,p0467,3,0.5748232007026672
p0461,p0464,4,0.5731454491615295
p0461,p0027,5,0.5722947120666504
p0462,p0006,1,0.7133618593215942
p0462,p0467,2,0.7114877104759216
p0462,p0011,3,0.6980342864990234
p0462,p0014,4,0.688815176486969
p0462,p0016,5,0.6837058067321777
p0463,p0464,1,0.6997025012969971
p0463,p0461,2,0.5186800956726074
p0463,p0016,3,0.4360204339027405
p0463,p0455,4,0.42351365089416504
p0463,p0473,5,0.41690677404403687
p0464,p0463,1,0.6997025012969971
p0464,p0461,2,0.5731454491615295
p0464,p0011,3,0.5523747205734253
p0464,p2120,4,0.5452064275741577
p0464,p0455,5,0.5419167876243591
p0465,p0467,1,0.7314862608909607
p0465,p0461,2,0.6940270066261292
p0465,p0014,3,0.6673156023025513
p0465,p0026,4,0.6416676044464111
p0465,p0027,5,0.6269429922103882
p0466,p0478,1,0.6819840669631958
p0466,p0462,2,0.6696212887763977
p0466,p0471,3,0.6499364972114563
p0466,p0481,4,0.631485641002655
p0466,p0480,5,0.6312881708145142
p0467,p0014,1,0.8441345691680908
p0467,p0006,2,0.8366596102714539
p0467,p0029,3,0.828262448310852
p0467,p0025,4,0.7963087558746338
p0467,p0026,5,0.7792891263961792
p0468,p0006,1,0.7823330163955688
p0468,p0011,2,0.744828462600708
p0468,p0467,3,0.7313144207000732
p0468,p0473,4,0.6952183842658997
p0468,p0025,5,0.6828461289405823
p0469,p0473,1,0.8239274024963379
p0469,p2124,2,0.6389265656471252
p0469,p0478,3,0.5590685606002808
p0469,p0468,4,0.5563433766365051
p0469,p0480,5,0.5395417809486389
p0470,p0471,1,0.6127278804779053
p0470,p0472,2,0.5096530318260193
p0470,p2124,3,0.5070169568061829
p0470,p0473,4,0.49837374687194824
p0470,p0468,5,0.48662805557250977
p0471,p0466,1,0.6499364972114563
p0471,p0470,2,0.6127278804779053
p0471,p2124,3,0.6020454168319702
p0471,p0465,4,0.5644055008888245
p0471,p0461,5,0.5102143287658691
p0472,p0470,1,0.5096530318260193
p0472,p1882,2,0.4971582293510437
p0472,p2124,3,0.4818432331085205
p0472,p0471,4,0.4700310230255127
p0472,p0473,5,0.4443131685256958
p0473,p0469,1,0.8239274024963379
p0473,p2124,2,0.7919177412986755
p0473,p0468,3,0.6952183842658997
p0473,p0433,4,0.6177563667297363
p0473,p0006,5,0.5892865657806396
p0474,p0475,1,0.6552700996398926
p0474,p2126,2,0.6429079174995422
p0474,p0011,3,0.6088364720344543
p0474,p0465,4,0.5846177339553833
p0474,p0468,5,0.5817770957946777
p0475,p0474,1,0.6552700996398926
p0475,p0171,2,0.5766193270683289
p0475,p2126,3,0.566675066947937
p0475,p0468,4,0.5579596757888794
p0475,p0405,5,0.5576530694961548
p0476,p0299,1,0.577085018157959
p0476,p2125,2,0.546091616153717
p0476,p0264,3,0.49575698375701904
p0476,p0265,4,0.4575703740119934
p0476,p1580,5,0.45263493061065674
p0477,p2122,1,0.5014282464981079
p0477,p0227,2,0.4729081392288208
p0477,p0479,3,0.4703863263130188
p0477,p0189,4,0.46797406673431396
p0477,p0440,5,0.45956194400787354
p0478,p2122,1,0.7955102920532227
p0478,p0481,2,0.7840366363525391
p0478,p0480,3,0.7837262153625488
p0478,p0466,4,0.6819840669631958
p0478,p2123,5,0.666357159614563
p0479,p0445,1,0.5776975154876709
p0479,p0164,2,0.5483796000480652
p0479,p0120,3,0.5402653217315674
p0479,p0143,4,0.5354015827178955
p0479,p2123,5,0.5332253575325012
p0480,p0481,1,0.8662702441215515
p0480,p0478,2,0.7837262153625488
p0480,p2123,3,0.7799978256225586
p0480,p2122,4,0.6893863081932068
p0480,p0120,5,0.6500144600868225
p0481,p0480,1,0.8662702441215515
p0481,p0478,2,0.7840366363525391
p0481,p2123,3,0.6943124532699585
p0481,p0011,4,0.6890919804573059
p0481,p2122,5,0.6659180521965027
p0482,p0025,1,0.7538712620735168
p0482,p0002,2,0.7516006827354431
p0482,p0382,3,0.7028223276138306
p0482,p0467,4,0.6834119558334351
p0482,p0377,5,0.6711046695709229
p0483,p0386,1,0.5933208465576172
p0483,p0393,2,0.5799580812454224
p0483,p0392,3,0.5740939378738403
p0483,p0385,4,0.5343287587165833
p0483,p0446,5,0.521798849105835
p0484,p0087,1,0.7606449723243713
p0484,p0853,2,0.6610150337219238
p0484,p0525,3,0.6596379280090332
p0484,p1038,4,0.6403940320014954
p0484,p0834,5,0.6247677803039551
p0485,p0923,1,0.7631291747093201
p0485,p0922,2,0.7437719702720642
p0485,p0921,3,0.6849649548530579
p0485,p0924,4,0.6479762196540833
p0485,p0926,5,0.6399928331375122
p0486,p1016,1,0.6402168869972229
p0486,p1031,2,0.5875582098960876
p0486,p1017,3,0.5849846601486206
p0486,p0586,4,0.5678216814994812
p0486,p1021,5,0.5673922300338745
p0487,p0865,1,0.6847549080848694
p0487,p0866,2,0.6671283841133118
p0487,p1047,3,0.6621273756027222
p0487,p1175,4,0.6565258502960205
p0487,p0875,5,0.6158478856086731
p0488,p0496,1,0.5232214331626892
p0488,p0096,2,0.5195137858390808
p0488,p0068,3,0.5192965865135193
p0488,p1397,4,0.5159600377082825
p0488,p0073,5,0.5129146575927734
p0489,p0490,1,0.6290274262428284
p0489,p0074,2,0.6068630218505859
p0489,p1103,3,0.6055370569229126
p0489,p1577,4,0.6023001074790955
p0489,p1099,5,0.6022683382034302
p0490,p0491,1,0.8160600662231445
p0490,p0489,2,0.6290274262428284
p0490,p0074,3,0.6240199208259583
p0490,p0659,4,0.595537006855011
p0490,p0843,5,0.5874418616294861
p0491,p0490,1,0.8160600662231445
p0491,p0074,2,0.6596459746360779
p0491,p0489,3,0.5878863334655762
p0491,p0060,4,0.5261220335960388
p0491,p0051,5,0.48119497299194336
p0492,p0079,1,0.6587396264076233
p0492,p0076,2,0.6078563928604126
p0492,p1750,3,0.570625364780426
p0492,p1663,4,0.5574459433555603
p0492,p0607,5,0.5361164212226868
p0493,p2059,1,0.7388350367546082
p0493,p0227,2,0.6804174184799194
p0493,p0082,3,0.672289252281189
p0493,p0228,4,0.6715863347053528
p0493,p1499,5,0.6569966673851013
p0494,p0230,1,0.8577181100845337
p0494,p0083,2,0.852895200252533
p0494,p0231,3,0.7524937987327576
p0494,p1333,4,0.7433874011039734
p0494,p1340,5,0.7321112155914307
p0495,p0049,1,0.6796072125434875
p0495,p2035,2,0.6643140912055969
p0495,p0493,3,0.6524732708930969
p0495,p0081,4,0.6343349814414978
p0495,p0063,5,0.6334353685379028
p0496,p0065,1,0.7319130301475525
p0496,p0095,2,0.7280136346817017
p0496,p0066,3,0.7228979468345642
p0496,p0094,4,0.7132037281990051
p0496,p2115,5,0.6992868185043335
p0497,p0498,1,0.8888437747955322
p0497,p2115,2,0.5076351761817932
p0497,p0100,3,0.49571144580841064
p0497,p0095,4,0.43993330001831055
p0497,p0496,5,0.407118022441864
p0498,p0497,1,0.8888437747955322
p0498,p2115,2,0.5656831860542297
p0498,p0100,3,0.5344776511192322
p0498,p0095,4,0.46831440925598145
p0498,p0496,5,0.4558427333831787
p0499,p0067,1,0.8261455297470093
p0499,p0046,2,0.764766275882721
p0499,p0113,3,0.7586691975593567
p0499,p0116,4,0.7300464510917664
p0499,p0275,5,0.7226638793945312
p0500,p0093,1,0.6298317313194275
p0500,p0094,2,0.5827542543411255
p0500,p0066,3,0.5793785452842712
p0500,p0092,4,0.5755415558815002
p0500,p0100,5,0.5443040728569031
p0501,p0595,1,0.7126585245132446
p0501,p0555,2,0.5641908049583435
p0501,p0599,3,0.5091679692268372
p0501,p2044,4,0.48238682746887207
p0501,p0596,5,0.4500200152397156
p0502,p0603,1,0.674181342124939
p0502,p1401,2,0.6270618438720703
p0502,p0039,3,0.6217814087867737
p0502,p0040,4,0.5854260325431824
p0502,p0504,5,0.5804876089096069
p0503,p0505,1,0.7314956188201904
p0503,p0504,2,0.683272123336792
p0503,p0597,3,0.5651668310165405
p0503,p1401,4,0.5273308157920837
p0503,p0773,5,0.5198774933815002
p0504,p0503,1,0.683272123336792
p0504,p0505,2,0.6795895099639893
p0504,p1401,3,0.6210950613021851
p0504,p0597,4,0.5851107239723206
p0504,p0502,5,0.5804876089096069
p0505,p0503,1,0.7314956188201904
p0505,p0504,2,0.6795895099639893
p0505,p1403,3,0.6591063737869263
p0505,p0597,4,0.6575456261634827
p0505,p1734,5,0.6556115746498108
p0506,p1241,1,0.8891454339027405
p0506,p0834,2,0.7051641941070557
p0506,p0581,3,0.6646937727928162
p0506,p0525,4,0.6299688220024109
p0506,p1038,5,0.6250534653663635
p0507,p0774,1,0.9967308640480042
p0507,p0624,2,0.9800330996513367
p0507,p1036,3,0.9437612295150757
p0507,p1028,4,0.9323473572731018
p0507,p0604,5,0.9322754740715027
p0508,p0565,1,0.8540074825286865
p0508,p0554,2,0.652186930179596
p0508,p0624,3,0.5537788271903992
p0508,p0539,4,0.5385856628417969
p0508,p0604,5,0.51254802942276
p0509,p0605,1,0.916672945022583
p0509,p0561,2,0.8029982447624207
p0509,p0844,3,0.7956081032752991
p0509,p1304,4,0.7607672214508057
p0509,p1156,5,0.7572828531265259
p0510,p0842,1,0.7382665276527405
p0510,p0830,2,0.7244787812232971
p0510,p0813,3,0.6987835764884949
p0510,p0833,4,0.687558650970459
p0510,p0829,5,0.6863303780555725
p0511,p0828,1,0.7605004906654358
p0511,p1089,2,0.6771107316017151
p0511,p1085,3,0.6524388194084167
p0511,p1093,4,0.6351243853569031
p0511,p1150,5,0.5945045948028564
p0512,p0606,1,0.9729670882225037
p0512,p0536,2,0.9167496562004089
p0512,p0522,3,0.7383532524108887
p0512,p1403,4,0.6843382120132446
p0512,p0630,5,0.6733072400093079
p0513,p0563,1,0.7242366671562195
p0513,p0848,2,0.7199877500534058
p0513,p0638,3,0.6519397497177124
p0513,p0775,4,0.624960720539093
p0513,p0658,5,0.6021429896354675
p0514,p0554,1,0.75749272108078
p0514,p0604,2,0.6973928809165955
p0514,p0946,3,0.696936309337616
p0514,p1028,4,0.687745988368988
p0514,p0541,5,0.6842595934867859
p0515,p0779,1,0.8515589237213135
p0515,p0540,2,0.44087761640548706
p0515,p0519,3,0.42754697799682617
p0515,p1729,4,0.4271674156188965
p0515,p0554,5,0.40976041555404663
p0516,p0776,1,0.6730433702468872
p0516,p0545,2,0.6713517308235168
p0516,p0566,3,0.5225101709365845
p0516,p0610,4,0.5108362436294556
p0516,p0775,5,0.5105054974555969
p0517,p0778,1,0.7012673616409302
p0517,p1084,2,0.6235359907150269
p0517,p1734,3,0.5898770689964294
p0517,p0616,4,0.589868426322937
p0517,p0709,5,0.587464451789856
p0518,p0520,1,0.6654255390167236
p0518,p0523,2,0.6537234783172607
p0518,p0519,3,0.6427143812179565
p0518,p0618,4,0.6277135610580444
p0518,p0612,5,0.6242247223854065
p0519,p0520,1,0.67112797498703
p0519,p0607,2,0.6569015383720398
p0519,p0621,3,0.6448717713356018
p0519,p0518,4,0.6427143812179565
p0519,p0521,5,0.6381137371063232
p0520,p0621,1,0.6807410717010498
p0520,p0519,2,0.67112797498703
p0520,p0518,3,0.6654255390167236
p0520,p0618,4,0.6566221117973328
p0520,p0529,5,0.6419355869293213
p0521,p0618,1,0.7851069569587708
p0521,p0519,2,0.6381137371063232
p0521,p0518,3,0.6134912967681885
p0521,p0778,4,0.605093777179718
p0521,p1424,5,0.5873545408248901
p0522,p0512,1,0.7383532524108887
p0522,p0536,2,0.7282553315162659
p0522,p0606,3,0.7193015217781067
p0522,p0630,4,0.6713667511940002
p0522,p0564,5,0.6020994782447815
p0523,p0518,1,0.6537234783172607
p0523,p0613,2,0.6527928709983826
p0523,p0618,3,0.6228697896003723
p0523,p0777,4,0.6061258316040039
p0523,p0531,5,0.593658447265625
p0524,p0618,1,0.6399096846580505
p0524,p0619,2,0.6084123849868774
p0524,p0530,3,0.5971993207931519
p0524,p0520,4,0.586252748966217
p0524,p0523,5,0.572318971157074
p0525,p1038,1,0.9841375946998596
p0525,p0834,2,0.9490687847137451
p0525,p0853,3,0.9458450675010681
p0525,p0581,4,0.8735760450363159
p0525,p0484,5,0.6596379280090332
p0526,p1431,1,0.4715571403503418
p0526,p0530,2,0.4065474271774292
p0526,p1422,3,0.40078115463256836
p0526,p0609,4,0.3851797580718994
p0526,p1427,5,0.3676007390022278
p0527,p0531,1,0.9174134135246277
p0527,p0621,2,0.5927488803863525
p0527,p0523,3,0.5865463614463806
p0527,p0613,4,0.5718592405319214
p0527,p0529,5,0.5585479140281677
p0528,p0530,1,0.8188384771347046
p0528,p0532,2,0.7961425185203552
p0528,p0621,3,0.5307004451751709
p0528,p0524,4,0.5061283111572266
p0528,p0520,5,0.5008193850517273
p0529,p0520,1,0.6419355869293213
p0529,p0628,2,0.6214767694473267
p0529,p1129,3,0.5738338828086853
p0529,p0531,4,0.5689769387245178
p0529,p0527,5,0.5585479140281677
p0530,p0528,1,0.8188384771347046
p0530,p0532,2,0.741551399230957
p0530,p0618,3,0.6431596279144287
p0530,p0524,4,0.5971993207931519
p0530,p0621,5,0.5892373919487
p0531,p0527,1,0.9174134135246277
p0531,p0613,2,0.599669337272644
p0531,p0523,3,0.593658447265625
p0531,p0621,4,0.5738435983657837
p0531,p0619,5,0.570091724395752
p0532,p0528,1,0.7961425185203552
p0532,p0530,2,0.741551399230957
p0532,p0621,3,0.4598172903060913
p0532,p0613,4,0.45601963996887207
p0532,p0618,5,0.4285391569137573
p0533,p0612,1,0.9214696288108826
p0533,p0621,2,0.7624342441558838
p0533,p0534,3,0.6802001595497131
p0533,p0616,4,0.5839341878890991
p0533,p0775,5,0.5793319940567017
p0534,p0533,1,0.6802001595497131
p0534,p0775,2,0.6721318364143372
p0534,p0621,3,0.657146155834198
p0534,p0616,4,0.6301813721656799
p0534,p0612,5,0.6274476051330566
p0535,p0543,1,0.753389298915863
p0535,p0616,2,0.6303501129150391
p0535,p0775,3,0.6134369969367981
p0535,p2022,4,0.5776678323745728
p0535,p1755,5,0.5690720677375793
p0536,p0606,1,0.9395706653594971
p0536,p0512,2,0.9167496562004089
p0536,p0522,3,0.7282553315162659
p0536,p1403,4,0.7196669578552246
p0536,p1410,5,0.6382091641426086
p0537,p1736,1,0.5628305077552795
p0537,p0549,2,0.48796582221984863
p0537,p1094,3,0.4865626096725464
p0537,p1161,4,0.47803664207458496
p0537,p0552,5,0.45850980281829834
p0538,p1745,1,0.47615039348602295
p0538,p0544,2,0.4740808606147766
p0538,p0539,3,0.4623962640762329
p0538,p0547,4,0.4605233669281006
p0538,p1075,5,0.4356265068054199
p0539,p0565,1,0.562352180480957
p0539,p0508,2,0.5385856628417969
p0539,p0517,3,0.46852052211761475
p0539,p0538,4,0.4623962640762329
p0539,p0778,5,0.4239393472671509
p0540,p1749,1,0.5996289253234863
p0540,p0547,2,0.5159021019935608
p0540,p0515,3,0.44087761640548706
p0540,p1088,4,0.4212530851364136
p0540,p0550,5,0.4203401207923889
p0541,p0552,1,0.9864928722381592
p0541,p1161,2,0.7172849178314209
p0541,p0514,3,0.6842595934867859
p0541,p1159,4,0.6345252990722656
p0541,p1086,5,0.6293296813964844
p0542,p0783,1,0.6045953035354614
p0542,p0544,2,0.5693425536155701
p0542,p1094,3,0.5573294162750244
p0542,p0535,4,0.5035372972488403
p0542,p1753,5,0.4918590784072876
p0543,p0535,1,0.753389298915863
p0543,p1755,2,0.5821341872215271
p0543,p0544,3,0.5399633646011353
p0543,p0517,4,0.5377795696258545
p0543,p2022,5,0.512641191482544
p0544,p1163,1,0.6284652352333069
p0544,p0542,2,0.5693425536155701
p0544,p1158,3,0.56112140417099
p0544,p0778,4,0.557064950466156
p0544,p0548,5,0.5453866124153137
p0545,p0516,1,0.6713517308235168
p0545,p1732,2,0.5025319457054138
p0545,p0546,3,0.5020519495010376
p0545,p0776,4,0.461678147315979
p0545,p1731,5,0.45862722396850586
p0546,p0782,1,0.567440390586853
p0546,p0563,2,0.5656033158302307
p0546,p0848,3,0.5593253970146179
p0546,p0775,4,0.5469785332679749
p0546,p0783,5,0.5425905585289001
p0547,p0519,1,0.5263577103614807
p0547,p0540,2,0.5159021019935608
p0547,p0538,3,0.4605233669281006
p0547,p0544,4,0.4412301778793335
p0547,p1743,5,0.43956685066223145
p0548,p1179,1,1.0
p0548,p0696,2,0.6682584881782532
p0548,p0588,3,0.6231242418289185
p0548,p0955,4,0.5939537286758423
p0548,p0667,5,0.566423773765564
p0549,p1759,1,0.5263848900794983
p0549,p0550,2,0.49736547470092773
p0549,p0537,3,0.48796582221984863
p0549,p0552,4,0.46724724769592285
p0549,p0541,5,0.4593735933303833
p0550,p0549,1,0.49736547470092773
p0550,p1760,2,0.46688520908355713
p0550,p0540,3,0.4203401207923889
p0550,p0535,4,0.3895275592803955
p0550,p0730,5,0.3777414560317993
p0551,p0508,1,0.4332755208015442
p0551,p0565,2,0.41324472427368164
p0551,p0554,3,0.38961076736450195
p0551,p0539,4,0.3831590414047241
p0551,p0514,5,0.3639129400253296
p0552,p0541,1,0.9864928722381592
p0552,p1161,2,0.7230657339096069
p0552,p0514,3,0.6780173182487488
p0552,p1159,4,0.6420543193817139
p0552,p1086,5,0.6336221098899841
p0553,p1750,1,0.6508599519729614
p0553,p1733,2,0.6481068134307861
p0553,p0505,3,0.6412323117256165
p0553,p1737,4,0.6330567598342896
p0553,p2021,5,0.6214988827705383
p0554,p0514,1,0.75749272108078
p0554,p0508,2,0.652186930179596
p0554,p0565,3,0.6066552400588989
p0554,p1161,4,0.4871779680252075
p0554,p0552,5,0.4654614329338074
p0555,p0595,1,0.7983980774879456
p0555,p0106,2,0.75162672996521
p0555,p0109,3,0.7222203612327576
p0555,p0501,4,0.5641908049583435
p0555,p0499,5,0.559989333152771
p0556,p0557,1,0.6607468724250793
p0556,p1246,2,0.6419665813446045
p0556,p1258,3,0.5767574906349182
p0556,p0558,4,0.5532492399215698
p0556,p1260,5,0.5340352058410645
p0557,p0558,1,0.7160618305206299
p0557,p1246,2,0.7113730907440186
p0557,p1258,3,0.6871713399887085
p0557,p1247,4,0.6718139052391052
p0557,p0556,5,0.6607468724250793
p0558,p0560,1,0.7221195697784424
p0558,p0557,2,0.7160618305206299
p0558,p1247,3,0.706605851650238
p0558,p1246,4,0.6974934935569763
p0558,p0559,5,0.6712406277656555
p0559,p0558,1,0.6712406277656555
p0559,p0557,2,0.6519932746887207
p0559,p1251,3,0.6350416541099548
p0559,p1247,4,0.6226093173027039
p0559,p1258,5,0.5727704167366028
p0560,p0558,1,0.7221195697784424
p0560,p0038,2,0.6144469380378723
p0560,p0789,3,0.5989352464675903
p0560,p0478,4,0.5913698077201843
p0560,p1596,5,0.5875822305679321
p0561,p0844,1,0.993356466293335
p0561,p0509,2,0.8029982447624207
p0561,p0605,3,0.7663951516151428
p0561,p1171,4,0.7185030579566956
p0561,p0816,5,0.7128996849060059
p0562,p0659,1,0.9319971203804016
p0562,p0843,2,0.7988764047622681
p0562,p1989,3,0.6151146292686462
p0562,p0699,4,0.606508195400238
p0562,p0655,5,0.5865829586982727
p0563,p0848,1,0.9888566136360168
p0563,p0658,2,0.8592401146888733
p0563,p0627,3,0.8504596948623657
p0563,p0798,4,0.8242074847221375
p0563,p1026,5,0.814218282699585
p0564,p0710,1,0.9209407567977905
p0564,p0851,2,0.71799236536026
p0564,p0574,3,0.7020400166511536
p0564,p1061,4,0.6804196238517761
p0564,p1159,5,0.6801575422286987
p0565,p0508,1,0.8540074825286865
p0565,p0624,2,0.7565684914588928
p0565,p0774,3,0.7026653289794922
p0565,p0507,4,0.6962070465087891
p0565,p0604,5,0.6948999762535095
p0566,p2000,1,0.6869892477989197
p0566,p2022,2,0.6178677678108215
p0566,p1412,3,0.610191822052002
p0566,p1293,4,0.6083864569664001
p0566,p1404,5,0.6050773859024048
p0567,p0584,1,0.7938752174377441
p0567,p0568,2,0.7599962949752808
p0567,p1247,3,0.6268534064292908
p0567,p0585,4,0.6218785047531128
p0567,p0569,5,0.5996512174606323
p0568,p0584,1,0.7616783976554871
p0568,p0567,2,0.7599962949752808
p0568,p0591,3,0.6761672496795654
p0568,p0585,4,0.627371609210968
p0568,p0594,5,0.6050491333007812
p0569,p0570,1,0.7522784471511841
p0569,p0573,2,0.7159261703491211
p0569,p0584,3,0.6211737394332886
p0569,p0567,4,0.5996512174606323
p0569,p1259,5,0.5901463031768799
p0570,p0569,1,0.7522784471511841
p0570,p1259,2,0.5691421627998352
p0570,p0592,3,0.554718017578125
p0570,p0585,4,0.5538532733917236
p0570,p0584,5,0.547829270362854
p0571,p0569,1,0.589198648929596
p0571,p0594,2,0.5469223260879517
p0571,p0568,3,0.5466887950897217
p0571,p0570,4,0.5354191064834595
p0571,p0573,5,0.5220814347267151
p0572,p0577,1,0.7978540062904358
p0572,p1933,2,0.7647274136543274
p0572,p0576,3,0.7641218900680542
p0572,p1261,4,0.6669261455535889
p0572,p1931,5,0.6586022973060608
p0573,p0569,1,0.7159261703491211
p0573,p0571,2,0.5220814347267151
p0573,p0570,3,0.469193696975708
p0573,p0584,4,0.4458916187286377
p0573,p0621,5,0.4437302350997925
p0574,p0710,1,0.7445143461227417
p0574,p0564,2,0.7020400166511536
p0574,p0851,3,0.6363717913627625
p0574,p0575,4,0.6130626797676086
p0574,p1061,5,0.6086229681968689
p0575,p1261,1,0.7854647636413574
p0575,p0578,2,0.6599065065383911
p0575,p0572,3,0.6418052911758423
p0575,p0576,4,0.6201304793357849
p0575,p0574,5,0.6130626797676086
p0576,p0577,1,0.7941946983337402
p0576,p0572,2,0.7641218900680542
p0576,p0579,3,0.7254869937896729
p0576,p1933,4,0.6321699619293213
p0576,p0575,5,0.6201304793357849
p0577,p0572,1,0.7978540062904358
p0577,p0576,2,0.7941946983337402
p0577,p0579,3,0.7571262717247009
p0577,p1182,4,0.6915991306304932
p0577,p0917,5,0.6915991306304932
p0578,p0591,1,0.8579568266868591
p0578,p0575,2,0.6599065065383911
p0578,p0580,3,0.6315920948982239
p0578,p0593,4,0.5979506373405457
p0578,p0568,5,0.5852394700050354
p0579,p0577,1,0.7571262717247009
p0579,p0576,2,0.7254869937896729
p0579,p0572,3,0.6480903625488281
p0579,p1936,4,0.5623843669891357
p0579,p0917,5,0.5453389286994934
p0580,p0583,1,0.8024170994758606
p0580,p0593,2,0.7211833000183105
p0580,p0591,3,0.6953145265579224
p0580,p0578,4,0.6315920948982239
p0580,p0594,5,0.6277373433113098
p0581,p0853,1,0.9335203170776367
p0581,p0525,2,0.8735760450363159
p0581,p1038,3,0.8470006585121155
p0581,p0834,4,0.8293351531028748
p0581,p0506,5,0.6646937727928162
p0582,p1937,1,0.7292730212211609
p0582,p0577,2,0.5246480703353882
p0582,p0572,3,0.5214861035346985
p0582,p0579,4,0.49845385551452637
p0582,p1025,5,0.4718906879425049
p0583,p0580,1,0.8024170994758606
p0583,p0593,2,0.7551867961883545
p0583,p1256,3,0.6605857014656067
p0583,p0591,4,0.6348416209220886
p0583,p0594,5,0.6272194385528564
p0584,p0567,1,0.7938752174377441
p0584,p0568,2,0.7616783976554871
p0584,p0585,3,0.6313053369522095
p0584,p0569,4,0.6211737394332886
p0584,p0570,5,0.547829270362854
p0585,p0584,1,0.6313053369522095
p0585,p0568,2,0.627371609210968
p0585,p0567,3,0.6218785047531128
p0585,p0594,4,0.5935066938400269
p0585,p0569,5,0.5729357600212097
p0586,p1016,1,0.7894007563591003
p0586,p1020,2,0.7250620126724243
p0586,p1021,3,0.7102368474006653
p0586,p1017,4,0.6606768369674683
p0586,p1025,5,0.6510125398635864
p0587,p1193,1,0.663127064704895
p0587,p0849,2,0.6140317916870117
p0587,p0897,3,0.5991717576980591
p0587,p0854,4,0.5959710478782654
p0587,p0852,5,0.5528412461280823
p0588,p0696,1,0.7068379521369934
p0588,p0955,2,0.67929607629776
p0588,p0667,3,0.6698616147041321
p0588,p0548,4,0.6231242418289185
p0588,p1179,5,0.6231242418289185
p0589,p0917,1,0.9896829128265381
p0589,p1182,2,0.9896829128265381
p0589,p1062,3,0.8401535749435425
p0589,p0577,4,0.6516064405441284
p0589,p0964,5,0.6477048397064209
p0590,p0695,1,0.9902791380882263
p0590,p0667,2,0.6118518114089966
p0590,p1492,3,0.6117045879364014
p0590,p0950,4,0.5838190317153931
p0590,p0956,5,0.5767302513122559
p0591,p0578,1,0.8579568266868591
p0591,p0580,2,0.6953145265579224
p0591,p0593,3,0.6830732822418213
p0591,p0568,4,0.6761672496795654
p0591,p1255,5,0.6355659365653992
p0592,p0570,1,0.554718017578125
p0592,p1259,2,0.5454088449478149
p0592,p0585,3,0.5444386601448059
p0592,p0569,4,0.528465211391449
p0592,p1250,5,0.5121499300003052
p0593,p0583,1,0.7551867961883545
p0593,p0580,2,0.7211833000183105
p0593,p0591,3,0.6830732822418213
p0593,p0594,4,0.6181091070175171
p0593,p0578,5,0.5979506373405457
p0594,p0580,1,0.6277373433113098
p0594,p0583,2,0.6272194385528564
p0594,p0593,3,0.6181091070175171
p0594,p0568,4,0.6050491333007812
p0594,p0585,5,0.5935066938400269
p0595,p0555,1,0.7983980774879456
p0595,p0501,2,0.7126585245132446
p0595,p0109,3,0.566275417804718
p0595,p0499,4,0.5530855059623718
p0595,p0106,5,0.5312129259109497
p0596,p0599,1,0.647009015083313
p0596,p1655,2,0.6454001665115356
p0596,p0597,3,0.6276871562004089
p0596,p1403,4,0.6263889074325562
p0596,p0773,5,0.5623477101325989
p0597,p0603,1,0.6985235810279846
p0597,p1410,2,0.6753227710723877
p0597,p1403,3,0.6627495288848877
p0597,p0505,4,0.6575456261634827
p0597,p0596,5,0.6276871562004089
p0598,p0064,1,0.7024222016334534
p0598,p0268,2,0.6615731120109558
p0598,p0055,3,0.6572484374046326
p0598,p0050,4,0.6311563849449158
p0598,p0086,5,0.6226748824119568
p0599,p0596,1,0.647009015083313
p0599,p1403,2,0.6338144540786743
p0599,p1405,3,0.5957306027412415
p0599,p0597,4,0.5941213965415955
p0599,p0505,5,0.5917389392852783
p0600,p0788,1,0.6886112689971924
p0600,p1938,2,0.5596979856491089
p0600,p1918,3,0.5520042777061462
p0600,p1997,4,0.5027352571487427
p0600,p0664,5,0.46857988834381104
p0601,p1655,1,0.682903528213501
p0601,p1703,2,0.5859023928642273
p0601,p1784,3,0.5723807215690613
p0601,p1629,4,0.5618127584457397
p0601,p1113,5,0.5523786544799805
p0602,p1992,1,0.7153698801994324
p0602,p1656,2,0.6585824489593506
p0602,p0603,3,0.5624455809593201
p0602,p0032,4,0.5187276601791382
p0602,p0093,5,0.5175061821937561
p0603,p0597,1,0.6985235810279846
p0603,p0502,2,0.674181342124939
p0603,p1656,3,0.6694028973579407
p0603,p1401,4,0.6513641476631165
p0603,p1653,5,0.5933533310890198
p0604,p1028,1,0.992615282535553
p0604,p1036,2,0.9854850769042969
p0604,p0624,3,0.9462745785713196
p0604,p0946,4,0.9415033459663391
p0604,p0774,5,0.937538743019104
p0605,p0509,1,0.916672945022583
p0605,p1156,2,0.8331862688064575
p0605,p0799,3,0.8198921084403992
p0605,p0801,4,0.7703981399536133
p0605,p1155,5,0.7688918113708496
p0606,p0512,1,0.9729670882225037
p0606,p0536,2,0.9395706653594971
p0606,p0522,3,0.7193015217781067
p0606,p1403,4,0.7011021375656128
p0606,p0630,5,0.6489911675453186
p0607,p0519,1,0.6569015383720398
p0607,p0630,2,0.6313045024871826
p0607,p0536,3,0.6301501393318176
p0607,p0514,4,0.6287207007408142
p0607,p0606,5,0.6213424801826477
p0608,p0635,1,0.5834066867828369
p0608,p0609,2,0.5774642825126648
p0608,p0519,3,0.5722675323486328
p0608,p1125,4,0.5646048188209534
p0608,p1120,5,0.5595659017562866
p0609,p0635,1,0.807820737361908
p0609,p1120,2,0.7857248783111572
p0609,p0636,3,0.7059463858604431
p0609,p1125,4,0.6113196015357971
p0609,p0633,5,0.5882230401039124
p0610,p0513,1,0.5874325037002563
p0610,p0775,2,0.5792894959449768
p0610,p0563,3,0.5442321300506592
p0610,p0848,4,0.5381775498390198
p0610,p0782,5,0.5329636931419373
p0611,p0706,1,0.7007341980934143
p0611,p1206,2,0.6847165822982788
p0611,p0705,3,0.6617828011512756
p0611,p1205,4,0.6538289189338684
p0611,p1037,5,0.6345124840736389
p0612,p0533,1,0.9214696288108826
p0612,p0621,2,0.8497641682624817
p0612,p0520,3,0.6414327025413513
p0612,p0534,4,0.6274476051330566
p0612,p0518,5,0.6242247223854065
p0613,p0523,1,0.6527928709983826
p0613,p0621,2,0.604756772518158
p0613,p0531,3,0.599669337272644
p0613,p0520,4,0.5834609270095825
p0613,p0780,5,0.5760249495506287
p0614,p0781,1,0.995851993560791
p0614,p1474,2,0.7042009234428406
p0614,p0947,3,0.65285325050354
p0614,p0667,4,0.6231048107147217
p0614,p0948,5,0.6020939350128174
p0615,p0780,1,0.6264371871948242
p0615,p0621,2,0.6137073040008545
p0615,p0617,3,0.6000202298164368
p0615,p0612,4,0.5498915314674377
p0615,p0613,5,0.5344288349151611
p0616,p0775,1,0.7684720158576965
p0616,p0535,2,0.6303501129150391
p0616,p0534,3,0.6301813721656799
p0616,p1418,4,0.6116204857826233
p0616,p0517,5,0.589868426322937
p0617,p0615,1,0.6000202298164368
p0617,p0621,2,0.5545515418052673
p0617,p0531,3,0.5424429774284363
p0617,p0618,4,0.5385199785232544
p0617,p0534,5,0.5346834063529968
p0618,p0521,1,0.7851069569587708
p0618,p0619,2,0.6627889275550842
p0618,p0520,3,0.6566221117973328
p0618,p0530,4,0.6431596279144287
p0618,p0524,5,0.6399096846580505
p0619,p0618,1,0.6627889275550842
p0619,p0524,2,0.6084123849868774
p0619,p0530,3,0.5735887885093689
p0619,p0531,4,0.570091724395752
p0619,p0523,5,0.5495537519454956
p0620,p0652,1,0.6341549158096313
p0620,p0513,2,0.4896925091743469
p0620,p2028,3,0.4805765151977539
p0620,p0546,4,0.4627875089645386
p0620,p0622,5,0.4610409140586853
p0621,p0612,1,0.8497641682624817
p0621,p0533,2,0.7624342441558838
p0621,p0520,3,0.6807410717010498
p0621,p0534,4,0.657146155834198
p0621,p0519,5,0.6448717713356018
p0622,p0090,1,0.5512282848358154
p0622,p2042,2,0.5303443670272827
p0622,p0663,3,0.5271856784820557
p0622,p0773,4,0.5228979587554932
p0622,p2041,5,0.5216994285583496
p0623,p0775,1,0.5233210921287537
p0623,p0616,2,0.46280014514923096
p0623,p0783,3,0.4328683614730835
p0623,p0546,4,0.4317413568496704
p0623,p2030,5,0.4163719415664673
p0624,p0507,1,0.9800330996513367
p0624,p0774,2,0.9758298993110657
p0624,p0604,3,0.9462745785713196
p0624,p1028,4,0.9340202808380127
p0624,p1036,5,0.9323844313621521
p0625,p0742,1,0.7973443269729614
p0625,p0981,2,0.629887044429779
p0625,p0626,3,0.6083412766456604
p0625,p1243,4,0.5589658617973328
p0625,p1103,5,0.5045309066772461
p0626,p0981,1,0.9575445055961609
p0626,p0742,2,0.7460818886756897
p0626,p0625,3,0.6083412766456604
p0626,p1244,4,0.5550826787948608
p0626,p1113,5,0.4977912902832031
p0627,p0658,1,0.9898192882537842
p0627,p1026,2,0.9354335069656372
p0627,p0798,3,0.9294394850730896
p0627,p1154,4,0.9154184460639954
p0627,p0731,5,0.9016459584236145
p0628,p0651,1,0.656391441822052
p0628,p1101,2,0.6503462791442871
p0628,p1102,3,0.6381000876426697
p0628,p0529,4,0.6214767694473267
p0628,p1802,5,0.6190184950828552
p0629,p0652,1,0.6560035943984985
p0629,p0640,2,0.5145359039306641
p0629,p0777,3,0.5092616081237793
p0629,p1120,4,0.49808430671691895
p0629,p0647,5,0.4891689419746399
p0630,p1125,1,0.7394645810127258
p0630,p0512,2,0.6733072400093079
p0630,p0522,3,0.6713667511940002
p0630,p0606,4,0.6489911675453186
p0630,p1658,5,0.6472785472869873
p0631,p0633,1,0.6986562013626099
p0631,p1120,2,0.6179620623588562
p0631,p0652,3,0.5855728387832642
p0631,p1125,4,0.5593388080596924
p0631,p0636,5,0.538426399230957
p0632,p0647,1,0.8334780931472778
p0632,p1660,2,0.6631661057472229
p0632,p0653,3,0.574921190738678
p0632,p0652,4,0.5611422061920166
p0632,p0640,5,0.5357068181037903
p0633,p0631,1,0.6986562013626099
p0633,p1120,2,0.637327253818512
p0633,p1125,3,0.6362406611442566
p0633,p0636,4,0.6284326314926147
p0633,p0609,5,0.5882230401039124
p0634,p0780,1,0.4699620008468628
p0634,p1632,2,0.46076464653015137
p0634,p0981,3,0.45248568058013916
p0634,p0648,4,0.4349973201751709
p0634,p1243,5,0.43478405475616455
p0635,p0609,1,0.807820737361908
p0635,p1120,2,0.6942381262779236
p0635,p0636,3,0.6635861396789551
p0635,p0652,4,0.6070376038551331
p0635,p0633,5,0.5880507230758667
p0636,p1125,1,0.7107489109039307
p0636,p0609,2,0.7059463858604431
p0636,p1120,3,0.70545494556427
p0636,p0635,4,0.6635861396789551
p0636,p0633,5,0.6284326314926147
p0637,p1113,1,0.7835277318954468
p0637,p1770,2,0.7166997194290161
p0637,p1135,3,0.6391698718070984
p0637,p1098,4,0.6248543858528137
p0637,p0641,5,0.5909842252731323
p0638,p0661,1,0.869583785533905
p0638,p0513,2,0.6519397497177124
p0638,p0775,3,0.6326190233230591
p0638,p0563,4,0.5912367701530457
p0638,p0616,5,0.5883262157440186
p0639,p0983,1,0.746276319026947
p0639,p0985,2,0.6390655636787415
p0639,p0986,3,0.6235839128494263
p0639,p0758,4,0.6182201504707336
p0639,p0984,5,0.5933063626289368
p0640,p0652,1,0.650471031665802
p0640,p0653,2,0.6370788216590881
p0640,p0647,3,0.6273819208145142
p0640,p1659,4,0.5509988069534302
p0640,p0991,5,0.5395228862762451
p0641,p1782,1,0.7456695437431335
p0641,p0644,2,0.6776654124259949
p0641,p1634,3,0.6196012496948242
p0641,p0651,4,0.6129894852638245
p0641,p1098,5,0.5952281355857849
p0642,p0645,1,0.8236137628555298
p0642,p1114,2,0.7195541858673096
p0642,p0744,3,0.6381213068962097
p0642,p1110,4,0.6031651496887207
p0642,p1104,5,0.5893396735191345
p0643,p1100,1,0.9966748356819153
p0643,p1098,2,0.8565760850906372
p0643,p1099,3,0.8294826149940491
p0643,p0644,4,0.7543545365333557
p0643,p1118,5,0.750769317150116
p0644,p0643,1,0.7543545365333557
p0644,p1100,2,0.7394432425498962
p0644,p1098,3,0.6912444829940796
p0644,p0641,4,0.6776654124259949
p0644,p1099,5,0.6665689945220947
p0645,p0642,1,0.8236137628555298
p0645,p1114,2,0.7262409329414368
p0645,p1104,3,0.7087970972061157
p0645,p0752,4,0.6787031888961792
p0645,p0749,5,0.6399410367012024
p0646,p0891,1,0.6729868054389954
p0646,p0972,2,0.6195873022079468
p0646,p1048,3,0.6194155216217041
p0646,p0963,4,0.6173179745674133
p0646,p1906,5,0.6085476279258728
p0647,p0632,1,0.8334780931472778
p0647,p1660,2,0.7379965782165527
p0647,p0640,3,0.6273819208145142
p0647,p0652,4,0.5929877161979675
p0647,p0653,5,0.5595756769180298
p0648,p0653,1,0.6054387092590332
p0648,p1120,2,0.561488687992096
p0648,p1012,3,0.553051233291626
p0648,p0994,4,0.5378506183624268
p0648,p1135,5,0.5301607847213745
p0649,p1237,1,0.6254076361656189
p0649,p1230,2,0.5686859488487244
p0649,p0996,3,0.5605591535568237
p0649,p0999,4,0.5542692542076111
p0649,p1000,5,0.5440643429756165
p0650,p0648,1,0.5119041800498962
p0650,p0652,2,0.49006521701812744
p0650,p1117,3,0.47656887769699097
p0650,p0632,4,0.4738914966583252
p0650,p1108,5,0.47047561407089233
p0651,p0628,1,0.656391441822052
p0651,p1101,2,0.6555220484733582
p0651,p1102,3,0.6308562159538269
p0651,p1126,4,0.6226463913917542
p0651,p1108,5,0.6197132468223572
p0652,p0629,1,0.6560035943984985
p0652,p0640,2,0.650471031665802
p0652,p0620,3,0.6341549158096313
p0652,p0635,4,0.6070376038551331
p0652,p0647,5,0.5929877161979675
p0653,p0640,1,0.6370788216590881
p0653,p0648,2,0.6054387092590332
p0653,p0668,3,0.5943030118942261
p0653,p0632,4,0.574921190738678
p0653,p0647,5,0.5595756769180298
p0654,p0664,1,0.9845132231712341
p0654,p0665,2,0.6461377739906311
p0654,p1997,3,0.623985767364502
p0654,p0655,4,0.5557488799095154
p0654,p0638,5,0.5474777817726135
p0655,p0665,1,0.5953213572502136
p0655,p0562,2,0.5865829586982727
p0655,p0659,3,0.5696170330047607
p0655,p0590,4,0.5649375915527344
p0655,p0695,5,0.5592519640922546
p0656,p1108,1,0.5877273082733154
p0656,p1117,2,0.5664823055267334
p0656,p0651,3,0.5297513604164124
p0656,p1115,4,0.5172523856163025
p0656,p1126,5,0.5159972310066223
p0657,p1796,1,0.6585593223571777
p0657,p1010,2,0.5835623741149902
p0657,p1138,3,0.5801527500152588
p0657,p1574,4,0.5639017224311829
p0657,p1655,5,0.4691356420516968
p0658,p0627,1,0.9898192882537842
p0658,p1026,2,0.9449729323387146
p0658,p0798,3,0.9367228746414185
p0658,p1154,4,0.9156981706619263
p0658,p0731,5,0.9122962355613708
p0659,p0562,1,0.9319971203804016
p0659,p0843,2,0.7303604483604431
p0659,p0490,3,0.595537006855011
p0659,p0655,4,0.5696170330047607
p0659,p0699,5,0.5607070922851562
p0660,p0710,1,0.7089418172836304
p0660,p0564,2,0.6614689826965332
p0660,p1156,3,0.6312225461006165
p0660,p0574,4,0.6038179397583008
p0660,p0731,5,0.6011332869529724
p0661,p0638,1,0.869583785533905
p0661,p0658,2,0.6495245099067688
p0661,p0627,3,0.645042896270752
p0661,p0843,4,0.6435539126396179
p0661,p0731,5,0.6132262349128723
p0662,p1041,1,0.987190306186676
p0662,p0952,2,0.9781184792518616
p0662,p0948,3,0.8157579302787781
p0662,p0895,4,0.8114720582962036
p0662,p0949,5,0.800642192363739
p0663,p2026,1,0.6519283056259155
p0663,p0622,2,0.5271856784820557
p0663,p0730,3,0.4583432674407959
p0663,p1470,4,0.45618772506713867
p0663,p0665,5,0.4553713798522949
p0664,p0654,1,0.9845132231712341
p0664,p1997,2,0.6352294087409973
p0664,p0665,3,0.6295875310897827
p0664,p0655,4,0.550907552242279
p0664,p1999,5,0.5414384007453918
p0665,p0654,1,0.6461377739906311
p0665,p0664,2,0.6295875310897827
p0665,p0655,3,0.5953213572502136
p0665,p0562,4,0.5569540858268738
p0665,p0695,5,0.5421261787414551
p0666,p0676,1,0.700507640838623
p0666,p1995,2,0.5370085835456848
p0666,p0668,3,0.5316823720932007
p0666,p1959,4,0.5161826014518738
p0666,p1040,5,0.5125853419303894
p0667,p0947,1,0.7580078840255737
p0667,p0825,2,0.718959629535675
p0667,p0811,3,0.705424427986145
p0667,p0794,4,0.704246461391449
p0667,p0956,5,0.6976498365402222
p0668,p0653,1,0.5943030118942261
p0668,p0666,2,0.5316823720932007
p0668,p0655,3,0.5194116830825806
p0668,p0647,4,0.47624266147613525
p0668,p1217,5,0.4734673500061035
p0669,p0870,1,0.7844354510307312
p0669,p1520,2,0.6892867088317871
p0669,p1516,3,0.6793177127838135
p0669,p0789,4,0.65740966796875
p0669,p0684,5,0.654857873916626
p0670,p0686,1,0.6843333840370178
p0670,p0792,2,0.6681446433067322
p0670,p0836,3,0.6670472025871277
p0670,p0804,4,0.6362168788909912
p0670,p0856,5,0.6067485213279724
p0671,p0794,1,0.7786740660667419
p0671,p0811,2,0.7735993266105652
p0671,p0856,3,0.7447144389152527
p0671,p0672,4,0.741592526435852
p0671,p0846,5,0.7338611483573914
p0672,p0846,1,0.9932501912117004
p0672,p0954,2,0.9919061660766602
p0672,p1043,3,0.9900596737861633
p0672,p0811,4,0.9796324372291565
p0672,p0794,5,0.97816401720047
p0673,p0688,1,0.7647653222084045
p0673,p0700,2,0.7296263575553894
p0673,p0675,3,0.6142724752426147
p0673,p1454,4,0.5690873265266418
p0673,p1818,5,0.5545963048934937
p0674,p1051,1,0.8084292411804199
p0674,p0961,2,0.688413679599762
p0674,p0978,3,0.688413679599762
p0674,p1184,4,0.6780363321304321
p0674,p0933,5,0.6624448895454407
p0675,p1204,1,0.6610087752342224
p0675,p0673,2,0.6142724752426147
p0675,p0977,3,0.6099721193313599
p0675,p1219,4,0.5763486623764038
p0675,p0963,5,0.5611975789070129
p0676,p0666,1,0.700507640838623
p0676,p1995,2,0.59659743309021
p0676,p0718,3,0.552696168422699
p0676,p0758,4,0.5285837650299072
p0676,p1563,5,0.48164796829223633
p0677,p1040,1,0.9874503016471863
p0677,p1940,2,0.7524573802947998
p0677,p1610,3,0.7044556140899658
p0677,p1627,4,0.6364244222640991
p0677,p0934,5,0.6329549551010132
p0678,p1627,1,0.6962509155273438
p0678,p0941,2,0.6360045075416565
p0678,p0934,3,0.5952489376068115
p0678,p0940,4,0.5900063514709473
p0678,p0691,5,0.5750287175178528
p0679,p0969,1,0.6798892617225647
p0679,p0728,2,0.6724148988723755
p0679,p0730,3,0.6561163067817688
p0679,p0732,4,0.6253008842468262
p0679,p2008,5,0.6205105781555176
p0680,p1218,1,0.5280607342720032
p0680,p0967,2,0.5102086067199707
p0680,p0973,3,0.5067387223243713
p0680,p0972,4,0.46452540159225464
p0680,p0021,5,0.4412097930908203
p0681,p1570,1,0.6970031261444092
p0681,p1008,2,0.6560577154159546
p0681,p1455,3,0.6352415680885315
p0681,p0983,4,0.5060573816299438
p0681,p1681,5,0.5026305913925171
p0682,p0964,1,0.7838979959487915
p0682,p1202,2,0.7456231117248535
p0682,p1219,3,0.6974031925201416
p0682,p0969,4,0.6848565340042114
p0682,p0977,5,0.6580724120140076
p0683,p0642,1,0.5306517481803894
p0683,p0744,2,0.48199355602264404
p0683,p1644,3,0.475458025932312
p0683,p1212,4,0.4695242643356323
p0683,p0768,5,0.46897679567337036
p0684,p0669,1,0.654857873916626
p0684,p0836,2,0.6201986074447632
p0684,p0837,3,0.6048792004585266
p0684,p0789,4,0.6030723452568054
p0684,p0784,5,0.6016186475753784
p0685,p0956,1,0.6553264856338501
p0685,p0794,2,0.6470286846160889
p0685,p0954,3,0.6445212364196777
p0685,p0672,4,0.6438969373703003
p0685,p0811,5,0.6433312892913818
p0686,p0670,1,0.6843333840370178
p0686,p0790,2,0.6165085434913635
p0686,p0792,3,0.611176609992981
p0686,p0861,4,0.6096373200416565
p0686,p0811,5,0.5743759870529175
p0687,p0812,1,0.989453136920929
p0687,p0960,2,0.983371376991272
p0687,p0795,3,0.9821336269378662
p0687,p0827,4,0.9136428236961365
p0687,p0794,5,0.6617164015769958
p0688,p0673,1,0.7647653222084045
p0688,p0701,2,0.6280786395072937
p0688,p0995,3,0.6213355660438538
p0688,p1492,4,0.5568345785140991
p0688,p0675,5,0.5247426629066467
p0689,p0737,1,0.9727206230163574
p0689,p1993,2,0.5917650461196899
p0689,p1239,3,0.5729837417602539
p0689,p1221,4,0.5159318447113037
p0689,p0665,5,0.49660181999206543
p0690,p0692,1,0.7162490487098694
p0690,p0725,2,0.6679791212081909
p0690,p1183,3,0.6640509963035583
p0690,p1194,4,0.6640509963035583
p0690,p0995,5,0.6500566005706787
p0691,p0971,1,0.6986865997314453
p0691,p0965,2,0.6556458473205566
p0691,p1921,3,0.6548879742622375
p0691,p0753,4,0.6059406399726868
p0691,p1689,5,0.6059213876724243
p0692,p0690,1,0.7162490487098694
p0692,p0700,2,0.7073975205421448
p0692,p0713,3,0.6898272633552551
p0692,p0707,4,0.6459488868713379
p0692,p1190,5,0.6417113542556763
p0693,p0984,1,0.9656693935394287
p0693,p0738,2,0.5702012777328491
p0693,p0639,3,0.5605596899986267
p0693,p0983,4,0.5566168427467346
p0693,p0758,5,0.5458405613899231
p0694,p1482,1,0.690798282623291
p0694,p0958,2,0.5789293050765991
p0694,p0956,3,0.5706072449684143
p0694,p0696,4,0.569983720779419
p0694,p0955,5,0.5588325262069702
p0695,p0590,1,0.9902791380882263
p0695,p0667,2,0.6221567988395691
p0695,p0958,3,0.5996280312538147
p0695,p0956,4,0.5956236124038696
p0695,p1492,5,0.5947331786155701
p0696,p0955,1,0.8221173882484436
p0696,p0958,2,0.7499688863754272
p0696,p0588,3,0.7068379521369934
p0696,p1179,4,0.6682584881782532
p0696,p0548,5,0.6682584881782532
p0697,p0702,1,0.6138405799865723
p0697,p0698,2,0.6132616400718689
p0697,p2005,3,0.564544141292572
p0697,p0979,4,0.5608769655227661
p0697,p1952,5,0.5394397974014282
p0698,p1035,1,0.6320719122886658
p0698,p1895,2,0.6215200424194336
p0698,p1462,3,0.617013156414032
p0698,p1461,4,0.6138724088668823
p0698,p0697,5,0.6132616400718689
p0699,p0562,1,0.606508195400238
p0699,p0659,2,0.5607070922851562
p0699,p0843,3,0.537530779838562
p0699,p1540,4,0.5135018229484558
p0699,p1919,5,0.5007547736167908
p0700,p0673,1,0.7296263575553894
p0700,p0692,2,0.7073975205421448
p0700,p1950,3,0.6812683939933777
p0700,p1454,4,0.6744540929794312
p0700,p1190,5,0.6307321190834045
p0701,p0995,1,0.9901570677757263
p0701,p0688,2,0.6280786395072937
p0701,p0690,3,0.6187725067138672
p0701,p0702,4,0.5758396983146667
p0701,p1456,5,0.5539554357528687
p0702,p0729,1,0.7348721623420715
p0702,p0700,2,0.6297875046730042
p0702,p0697,3,0.6138405799865723
p0702,p0983,4,0.592260479927063
p0702,p0701,5,0.5758396983146667
p0703,p0679,1,0.6172680258750916
p0703,p0969,2,0.5926761627197266
p0703,p1458,3,0.5913567543029785
p0703,p1219,4,0.49648863077163696
p0703,p0951,5,0.4619672894477844
p0704,p0727,1,0.9954030513763428
p0704,p0743,2,0.9903733730316162
p0704,p1460,3,0.7734686732292175
p0704,p1553,4,0.6367151737213135
p0704,p0975,5,0.629149317741394
p0705,p1205,1,0.8732514977455139
p0705,p0706,2,0.8687735199928284
p0705,p1206,3,0.7328813076019287
p0705,p1802,4,0.721727728843689
p0705,p1101,5,0.695108950138092
p0706,p0705,1,0.8687735199928284
p0706,p1206,2,0.8438122272491455
p0706,p1205,3,0.7630608677864075
p0706,p0869,4,0.7366053462028503
p0706,p1037,5,0.7158198952674866
p0707,p0712,1,0.8062376379966736
p0707,p0723,2,0.7544502019882202
p0707,p0976,3,0.7459307909011841
p0707,p0715,4,0.7350925803184509
p0707,p0714,5,0.6927886009216309
p0708,p0722,1,0.6363559365272522
p0708,p0690,2,0.6290295720100403
p0708,p0714,3,0.6028395891189575
p0708,p0713,4,0.5822800397872925
p0708,p0692,5,0.5722826719284058
p0709,p0517,1,0.587464451789856
p0709,p0616,2,0.45401644706726074
p0709,p1369,3,0.4484827518463135
p0709,p1084,4,0.4421128034591675
p0709,p0778,5,0.43123239278793335
p0710,p0564,1,0.9209407567977905
p0710,p0574,2,0.7445143461227417
p0710,p0660,3,0.7089418172836304
p0710,p0851,4,0.7070471048355103
p0710,p1159,5,0.6973093748092651
p0711,p1110,1,0.8163284659385681
p0711,p0713,2,0.6881717443466187
p0711,p0715,3,0.6846399903297424
p0711,p0707,4,0.6708418130874634
p0711,p0714,5,0.6474478244781494
p0712,p0707,1,0.8062376379966736
p0712,p0715,2,0.8022673726081848
p0712,p0714,3,0.7048048377037048
p0712,p0713,4,0.6646353006362915
p0712,p0723,5,0.6615057587623596
p0713,p0715,1,0.7340502142906189
p0713,p0692,2,0.6898272633552551
p0713,p0711,3,0.6881717443466187
p0713,p0712,4,0.6646353006362915
p0713,p0714,5,0.6612605452537537
p0714,p0715,1,0.7978419065475464
p0714,p0712,2,0.7048048377037048
p0714,p0707,3,0.6927886009216309
p0714,p0716,4,0.6927165389060974
p0714,p0713,5,0.6612605452537537
p0715,p0712,1,0.8022673726081848
p0715,p0714,2,0.7978419065475464
p0715,p0707,3,0.7350925803184509
p0715,p0713,4,0.7340502142906189
p0715,p0716,5,0.7083454132080078
p0716,p0715,1,0.7083454132080078
p0716,p0714,2,0.6927165389060974
p0716,p0711,3,0.6418095231056213
p0716,p0707,4,0.6381343007087708
p0716,p0712,5,0.628210723400116
p0717,p0715,1,0.7047033309936523
p0717,p0714,2,0.6548090577125549
p0717,p0716,3,0.6220236420631409
p0717,p0707,4,0.6094045639038086
p0717,p0712,5,0.5876780152320862
p0718,p0758,1,0.5849933624267578
p0718,p0983,2,0.565605640411377
p0718,p0676,3,0.552696168422699
p0718,p0987,4,0.479561448097229
p0718,p0639,5,0.4772241711616516
p0719,p0968,1,0.9931841492652893
p0719,p0736,2,0.9884609580039978
p0719,p0937,3,0.9851388335227966
p0719,p1455,4,0.6747955679893494
p0719,p1440,5,0.5624731183052063
p0720,p0914,1,0.9866030216217041
p0720,p1459,2,0.773895800113678
p0720,p1044,3,0.625812292098999
p0720,p0957,4,0.5665384531021118
p0720,p0905,5,0.5632041692733765
p0721,p0765,1,0.7707769870758057
p0721,p1192,2,0.7707769870758057
p0721,p1914,3,0.6833467483520508
p0721,p1445,4,0.6813090443611145
p0721,p1194,5,0.604044497013092
p0722,p0708,1,0.6363559365272522
p0722,p0713,2,0.6169901490211487
p0722,p0715,3,0.6022440791130066
p0722,p0714,4,0.5930562019348145
p0722,p0690,5,0.5859664082527161
p0723,p0976,1,0.9888060092926025
p0723,p0707,2,0.7544502019882202
p0723,p0712,3,0.6615057587623596
p0723,p0713,4,0.5909186601638794
p0723,p0692,5,0.585912823677063
p0724,p0732,1,0.652042806148529
p0724,p0730,2,0.6396211385726929
p0724,p0728,3,0.608038604259491
p0724,p0679,4,0.6059905886650085
p0724,p2011,5,0.5963649153709412
p0725,p1183,1,0.9945197105407715
p0725,p1194,2,0.9945197105407715
p0725,p0690,3,0.6679791212081909
p0725,p1451,4,0.6500027179718018
p0725,p0721,5,0.6009398698806763
p0726,p1185,1,0.4236358404159546
p0726,p1220,2,0.4137498140335083
p0726,p0992,3,0.40468788146972656
p0726,p0766,4,0.40468788146972656
p0726,p0840,5,0.38889217376708984
p0727,p0704,1,0.9954030513763428
p0727,p0743,2,0.9947023391723633
p0727,p1460,3,0.787407398223877
p0727,p1553,4,0.6429118514060974
p0727,p0919,5,0.6256011724472046
p0728,p0729,1,0.7649467587471008
p0728,p0730,2,0.7481873035430908
p0728,p0732,3,0.7376243472099304
p0728,p0733,4,0.6992654204368591
p0728,p0679,5,0.6724148988723755
p0729,p0728,1,0.7649467587471008
p0729,p0702,2,0.7348721623420715
p0729,p0733,3,0.6744852066040039
p0729,p0730,4,0.6517326831817627
p0729,p0738,5,0.6480265259742737
p0730,p0728,1,0.7481873035430908
p0730,p0733,2,0.6848330497741699
p0730,p0732,3,0.6843645572662354
p0730,p0679,4,0.6561163067817688
p0730,p0729,5,0.6517326831817627
p0731,p1154,1,0.9833803176879883
p0731,p0798,2,0.9419469833374023
p0731,p1026,3,0.9266588091850281
p0731,p0658,4,0.9122962355613708
p0731,p0627,5,0.9016459584236145
p0732,p0728,1,0.7376243472099304
p0732,p0730,2,0.6843645572662354
p0732,p0724,3,0.652042806148529
p0732,p0733,4,0.6259835958480835
p0732,p0679,5,0.6253008842468262
p0733,p0728,1,0.6992654204368591
p0733,p0730,2,0.6848330497741699
p0733,p0729,3,0.6744852066040039
p0733,p0732,4,0.6259835958480835
p0733,p0734,5,0.6203799247741699
p0734,p0730,1,0.6418673992156982
p0734,p0733,2,0.6203799247741699
p0734,p0728,3,0.5977728962898254
p0734,p0577,4,0.5738853216171265
p0734,p0732,5,0.5733294486999512
p0735,p0728,1,0.5946868658065796
p0735,p2001,2,0.5566344857215881
p0735,p0730,3,0.5289941430091858
p0735,p0729,4,0.5081778168678284
p0735,p0734,5,0.5056645274162292
p0736,p0937,1,0.9924427270889282
p0736,p0719,2,0.9884609580039978
p0736,p0968,3,0.9872555136680603
p0736,p1455,4,0.6756434440612793
p0736,p1440,5,0.5588283538818359
p0737,p0689,1,0.9727206230163574
p0737,p1239,2,0.5808337330818176
p0737,p1993,3,0.5592703223228455
p0737,p1221,4,0.5463320016860962
p0737,p0702,5,0.5193681716918945
p0738,p2007,1,0.6541770100593567
p0738,p0728,2,0.6532032489776611
p0738,p0729,3,0.6480265259742737
p0738,p0730,4,0.6292591691017151
p0738,p0679,5,0.598791241645813
p0739,p2009,1,0.6049529314041138
p0739,p1183,2,0.5449082255363464
p0739,p1194,3,0.5449082255363464
p0739,p0728,4,0.5425084233283997
p0739,p0725,5,0.5279258489608765
p0740,p0962,1,1.0
p0740,p1238,2,1.0
p0740,p0589,3,0.5407581925392151
p0740,p1204,4,0.539756178855896
p0740,p1182,5,0.5289150476455688
p0741,p1830,1,0.8368710875511169
p0741,p1200,2,0.3746558427810669
p0741,p1236,3,0.37077462673187256
p0741,p1181,4,0.36833542585372925
p0741,p1004,5,0.36520421504974365
p0742,p0981,1,0.8060745596885681
p0742,p0625,2,0.7973443269729614
p0742,p0626,3,0.7460818886756897
p0742,p0997,4,0.5053204298019409
p0742,p0911,5,0.5029459595680237
p0743,p0727,1,0.9947023391723633
p0743,p0704,2,0.9903733730316162
p0743,p1460,3,0.7932730317115784
p0743,p1553,4,0.6611640453338623
p0743,p0919,5,0.6429328322410583
p0744,p1104,1,0.6553245186805725
p0744,p1109,2,0.6452016234397888
p0744,p0763,3,0.638126790523529
p0744,p0642,4,0.6381213068962097
p0744,p1212,5,0.6214572787284851
p0745,p0751,1,0.9435707330703735
p0745,p0755,2,0.7773267030715942
p0745,p0756,3,0.7158858180046082
p0745,p1112,4,0.6726640462875366
p0745,p1210,5,0.6632950305938721
p0746,p0759,1,0.6260719895362854
p0746,p0752,2,0.5996226072311401
p0746,p0763,3,0.5908050537109375
p0746,p0747,4,0.5902847647666931
p0746,p0750,5,0.5851755142211914
p0747,p1614,1,0.7492703795433044
p0747,p0760,2,0.6466376185417175
p0747,p0759,3,0.6233309507369995
p0747,p0770,4,0.6117981672286987
p0747,p0763,5,0.6063514947891235
p0748,p0759,1,0.8221086859703064
p0748,p0763,2,0.6998815536499023
p0748,p0770,3,0.6617395877838135
p0748,p1615,4,0.656955361366272
p0748,p0753,5,0.6245714426040649
p0749,p0752,1,0.70875483751297
p0749,p0763,2,0.7010641098022461
p0749,p0645,3,0.6399410367012024
p0749,p1104,4,0.6336519718170166
p0749,p0744,5,0.6058642268180847
p0750,p0763,1,0.7450883984565735
p0750,p0753,2,0.7175189256668091
p0750,p0759,3,0.6906274557113647
p0750,p1214,4,0.6537194848060608
p0750,p1645,5,0.6142491698265076
p0751,p0745,1,0.9435707330703735
p0751,p0755,2,0.7627094388008118
p0751,p0756,3,0.7060921788215637
p0751,p1103,4,0.6821144819259644
p0751,p1112,5,0.6557790637016296
p0752,p0749,1,0.70875483751297
p0752,p1612,2,0.6956285238265991
p0752,p0645,3,0.6787031888961792
p0752,p1613,4,0.6558018326759338
p0752,p1104,5,0.6462835073471069
p0753,p0750,1,0.7175189256668091
p0753,p0759,2,0.678819477558136
p0753,p0763,3,0.6722856760025024
p0753,p0748,4,0.6245714426040649
p0753,p0691,5,0.6059406399726868
p0754,p1649,1,0.6900588870048523
p0754,p0750,2,0.5063133239746094
p0754,p0744,3,0.4382585287094116
p0754,p1220,4,0.4329925775527954
p0754,p0746,5,0.430874228477478
p0755,p0756,1,0.9118921756744385
p0755,p1209,2,0.8677346706390381
p0755,p1112,3,0.8662149906158447
p0755,p1210,4,0.8582624793052673
p0755,p0932,5,0.823646068572998
p0756,p1210,1,0.9662340879440308
p0756,p1112,2,0.963495135307312
p0756,p0932,3,0.9285780191421509
p0756,p0755,4,0.9118921756744385
p0756,p1209,5,0.9053791165351868
p0757,p1609,1,0.6303840279579163
p0757,p0903,2,0.5141004323959351
p0757,p0759,3,0.4904043674468994
p0757,p0865,4,0.48736119270324707
p0757,p0744,5,0.4663291573524475
p0758,p0983,1,0.6878849864006042
p0758,p0639,2,0.6182201504707336
p0758,p0985,3,0.6143344044685364
p0758,p0982,4,0.6097889542579651
p0758,p0984,5,0.6048622131347656
p0759,p0748,1,0.8221086859703064
p0759,p0763,2,0.793739378452301
p0759,p0750,3,0.6906274557113647
p0759,p0753,4,0.678819477558136
p0759,p0929,5,0.651984691619873
p0760,p1617,1,0.6738561987876892
p0760,p1614,2,0.6668788194656372
p0760,p0747,3,0.6466376185417175
p0760,p0770,4,0.5243669748306274
p0760,p1456,5,0.49507784843444824
p0761,p1618,1,0.662970781326294
p0761,p0759,2,0.591596782207489
p0761,p0748,3,0.5202144384384155
p0761,p0747,4,0.5039987564086914
p0761,p1211,5,0.48526179790496826
p0762,p1621,1,0.7367032766342163
p0762,p1622,2,0.6989977359771729
p0762,p1682,3,0.6136364340782166
p0762,p1675,4,0.5360307097434998
p0762,p1228,5,0.5300655961036682
p0763,p0759,1,0.793739378452301
p0763,p0750,2,0.7450883984565735
p0763,p1214,3,0.7443498373031616
p0763,p0749,4,0.7010641098022461
p0763,p0748,5,0.6998815536499023
p0764,p0763,1,0.5692912340164185
p0764,p1628,2,0.5510656237602234
p0764,p0645,3,0.5168048739433289
p0764,p0749,4,0.5161687135696411
p0764,p0744,5,0.5116719603538513
p0765,p1192,1,1.0
p0765,p1445,2,0.8020293712615967
p0765,p1914,3,0.8003420233726501
p0765,p0721,4,0.7707769870758057
p0765,p1063,5,0.6010900735855103
p0766,p0992,1,1.0
p0766,p1191,2,0.9809638261795044
p0766,p0721,3,0.5888364315032959
p0766,p0725,4,0.5507892370223999
p0766,p1183,5,0.5422348380088806
p0767,p1927,1,0.6736593246459961
p0767,p0963,2,0.6318039894104004
p0767,p0966,3,0.6213576793670654
p0767,p0967,4,0.6187047958374023
p0767,p0965,5,0.6034252643585205
p0768,p0769,1,0.6494979858398438
p0768,p1220,2,0.6458727717399597
p0768,p1212,3,0.6385349035263062
p0768,p0945,4,0.6131963133811951
p0768,p0744,5,0.6128860712051392
p0769,p1220,1,0.6840078234672546
p0769,p0768,2,0.6494979858398438
p0769,p0945,3,0.5914708375930786
p0769,p0752,4,0.5885598659515381
p0769,p0771,5,0.5751290917396545
p0770,p1650,1,0.7209268808364868
p0770,p0748,2,0.6617395877838135
p0770,p0759,3,0.6308081746101379
p0770,p0763,4,0.6118995547294617
p0770,p0747,5,0.6117981672286987
p0771,p1651,1,0.5845075249671936
p0771,p0769,2,0.5751290917396545
p0771,p0752,3,0.5432413220405579
p0771,p0750,4,0.5315917134284973
p0771,p0945,5,0.5283819437026978
p0772,p0773,1,0.6935026049613953
p0772,p0513,2,0.6008849740028381
p0772,p2029,3,0.5812662243843079
p0772,p2020,4,0.5212916731834412
p0772,p1426,5,0.4972514510154724
p0773,p2029,1,0.694998025894165
p0773,p0772,2,0.6935026049613953
p0773,p2017,3,0.5949280858039856
p0773,p2015,4,0.5851288437843323
p0773,p0513,5,0.5686118006706238
p0774,p0507,1,0.9967308640480042
p0774,p0624,2,0.9758298993110657
p0774,p1036,3,0.9504780173301697
p0774,p1028,4,0.9382298588752747
p0774,p0604,5,0.937538743019104
p0775,p0616,1,0.7684720158576965
p0775,p0534,2,0.6721318364143372
p0775,p0638,3,0.6326190233230591
p0775,p0513,4,0.624960720539093
p0775,p0535,5,0.6134369969367981
p0776,p0516,1,0.6730433702468872
p0776,p0610,2,0.5156623721122742
p0776,p2018,3,0.49482840299606323
p0776,p1753,4,0.48758381605148315
p0776,p0542,5,0.48091161251068115
p0777,p1432,1,0.6487912535667419
p0777,p0523,2,0.6061258316040039
p0777,p1048,3,0.6008710265159607
p0777,p0527,4,0.5491660833358765
p0777,p0531,5,0.5221422910690308
p0778,p0517,1,0.7012673616409302
p0778,p0521,2,0.605093777179718
p0778,p1738,3,0.5954753756523132
p0778,p0544,4,0.557064950466156
p0778,p1734,5,0.5495326519012451
p0779,p0515,1,0.8515589237213135
p0779,p0778,2,0.4901160001754761
p0779,p1729,3,0.4707428812980652
p0779,p0535,4,0.45335495471954346
p0779,p0554,5,0.43195855617523193
p0780,p1128,1,0.6485248804092407
p0780,p0615,2,0.6264371871948242
p0780,p0613,3,0.5760249495506287
p0780,p0621,4,0.5462636947631836
p0780,p1127,5,0.5374112725257874
p0781,p0614,1,0.995851993560791
p0781,p1474,2,0.695560097694397
p0781,p0947,3,0.6587385535240173
p0781,p0667,4,0.6282190084457397
p0781,p0948,5,0.6083704233169556
p0782,p0546,1,0.567440390586853
p0782,p0783,2,0.5614601373672485
p0782,p0775,3,0.5572730302810669
p0782,p0610,4,0.5329636931419373
p0782,p0563,5,0.524349570274353
p0783,p0542,1,0.6045953035354614
p0783,p0782,2,0.5614601373672485
p0783,p0546,3,0.5425905585289001
p0783,p2031,4,0.4817526340484619
p0783,p2020,5,0.4532921314239502
p0784,p0789,1,0.8505370616912842
p0784,p1514,2,0.7202830910682678
p0784,p0787,3,0.6992413997650146
p0784,p0785,4,0.6944494843482971
p0784,p1149,5,0.663055419921875
p0785,p1149,1,0.9191683530807495
p0785,p0787,2,0.7361088395118713
p0785,p0786,3,0.7329782843589783
p0785,p0784,4,0.6944494843482971
p0785,p1284,5,0.6516962647438049
p0786,p0787,1,0.7837678790092468
p0786,p0785,2,0.7329782843589783
p0786,p1015,3,0.7054734826087952
p0786,p1146,4,0.6991357803344727
p0786,p1149,5,0.6700798273086548
p0787,p0786,1,0.7837678790092468
p0787,p0785,2,0.7361088395118713
p0787,p0789,3,0.7033104300498962
p0787,p0784,4,0.6992413997650146
p0787,p1313,5,0.6764239072799683
p0788,p1015,1,0.6888431310653687
p0788,p0600,2,0.6886112689971924
p0788,p0787,3,0.65275639295578
p0788,p0786,4,0.6453776359558105
p0788,p1938,5,0.6269886493682861
p0789,p0784,1,0.8505370616912842
p0789,p0787,2,0.7033104300498962
p0789,p0870,3,0.6843048334121704
p0789,p1514,4,0.6802980303764343
p0789,p1513,5,0.6782746911048889
p0790,p0792,1,0.8139423727989197
p0790,p0810,2,0.7584453821182251
p0790,p0791,3,0.7521607279777527
p0790,p0805,4,0.7293767333030701
p0790,p0804,5,0.7006469368934631
p0791,p0810,1,0.9943220615386963
p0791,p0823,2,0.9530706405639648
p0791,p0845,3,0.9406028389930725
p0791,p0790,4,0.7521607279777527
p0791,p1515,5,0.6347955465316772
p0792,p0856,1,0.8163535594940186
p0792,p0790,2,0.8139423727989197
p0792,p0811,3,0.7941372990608215
p0792,p0794,4,0.7902056574821472
p0792,p0804,5,0.7368008494377136
p0793,p0824,1,0.9819145202636719
p0793,p0804,2,0.7769913673400879
p0793,p0801,3,0.7688462734222412
p0793,p1155,4,0.7648248076438904
p0793,p1022,5,0.7437843084335327
p0794,p0811,1,0.992481529712677
p0794,p0672,2,0.97816401720047
p0794,p0846,3,0.971198558807373
p0794,p1043,4,0.9703509211540222
p0794,p0954,5,0.9692955613136292
p0795,p0812,1,0.9935599565505981
p0795,p0687,2,0.9821336269378662
p0795,p0960,3,0.9785547256469727
p0795,p0827,4,0.9399328231811523
p0795,p0794,5,0.7066075801849365
p0796,p0807,1,0.7340410351753235
p0796,p0808,2,0.6790902018547058
p0796,p0839,3,0.6417161226272583
p0796,p0802,4,0.6363973021507263
p0796,p0804,5,0.6244914531707764
p0797,p0838,1,0.9074974060058594
p0797,p1152,2,0.7775498628616333
p0797,p0816,3,0.7484338879585266
p0797,p1165,4,0.688883900642395
p0797,p1153,5,0.6886361241340637
p0798,p1026,1,0.9912118315696716
p0798,p1154,2,0.9608275890350342
p0798,p0731,3,0.9419469833374023
p0798,p0658,4,0.9367228746414185
p0798,p0627,5,0.9294394850730896
p0799,p1156,1,0.9800242185592651
p0799,p0801,2,0.8309152722358704
p0799,p0605,3,0.8198921084403992
p0799,p1155,4,0.8108328580856323
p0799,p0509,5,0.7422690391540527
p0800,p0840,1,0.9488612413406372
p0800,p1157,2,0.9488612413406372
p0800,p1077,3,0.9279420375823975
p0800,p1322,4,0.580959677696228
p0800,p0805,5,0.5647406578063965
p0801,p1155,1,0.9613856673240662
p0801,p0799,2,0.8309152722358704
p0801,p1156,3,0.8180669546127319
p0801,p0824,4,0.771649181842804
p0801,p0605,5,0.7703981399536133
p0802,p0816,1,0.7426175475120544
p0802,p1171,2,0.7337471842765808
p0802,p0822,3,0.7065474987030029
p0802,p1165,4,0.7056726813316345
p0802,p0838,5,0.7051817178726196
p0803,p0816,1,0.7168847322463989
p0803,p0815,2,0.7057766318321228
p0803,p0802,3,0.6911424994468689
p0803,p1166,4,0.6880898475646973
p0803,p1165,5,0.6877469420433044
p0804,p0793,1,0.7769913673400879
p0804,p0792,2,0.7368008494377136
p0804,p0824,3,0.7316766977310181
p0804,p0790,4,0.7006469368934631
p0804,p0856,5,0.6657515168190002
p0805,p0841,1,0.7622501254081726
p0805,p0790,2,0.7293767333030701
p0805,p0809,3,0.7258664965629578
p0805,p0838,4,0.6869279742240906
p0805,p0792,5,0.6518032550811768
p0806,p1969,1,0.6473286151885986
p0806,p0809,2,0.5104647874832153
p0806,p1064,3,0.48346734046936035
p0806,p0857,4,0.4747653007507324
p0806,p0805,5,0.4362928867340088
p0807,p0796,1,0.7340410351753235
p0807,p0839,2,0.6489254832267761
p0807,p1296,3,0.6203564405441284
p0807,p0808,4,0.6197460889816284
p0807,p0801,5,0.5818970799446106
p0808,p0796,1,0.6790902018547058
p0808,p0814,2,0.6384077668190002
p0808,p0807,3,0.6197460889816284
p0808,p1169,4,0.6075670123100281
p0808,p1171,5,0.5789174437522888
p0809,p0805,1,0.7258664965629578
p0809,p0841,2,0.6760985851287842
p0809,p0790,3,0.673311710357666
p0809,p0792,4,0.6497156023979187
p0809,p0804,5,0.5983452796936035
p0810,p0791,1,0.9943220615386963
p0810,p0823,2,0.9610044956207275
p0810,p0845,3,0.9505812525749207
p0810,p0790,4,0.7584453821182251
p0810,p1515,5,0.6411667466163635
p0811,p0794,1,0.992481529712677
p0811,p0672,2,0.9796324372291565
p0811,p0954,3,0.9743173718452454
p0811,p0846,4,0.9710438847541809
p0811,p1043,5,0.9676662683486938
p0812,p0795,1,0.9935599565505981
p0812,p0687,2,0.989453136920929
p0812,p0960,3,0.9874005317687988
p0812,p0827,4,0.9316674470901489
p0812,p0794,5,0.6952388882637024
p0813,p0830,1,0.9113398194313049
p0813,p0829,2,0.7986841201782227
p0813,p0833,3,0.7437646985054016
p0813,p1319,4,0.7295560240745544
p0813,p0832,5,0.7064719200134277
p0814,p0816,1,0.7083053588867188
p0814,p0838,2,0.6854521632194519
p0814,p0561,3,0.6796858310699463
p0814,p0802,4,0.6759795546531677
p0814,p0797,5,0.672427237033844
p0815,p1169,1,0.756637692451477
p0815,p1164,2,0.7381716966629028
p0815,p0803,3,0.7057766318321228
p0815,p0817,4,0.6975681185722351
p0815,p0822,5,0.6784055829048157
p0816,p1165,1,0.7904331684112549
p0816,p1171,2,0.767173707485199
p0816,p1164,3,0.7554663419723511
p0816,p0797,4,0.7484338879585266
p0816,p0802,5,0.7426175475120544
p0817,p1027,1,0.9826977849006653
p0817,p0815,2,0.6975681185722351
p0817,p1169,3,0.6591168642044067
p0817,p0822,4,0.6384983062744141
p0817,p1164,5,0.6116478443145752
p0818,p0819,1,0.685099720954895
p0818,p0803,2,0.6565039753913879
p0818,p1023,3,0.6315340399742126
p0818,p1164,4,0.6279945373535156
p0818,p0816,5,0.6236650943756104
p0819,p1164,1,0.8031141757965088
p0819,p0818,2,0.685099720954895
p0819,p1167,3,0.677618145942688
p0819,p1165,4,0.6700794696807861
p0819,p0802,5,0.6671289801597595
p0820,p1164,1,0.6517028212547302
p0820,p0814,2,0.6467568278312683
p0820,p0815,3,0.6435716152191162
p0820,p1169,4,0.6304743885993958
p0820,p0802,5,0.6238646507263184
p0821,p1281,1,0.5518310070037842
p0821,p0822,2,0.5509945154190063
p0821,p0802,3,0.5361691117286682
p0821,p1160,4,0.5334126949310303
p0821,p1171,5,0.5318114757537842
p0822,p1170,1,0.7810959815979004
p0822,p1164,2,0.7085671424865723
p0822,p0802,3,0.7065474987030029
p0822,p1171,4,0.6976805925369263
p0822,p1165,5,0.6949005126953125
p0823,p0845,1,0.9946463704109192
p0823,p0810,2,0.9610044956207275
p0823,p0791,3,0.9530706405639648
p0823,p1515,4,0.682713508605957
p0823,p0790,5,0.6360132098197937
p0824,p0793,1,0.9819145202636719
p0824,p1155,2,0.8014618754386902
p0824,p0801,3,0.771649181842804
p0824,p1022,4,0.7415939569473267
p0824,p0870,5,0.732175886631012
p0825,p0846,1,0.9580419659614563
p0825,p0672,2,0.9543909430503845
p0825,p1043,3,0.9521776437759399
p0825,p0954,4,0.9455893635749817
p0825,p0794,5,0.9342563152313232
p0826,p0847,1,0.9999998211860657
p0826,p1046,2,0.9923731088638306
p0826,p0794,3,0.522989809513092
p0826,p0811,4,0.5186862945556641
p0826,p0960,5,0.5096093416213989
p0827,p0795,1,0.9399328231811523
p0827,p0812,2,0.9316674470901489
p0827,p0687,3,0.9136428236961365
p0827,p0960,4,0.9078456163406372
p0827,p1496,5,0.6997781991958618
p0828,p0511,1,0.7605004906654358
p0828,p1091,2,0.682170033454895
p0828,p1089,3,0.6736496686935425
p0828,p1083,4,0.6594284176826477
p0828,p1085,5,0.6585962176322937
p0829,p0813,1,0.7986841201782227
p0829,p0830,2,0.7723657488822937
p0829,p1319,3,0.7329122424125671
p0829,p0832,4,0.7121909260749817
p0829,p0833,5,0.7060661911964417
p0830,p0813,1,0.9113398194313049
p0830,p0829,2,0.7723657488822937
p0830,p0833,3,0.7280668616294861
p0830,p0510,4,0.7244787812232971
p0830,p1319,5,0.714801549911499
p0831,p0842,1,0.7192189693450928
p0831,p0833,2,0.6909589767456055
p0831,p0510,3,0.6696515679359436
p0831,p0829,4,0.6610105633735657
p0831,p1326,5,0.6474102139472961
p0832,p0829,1,0.7121909260749817
p0832,p0813,2,0.7064719200134277
p0832,p0830,3,0.6949562430381775
p0832,p0833,4,0.6856147050857544
p0832,p0510,5,0.6747334599494934
p0833,p0813,1,0.7437646985054016
p0833,p0830,2,0.7280668616294861
p0833,p0829,3,0.7060661911964417
p0833,p1082,4,0.6997423768043518
p0833,p0831,5,0.6909589767456055
p0834,p0525,1,0.9490687847137451
p0834,p1038,2,0.931414783000946
p0834,p0853,3,0.8945377469062805
p0834,p0581,4,0.8293351531028748
p0834,p0506,5,0.7051641941070557
p0835,p0829,1,0.5646207332611084
p0835,p0510,2,0.5609962344169617
p0835,p0813,3,0.5548585057258606
p0835,p1315,4,0.5444548726081848
p0835,p0842,5,0.5411678552627563
p0836,p0792,1,0.7317682504653931
p0836,p0856,2,0.6925345659255981
p0836,p0670,3,0.6670472025871277
p0836,p0794,4,0.656794011592865
p0836,p0804,5,0.647036075592041
p0837,p1523,1,0.7065773606300354
p0837,p0684,2,0.6048792004585266
p0837,p0836,3,0.5723896622657776
p0837,p0704,4,0.5670477747917175
p0837,p0485,5,0.5613478422164917
p0838,p0797,1,0.9074974060058594
p0838,p1153,2,0.8632184267044067
p0838,p0839,3,0.715836763381958
p0838,p0816,4,0.7061898708343506
p0838,p0802,5,0.7051817178726196
p0839,p0838,1,0.715836763381958
p0839,p0801,2,0.7075081467628479
p0839,p1153,3,0.7037586569786072
p0839,p1155,4,0.6977542638778687
p0839,p0807,5,0.6489254832267761
p0840,p1157,1,1.0
p0840,p1077,2,0.9896392226219177
p0840,p0800,3,0.9488612413406372
p0840,p0829,4,0.617767870426178
p0840,p0833,5,0.6112911105155945
p0841,p0805,1,0.7622501254081726
p0841,p0809,2,0.6760985851287842
p0841,p1531,3,0.6472271680831909
p0841,p1525,4,0.6104549169540405
p0841,p0838,5,0.6073946356773376
p0842,p0510,1,0.7382665276527405
p0842,p0831,2,0.7192189693450928
p0842,p0829,3,0.688828706741333
p0842,p1276,4,0.6853986978530884
p0842,p1327,5,0.6837296485900879
p0843,p0562,1,0.7988764047622681
p0843,p0659,2,0.7303604483604431
p0843,p0661,3,0.6435539126396179
p0843,p1540,4,0.5948317646980286
p0843,p0490,5,0.5874418616294861
p0844,p0561,1,0.993356466293335
p0844,p0509,2,0.7956081032752991
p0844,p0605,3,0.765245795249939
p0844,p1304,4,0.6954982280731201
p0844,p1171,5,0.6945727467536926
p0845,p0823,1,0.9946463704109192
p0845,p0810,2,0.9505812525749207
p0845,p0791,3,0.9406028389930725
p0845,p1515,4,0.6865077614784241
p0845,p0790,5,0.6073978543281555
p0846,p0672,1,0.9932501912117004
p0846,p1043,2,0.9932446479797363
p0846,p0954,3,0.9915753602981567
p0846,p0794,4,0.971198558807373
p0846,p0811,5,0.9710438847541809
p0847,p0826,1,0.9999998211860657
p0847,p1046,2,0.9923731088638306
p0847,p0794,3,0.522989809513092
p0847,p0811,4,0.5186862945556641
p0847,p0960,5,0.5096093416213989
p0848,p0563,1,0.9888566136360168
p0848,p0658,2,0.8602750897407532
p0848,p0627,3,0.851125955581665
p0848,p0798,4,0.8288944959640503
p0848,p1026,5,0.8188343644142151
p0849,p0850,1,0.7546727061271667
p0849,p1193,2,0.705683708190918
p0849,p0852,3,0.7031627297401428
p0849,p1060,4,0.7030854821205139
p0849,p1189,5,0.7027347087860107
p0850,p0849,1,0.7546727061271667
p0850,p1189,2,0.7109270095825195
p0850,p1193,3,0.6981717348098755
p0850,p1240,4,0.6779175996780396
p0850,p1060,5,0.6593019962310791
p0851,p1029,1,0.9759239554405212
p0851,p1061,2,0.9670003056526184
p0851,p0894,3,0.8272497653961182
p0851,p0564,4,0.71799236536026
p0851,p0710,5,0.7070471048355103
p0852,p0849,1,0.7031627297401428
p0852,p0894,2,0.6899420022964478
p0852,p1060,3,0.6714943051338196
p0852,p1193,4,0.6602003574371338
p0852,p0662,5,0.5956528186798096
p0853,p0525,1,0.9458450675010681
p0853,p0581,2,0.9335203170776367
p0853,p1038,3,0.9170079827308655
p0853,p0834,4,0.8945377469062805
p0853,p0484,5,0.6610150337219238
p0854,p0857,1,0.6526085138320923
p0854,p0849,2,0.6475725173950195
p0854,p0897,3,0.6450875401496887
p0854,p1189,4,0.6306828856468201
p0854,p1193,5,0.6260954141616821
p0855,p0857,1,0.735807478427887
p0855,p1944,2,0.6301997303962708
p0855,p0854,3,0.6185920834541321
p0855,p1189,4,0.6067999601364136
p0855,p1188,5,0.6000744104385376
p0856,p0792,1,0.8163535594940186
p0856,p0671,2,0.7447144389152527
p0856,p0811,3,0.7212713956832886
p0856,p0794,4,0.7185678482055664
p0856,p0836,5,0.6925345659255981
p0857,p0855,1,0.735807478427887
p0857,p0854,2,0.6526085138320923
p0857,p1189,3,0.6362445950508118
p0857,p1188,4,0.6320772171020508
p0857,p0856,5,0.6007041335105896
p0858,p1067,1,0.7151199579238892
p0858,p0849,2,0.6912096738815308
p0858,p1955,3,0.6833269596099854
p0858,p1193,4,0.6767725944519043
p0858,p1060,5,0.637786865234375
p0859,p0811,1,0.6895475387573242
p0859,p0794,2,0.6849806308746338
p0859,p0856,3,0.6563713550567627
p0859,p0792,4,0.6494759917259216
p0859,p0672,5,0.6416288018226624
p0860,p1189,1,0.616765022277832
p0860,p1190,2,0.5650405287742615
p0860,p0899,3,0.5615304112434387
p0860,p0850,4,0.5422624945640564
p0860,p1033,5,0.5390795469284058
p0861,p0811,1,0.6261804103851318
p0861,p1533,2,0.6228148341178894
p0861,p0794,3,0.6215200424194336
p0861,p0686,4,0.6096373200416565
p0861,p0672,5,0.6031751036643982
p0862,p1542,1,0.6281961798667908
p0862,p0863,2,0.565420389175415
p0862,p0036,3,0.504419207572937
p0862,p0864,4,0.49792444705963135
p0862,p0871,5,0.4922744035720825
p0863,p0036,1,0.7025401592254639
p0863,p0864,2,0.6718226075172424
p0863,p1953,3,0.645351767539978
p0863,p1547,4,0.6190997958183289
p0863,p1548,5,0.615386426448822
p0864,p0863,1,0.6718226075172424
p0864,p1573,2,0.6252882480621338
p0864,p1953,3,0.6183789372444153
p0864,p1578,4,0.6160548329353333
p0864,p1818,5,0.6140105128288269
p0865,p1047,1,0.7527437806129456
p0865,p0866,2,0.7522512078285217
p0865,p1175,3,0.746548056602478
p0865,p0487,4,0.6847549080848694
p0865,p0871,5,0.6605157852172852
p0866,p1047,1,0.9968271255493164
p0866,p1175,2,0.990199625492096
p0866,p0865,3,0.7522512078285217
p0866,p0875,4,0.6910989284515381
p0866,p0487,5,0.6671283841133118
p0867,p0884,1,0.7304486632347107
p0867,p0966,2,0.6504406332969666
p0867,p1539,3,0.646618127822876
p0867,p1202,4,0.5797391533851624
p0867,p0964,5,0.5650250911712646
p0868,p0869,1,0.9069184064865112
p0868,p1205,2,0.7141008377075195
p0868,p0705,3,0.6911325454711914
p0868,p1206,4,0.5912485122680664
p0868,p0706,5,0.5620469450950623
p0869,p0868,1,0.9069184064865112
p0869,p1206,2,0.7560257315635681
p0869,p0706,3,0.7366053462028503
p0869,p1205,4,0.7055947780609131
p0869,p0705,5,0.6723455190658569
p0870,p0669,1,0.7844354510307312
p0870,p0824,2,0.732175886631012
p0870,p1155,3,0.7046228051185608
p0870,p0793,4,0.7020743489265442
p0870,p1156,5,0.6862906217575073
p0871,p0865,1,0.6605157852172852
p0871,p1542,2,0.6369975805282593
p0871,p1175,3,0.5225968956947327
p0871,p0452,4,0.5215468406677246
p0871,p0036,5,0.5188694596290588
p0872,p1017,1,0.6480057835578918
p0872,p1021,2,0.6384487152099609
p0872,p0873,3,0.6033778786659241
p0872,p1020,4,0.6018911004066467
p0872,p1016,5,0.5974546670913696
p0873,p0872,1,0.6033778786659241
p0873,p0577,2,0.5564896464347839
p0873,p1544,3,0.5405928492546082
p0873,p0576,4,0.5358332395553589
p0873,p0865,5,0.527314305305481
p0874,p1047,1,0.6379708051681519
p0874,p0866,2,0.6375635266304016
p0874,p1175,3,0.6355790495872498
p0874,p0865,4,0.634172260761261
p0874,p1545,5,0.5402733087539673
p0875,p0866,1,0.6910989284515381
p0875,p1047,2,0.6889869570732117
p0875,p1175,3,0.6850333213806152
p0875,p0487,4,0.6158478856086731
p0875,p0865,5,0.6141729354858398
p0876,p0882,1,0.7834214568138123
p0876,p0877,2,0.7479017376899719
p0876,p0878,3,0.7379659414291382
p0876,p0881,4,0.7189021110534668
p0876,p0893,5,0.6747514009475708
p0877,p0881,1,0.8129997849464417
p0877,p0876,2,0.7479017376899719
p0877,p0882,3,0.7111657857894897
p0877,p0878,4,0.6625189185142517
p0877,p1815,5,0.6444827914237976
p0878,p0882,1,0.7856581807136536
p0878,p0881,2,0.7578409314155579
p0878,p0876,3,0.7379659414291382
p0878,p1814,4,0.6660405993461609
p0878,p0877,5,0.6625189185142517
p0879,p0890,1,0.7094776630401611
p0879,p0893,2,0.6305319666862488
p0879,p0882,3,0.6266193985939026
p0879,p0880,4,0.622843325138092
p0879,p0885,5,0.5985987186431885
p0880,p0889,1,0.644432783126831
p0880,p0879,2,0.622843325138092
p0880,p0887,3,0.6072660088539124
p0880,p0893,4,0.6043798327445984
p0880,p0890,5,0.583450973033905
p0881,p0877,1,0.8129997849464417
p0881,p0882,2,0.7810622453689575
p0881,p0878,3,0.7578409314155579
p0881,p0876,4,0.7189021110534668
p0881,p0893,5,0.6289988160133362
p0882,p0878,1,0.7856581807136536
p0882,p0876,2,0.7834214568138123
p0882,p0881,3,0.7810622453689575
p0882,p0893,4,0.7316611409187317
p0882,p0887,5,0.718428373336792
p0883,p0892,1,0.5889441967010498
p0883,p0888,2,0.5885550379753113
p0883,p0885,3,0.5876063704490662
p0883,p0899,4,0.5722842812538147
p0883,p0882,5,0.5653001666069031
p0884,p0867,1,0.7304486632347107
p0884,p1535,2,0.6226218938827515
p0884,p0866,3,0.5483224987983704
p0884,p0966,4,0.5472928881645203
p0884,p1047,5,0.53935706615448
p0885,p0886,1,0.7094260454177856
p0885,p0882,2,0.610733687877655
p0885,p0893,3,0.6051597595214844
p0885,p0879,4,0.5985987186431885
p0885,p0890,5,0.5934882164001465
p0886,p0885,1,0.7094260454177856
p0886,p0882,2,0.6451016664505005
p0886,p0887,3,0.600892186164856
p0886,p0893,4,0.5844814777374268
p0886,p0879,5,0.5744807124137878
p0887,p0882,1,0.718428373336792
p0887,p0889,2,0.6598851084709167
p0887,p0893,3,0.6549873352050781
p0887,p1822,4,0.648139238357544
p0887,p0878,5,0.6080365777015686
p0888,p1823,1,0.7201673984527588
p0888,p0883,2,0.5885550379753113
p0888,p0892,3,0.5884296894073486
p0888,p1541,4,0.5783294439315796
p0888,p1986,5,0.5396173000335693
p0889,p0887,1,0.6598851084709167
p0889,p0880,2,0.644432783126831
p0889,p0893,3,0.6328595280647278
p0889,p0882,4,0.5700632333755493
p0889,p0886,5,0.5370456576347351
p0890,p0879,1,0.7094776630401611
p0890,p0882,2,0.6794072985649109
p0890,p0893,3,0.6442028284072876
p0890,p0887,4,0.6009219288825989
p0890,p0885,5,0.5934882164001465
p0891,p1906,1,0.9367513656616211
p0891,p1202,2,0.6764546632766724
p0891,p0646,3,0.6729868054389954
p0891,p0964,4,0.6565985679626465
p0891,p0972,5,0.655164361000061
p0892,p1828,1,0.7494659423828125
p0892,p0883,2,0.5889441967010498
p0892,p0888,3,0.5884296894073486
p0892,p1943,4,0.5720800161361694
p0892,p0669,5,0.5595942735671997
p0893,p0882,1,0.7316611409187317
p0893,p0876,2,0.6747514009475708
p0893,p0887,3,0.6549873352050781
p0893,p0890,4,0.6442028284072876
p0893,p0878,5,0.6417593359947205
p0894,p0851,1,0.8272497653961182
p0894,p1029,2,0.7976502180099487
p0894,p1061,3,0.7869202494621277
p0894,p0852,4,0.6899420022964478
p0894,p0564,5,0.6361381411552429
p0895,p0948,1,0.9779089093208313
p0895,p0949,2,0.9460887312889099
p0895,p0951,3,0.8325994610786438
p0895,p0952,4,0.8174347281455994
p0895,p0662,5,0.8114720582962036
p0896,p0900,1,0.8256115317344666
p0896,p0899,2,0.6794779300689697
p0896,p1941,3,0.6470884084701538
p0896,p1215,4,0.6427041888237
p0896,p0897,5,0.6376879215240479
p0897,p0899,1,0.7948604226112366
p0897,p0900,2,0.6614009141921997
p0897,p1193,3,0.6522611975669861
p0897,p0854,4,0.6450875401496887
p0897,p0896,5,0.6376879215240479
p0898,p1240,1,0.642790675163269
p0898,p1033,2,0.6368362903594971
p0898,p1193,3,0.6354426741600037
p0898,p1063,4,0.6291271448135376
p0898,p1188,5,0.6221585273742676
p0899,p0897,1,0.7948604226112366
p0899,p0896,2,0.6794779300689697
p0899,p0901,3,0.6756352186203003
p0899,p0900,4,0.629368782043457
p0899,p1189,5,0.61264967918396
p0900,p0896,1,0.8256115317344666
p0900,p0897,2,0.6614009141921997
p0900,p0899,3,0.629368782043457
p0900,p1215,4,0.5796006917953491
p0900,p1240,5,0.5720875859260559
p0901,p0899,1,0.6756352186203003
p0901,p1193,2,0.5813146829605103
p0901,p0897,3,0.5801191926002502
p0901,p0898,4,0.5752333998680115
p0901,p0850,5,0.5488882660865784
p0902,p0903,1,0.7023902535438538
p0902,p0911,2,0.6799236536026001
p0902,p0907,3,0.6380850672721863
p0902,p0905,4,0.6255780458450317
p0902,p0916,5,0.6022156476974487
p0903,p0902,1,0.7023902535438538
p0903,p0907,2,0.6970868706703186
p0903,p0905,3,0.6918565630912781
p0903,p0910,4,0.6795960068702698
p0903,p1979,5,0.6641317009925842
p0904,p0912,1,0.7223619818687439
p0904,p0902,2,0.5804525017738342
p0904,p1981,3,0.5763922929763794
p0904,p0905,4,0.5545606017112732
p0904,p0903,5,0.5462937951087952
p0905,p0903,1,0.6918565630912781
p0905,p0907,2,0.6870698928833008
p0905,p0912,3,0.6360180974006653
p0905,p0902,4,0.6255780458450317
p0905,p0910,5,0.6144964694976807
p0906,p1986,1,0.6148927211761475
p0906,p0916,2,0.5833919644355774
p0906,p0794,3,0.561344563961029
p0906,p0672,4,0.5582289099693298
p0906,p0836,5,0.5580093264579773
p0907,p0910,1,0.7152889966964722
p0907,p0903,2,0.6970868706703186
p0907,p0905,3,0.6870698928833008
p0907,p0902,4,0.6380850672721863
p0907,p0908,5,0.6303154230117798
p0908,p0907,1,0.6303154230117798
p0908,p0910,2,0.5942052006721497
p0908,p0916,3,0.5894578099250793
p0908,p0909,4,0.5885722041130066
p0908,p0905,5,0.5564656853675842
p0909,p0910,1,0.7038560509681702
p0909,p0903,2,0.6134985089302063
p0909,p0908,3,0.5885722041130066
p0909,p0907,4,0.5767210721969604
p0909,p0913,5,0.5614772439002991
p0910,p0907,1,0.7152889966964722
p0910,p0909,2,0.7038560509681702
p0910,p0903,3,0.6795960068702698
p0910,p0905,4,0.6144964694976807
p0910,p0908,5,0.5942052006721497
p0911,p0902,1,0.6799236536026001
p0911,p0903,2,0.6121155619621277
p0911,p0907,3,0.5877436995506287
p0911,p0910,4,0.5506988167762756
p0911,p0908,5,0.5284519195556641
p0912,p0904,1,0.7223619818687439
p0912,p0905,2,0.6360180974006653
p0912,p0903,3,0.6087048053741455
p0912,p0902,4,0.599571168422699
p0912,p1983,5,0.5995139479637146
p0913,p0915,1,0.6064668297767639
p0913,p0909,2,0.5614772439002991
p0913,p0910,3,0.5559771656990051
p0913,p0907,4,0.5541519522666931
p0913,p0912,5,0.5276989936828613
p0914,p0720,1,0.9866030216217041
p0914,p1459,2,0.796836793422699
p0914,p1044,3,0.6245061159133911
p0914,p0957,4,0.5799880623817444
p0914,p1483,5,0.5766644477844238
p0915,p0913,1,0.6064668297767639
p0915,p0916,2,0.5860795974731445
p0915,p0912,3,0.5474345088005066
p0915,p0910,4,0.5450756549835205
p0915,p0909,5,0.5415263772010803
p0916,p0903,1,0.6491256356239319
p0916,p1988,2,0.6427935361862183
p0916,p0902,3,0.6022156476974487
p0916,p0908,4,0.5894578099250793
p0916,p0915,5,0.5860795974731445
p0917,p1182,1,1.0
p0917,p0589,2,0.9896829128265381
p0917,p1062,3,0.8453805446624756
p0917,p0577,4,0.6915991306304932
p0917,p0964,5,0.6282336711883545
p0918,p0919,1,0.7976549863815308
p0918,p1553,2,0.7129457592964172
p0918,p1395,3,0.7094544768333435
p0918,p1571,4,0.7065701484680176
p0918,p0920,5,0.6986072659492493
p0919,p0920,1,0.8300315737724304
p0919,p0918,2,0.7976549863815308
p0919,p1553,3,0.7217031717300415
p0919,p1559,4,0.7134945392608643
p0919,p1571,5,0.6825907826423645
p0920,p0919,1,0.8300315737724304
p0920,p0918,2,0.6986072659492493
p0920,p1559,3,0.6837915182113647
p0920,p1553,4,0.6784815788269043
p0920,p0980,5,0.6353657245635986
p0921,p0485,1,0.6849649548530579
p0921,p0923,2,0.6486530303955078
p0921,p0925,3,0.6361889839172363
p0921,p0922,4,0.578159749507904
p0921,p0926,5,0.5754870772361755
p0922,p0485,1,0.7437719702720642
p0922,p1045,2,0.6924965381622314
p0922,p0923,3,0.6767864227294922
p0922,p1197,4,0.6662982106208801
p0922,p1184,5,0.6517940759658813
p0923,p0485,1,0.7631291747093201
p0923,p0922,2,0.6767864227294922
p0923,p0921,3,0.6486530303955078
p0923,p0926,4,0.6391085982322693
p0923,p0927,5,0.6090576648712158
p0924,p1180,1,0.9913808107376099
p0924,p1177,2,0.9823140501976013
p0924,p1184,3,0.7985557913780212
p0924,p0978,4,0.7867864966392517
p0924,p0961,5,0.7867864966392517
p0925,p0921,1,0.6361889839172363
p0925,p0485,2,0.6306257247924805
p0925,p1045,3,0.6076391935348511
p0925,p0924,4,0.6046469807624817
p0925,p1197,5,0.6034649014472961
p0926,p0927,1,0.9465723633766174
p0926,p0485,2,0.6399928331375122
p0926,p0923,3,0.6391085982322693
p0926,p1597,4,0.6078218221664429
p0926,p0705,5,0.5797578692436218
p0927,p0926,1,0.9465723633766174
p0927,p0706,2,0.6494346261024475
p0927,p0986,3,0.6394230127334595
p0927,p0485,4,0.6346035003662109
p0927,p1206,5,0.6145910620689392
p0928,p0930,1,0.8615629076957703
p0928,p0944,2,0.8048267960548401
p0928,p0929,3,0.7629443407058716
p0928,p1604,4,0.7267078161239624
p0928,p0931,5,0.6994935274124146
p0929,p0928,1,0.7629443407058716
p0929,p0944,2,0.7576008439064026
p0929,p0930,3,0.7041069269180298
p0929,p0759,4,0.651984691619873
p0929,p1116,5,0.6409292817115784
p0930,p0928,1,0.8615629076957703
p0930,p0944,2,0.7862806916236877
p0930,p0931,3,0.7490365505218506
p0930,p0932,4,0.7233723402023315
p0930,p0929,5,0.7041069269180298
p0931,p0932,1,0.9482102394104004
p0931,p1209,2,0.8693885803222656
p0931,p0756,3,0.8494197726249695
p0931,p1210,4,0.8371285200119019
p0931,p1112,5,0.834164023399353
p0932,p0931,1,0.9482102394104004
p0932,p0756,2,0.9285780191421509
p0932,p1210,3,0.9241086840629578
p0932,p1112,4,0.9188305139541626
p0932,p1209,5,0.8566968441009521
p0933,p1039,1,0.9937485456466675
p0933,p1177,2,0.6809330582618713
p0933,p0924,3,0.673592209815979
p0933,p1180,4,0.67173832654953
p0933,p0674,5,0.6624448895454407
p0934,p1610,1,0.7990864515304565
p0934,p0677,2,0.6329549551010132
p0934,p1040,3,0.6320509314537048
p0934,p0938,4,0.6207850575447083
p0934,p1627,5,0.6180174350738525
p0935,p1122,1,0.9822153449058533
p0935,p1001,2,0.5663042068481445
p0935,p1678,3,0.55268794298172
p0935,p0641,4,0.5444379448890686
p0935,p1115,5,0.5433787107467651
p0936,p1611,1,0.748611569404602
p0936,p1440,2,0.5664318203926086
p0936,p1571,3,0.5539376139640808
p0936,p1558,4,0.5091460347175598
p0936,p0918,5,0.5051960945129395
p0937,p0736,1,0.9924427270889282
p0937,p0968,2,0.9903313517570496
p0937,p0719,3,0.9851388335227966
p0937,p1455,4,0.6832689642906189
p0937,p1440,5,0.5573833584785461
p0938,p1619,1,0.6955596804618835
p0938,p0934,2,0.6207850575447083
p0938,p1040,3,0.5402718782424927
p0938,p0677,4,0.5359838604927063
p0938,p0929,5,0.5248936414718628
p0939,p1116,1,0.9951039552688599
p0939,p1104,2,0.7083038091659546
p0939,p1109,3,0.6834603548049927
p0939,p1114,4,0.6530222296714783
p0939,p0929,5,0.6340900659561157
p0940,p1636,1,0.683438777923584
p0940,p0941,2,0.655755877494812
p0940,p0743,3,0.6005644202232361
p0940,p0704,4,0.5938814282417297
p0940,p1557,5,0.5927959084510803
p0941,p0942,1,0.6642940640449524
p0941,p0940,2,0.655755877494812
p0941,p0678,3,0.6360045075416565
p0941,p0743,4,0.6217765808105469
p0941,p0763,5,0.6216661930084229
p0942,p0945,1,0.7568682432174683
p0942,p0941,2,0.6642940640449524
p0942,p1900,3,0.6103367209434509
p0942,p0943,4,0.5921972990036011
p0942,p1917,5,0.5870231986045837
p0943,p1639,1,0.6242827773094177
p0943,p0941,2,0.6085309386253357
p0943,p0944,3,0.601254940032959
p0943,p0942,4,0.5921972990036011
p0943,p0019,5,0.5807337760925293
p0944,p0928,1,0.8048267960548401
p0944,p0930,2,0.7862806916236877
p0944,p0929,3,0.7576008439064026
p0944,p1640,4,0.7113940715789795
p0944,p1604,5,0.709714949131012
p0945,p0942,1,0.7568682432174683
p0945,p0941,2,0.6135246753692627
p0945,p0768,3,0.6131963133811951
p0945,p0769,4,0.5914708375930786
p0945,p1116,5,0.5902372598648071
p0946,p1028,1,0.9514266848564148
p0946,p0604,2,0.9415033459663391
p0946,p1036,3,0.9280911087989807
p0946,p0774,4,0.8535164594650269
p0946,p0624,5,0.8457522392272949
p0947,p0667,1,0.7580078840255737
p0947,p0948,2,0.7195901274681091
p0947,p0950,3,0.7101001143455505
p0947,p0949,4,0.6997541785240173
p0947,p0895,5,0.6991078853607178
p0948,p0895,1,0.9779089093208313
p0948,p0949,2,0.9515089988708496
p0948,p0951,3,0.8447901010513306
p0948,p0952,4,0.8165011405944824
p0948,p0662,5,0.8157579302787781
p0949,p0948,1,0.9515089988708496
p0949,p0895,2,0.9460887312889099
p0949,p0951,3,0.8382138609886169
p0949,p0952,4,0.8085177540779114
p0949,p0662,5,0.800642192363739
p0950,p0947,1,0.7101001143455505
p0950,p0667,2,0.6877879500389099
p0950,p0956,3,0.6821879744529724
p0950,p0949,4,0.6723319888114929
p0950,p0948,5,0.6682238578796387
p0951,p0948,1,0.8447901010513306
p0951,p0949,2,0.8382138609886169
p0951,p0895,3,0.8325994610786438
p0951,p1041,4,0.7265183329582214
p0951,p0662,5,0.7244208455085754
p0952,p1041,1,0.9887024760246277
p0952,p0662,2,0.9781184792518616
p0952,p0895,3,0.8174347281455994
p0952,p0948,4,0.8165011405944824
p0952,p0949,5,0.8085177540779114
p0953,p0811,1,0.6690864562988281
p0953,p0794,2,0.6626123785972595
p0953,p0954,3,0.6608192920684814
p0953,p1043,4,0.6604417562484741
p0953,p0672,5,0.656210720539093
p0954,p0672,1,0.9919061660766602
p0954,p0846,2,0.9915753602981567
p0954,p1043,3,0.9889025688171387
p0954,p0811,4,0.9743173718452454
p0954,p0794,5,0.9692955613136292
p0955,p0696,1,0.8221173882484436
p0955,p0958,2,0.6823488473892212
p0955,p0588,3,0.67929607629776
p0955,p0667,4,0.6459164619445801
p0955,p1043,5,0.6293781399726868
p0956,p0951,1,0.7170239090919495
p0956,p0667,2,0.6976498365402222
p0956,p0958,3,0.6933768391609192
p0956,p0949,4,0.6886206865310669
p0956,p0948,5,0.6871986985206604
p0957,p1044,1,0.9653721451759338
p0957,p1483,2,0.7704616189002991
p0957,p0914,3,0.5799880623817444
p0957,p1459,4,0.5730265378952026
p0957,p1927,5,0.5672861933708191
p0958,p0696,1,0.7499688863754272
p0958,p0956,2,0.6933768391609192
p0958,p0955,3,0.6823488473892212
p0958,p0825,4,0.6361554265022278
p0958,p0954,5,0.6327676177024841
p0959,p1043,1,0.5709678530693054
p0959,p0794,2,0.5699183940887451
p0959,p0955,3,0.5694735646247864
p0959,p0954,4,0.567920982837677
p0959,p0825,5,0.5671497583389282
p0960,p0812,1,0.9874005317687988
p0960,p0687,2,0.983371376991272
p0960,p0795,3,0.9785547256469727
p0960,p0827,4,0.9078456163406372
p0960,p0794,5,0.6846144795417786
p0961,p0978,1,1.0
p0961,p1184,2,0.9934779405593872
p0961,p1197,3,0.9392112493515015
p0961,p1045,4,0.9322394728660583
p0961,p1177,5,0.8056544065475464
p0962,p0740,1,1.0
p0962,p1238,2,1.0
p0962,p0589,3,0.5407581925392151
p0962,p1204,4,0.539756178855896
p0962,p1182,5,0.5289150476455688
p0963,p0965,1,0.7777642607688904
p0963,p0967,2,0.7757505774497986
p0963,p0972,3,0.7671822309494019
p0963,p0964,4,0.7468582391738892
p0963,p0977,5,0.7398374676704407
p0964,p1202,1,0.8020825386047363
p0964,p0682,2,0.7838979959487915
p0964,p0963,3,0.7468582391738892
p0964,p0966,4,0.7211077213287354
p0964,p0972,5,0.7194682359695435
p0965,p0971,1,0.885714054107666
p0965,p0963,2,0.7777642607688904
p0965,p1921,3,0.6988467574119568
p0965,p0691,4,0.6556458473205566
p0965,p0977,5,0.6517600417137146
p0966,p1202,1,0.7226538062095642
p0966,p0964,2,0.7211077213287354
p0966,p0967,3,0.7032249569892883
p0966,p0972,4,0.7028993964195251
p0966,p1062,5,0.6956654787063599
p0967,p0972,1,0.7797334790229797
p0967,p0963,2,0.7757505774497986
p0967,p1181,3,0.7257251143455505
p0967,p0964,4,0.7172309160232544
p0967,p1058,5,0.7168368101119995
p0968,p0719,1,0.9931841492652893
p0968,p0937,2,0.9903313517570496
p0968,p0736,3,0.9872555136680603
p0968,p1455,4,0.6792144775390625
p0968,p1440,5,0.5681515336036682
p0969,p0966,1,0.6912074685096741
p0969,p0682,2,0.6848565340042114
p0969,p0679,3,0.6798892617225647
p0969,p0964,4,0.6538742184638977
p0969,p1058,5,0.6483832001686096
p0970,p1202,1,0.6530797481536865
p0970,p1054,2,0.6243255734443665
p0970,p0963,3,0.5741627216339111
p0970,p0964,4,0.5739549994468689
p0970,p1910,5,0.5553635358810425
p0971,p0965,1,0.885714054107666
p0971,p1921,2,0.7112306952476501
p0971,p0975,3,0.7036833167076111
p0971,p0691,4,0.6986865997314453
p0971,p0963,5,0.6772544384002686
p0972,p1181,1,0.9632020592689514
p0972,p1053,2,0.9445998668670654
p0972,p1004,3,0.9361059665679932
p0972,p0967,4,0.7797334790229797
p0972,p0963,5,0.7671822309494019
p0973,p0967,1,0.7139779329299927
p0973,p1218,2,0.706662118434906
p0973,p0972,3,0.6949358582496643
p0973,p0964,4,0.6894681453704834
p0973,p1181,5,0.6662675142288208
p0974,p1055,1,0.9627435207366943
p0974,p0963,2,0.7342787384986877
p0974,p0972,3,0.6674574017524719
p0974,p0967,4,0.6642993092536926
p0974,p1915,5,0.6502389311790466
p0975,p0971,1,0.7036833167076111
p0975,p0963,2,0.639163076877594
p0975,p0704,3,0.629149317741394
p0975,p0922,4,0.6252873539924622
p0975,p1917,5,0.623335599899292
p0976,p0723,1,0.9888060092926025
p0976,p0707,2,0.7459307909011841
p0976,p0712,3,0.651557981967926
p0976,p0713,4,0.5806435942649841
p0976,p0715,5,0.5781035423278809
p0977,p0963,1,0.7398374676704407
p0977,p1925,2,0.7282574772834778
p0977,p0964,3,0.6940023899078369
p0977,p1219,4,0.6639662981033325
p0977,p0682,5,0.6580724120140076
p0978,p0961,1,1.0
p0978,p1184,2,0.9934779405593872
p0978,p1197,3,0.9392112493515015
p0978,p1045,4,0.9322394728660583
p0978,p1177,5,0.8056544065475464
p0979,p0980,1,0.7325505614280701
p0979,p1562,2,0.6817948222160339
p0979,p2005,3,0.6786293387413025
p0979,p1766,4,0.6456063389778137
p0979,p1573,5,0.5775542259216309
p0980,p0979,1,0.7325505614280701
p0980,p1693,2,0.6820144057273865
p0980,p1818,3,0.6716457605361938
p0980,p1562,4,0.6672850847244263
p0980,p1573,5,0.6634275913238525
p0981,p0626,1,0.9575445055961609
p0981,p0742,2,0.8060745596885681
p0981,p0625,3,0.629887044429779
p0981,p1244,4,0.5664932131767273
p0981,p1100,5,0.5159898400306702
p0982,p0985,1,0.6710826754570007
p0982,p0986,2,0.6366789937019348
p0982,p0758,3,0.6097889542579651
p0982,p0639,4,0.5362786650657654
p0982,p0983,5,0.5116717219352722
p0983,p0639,1,0.746276319026947
p0983,p0758,2,0.6878849864006042
p0983,p1008,3,0.6282297372817993
p0983,p0984,4,0.6175837516784668
p0983,p1010,5,0.6108371019363403
p0984,p0693,1,0.9656693935394287
p0984,p0983,2,0.6175837516784668
p0984,p0758,3,0.6048622131347656
p0984,p0639,4,0.5933063626289368
p0984,p0738,5,0.5685938000679016
p0985,p0986,1,0.9384945631027222
p0985,p1205,2,0.6767057180404663
p0985,p0982,3,0.6710826754570007
p0985,p0705,4,0.6559689044952393
p0985,p0639,5,0.6390655636787415
p0986,p0985,1,0.9384945631027222
p0986,p1206,2,0.7079669833183289
p0986,p0706,3,0.6845172643661499
p0986,p1205,4,0.6523543000221252
p0986,p0927,5,0.6394230127334595
p0987,p1564,1,0.6673694252967834
p0987,p0718,2,0.479561448097229
p0987,p0758,3,0.4636054039001465
p0987,p1007,4,0.45435070991516113
p0987,p1010,5,0.45110976696014404
p0988,p1133,1,0.5957795977592468
p0988,p1140,2,0.5818266868591309
p0988,p1121,3,0.5784143209457397
p0988,p1134,4,0.566741943359375
p0988,p1126,5,0.5619992613792419
p0989,p1124,1,0.977790892124176
p0989,p1121,2,0.6791377067565918
p0989,p1132,3,0.6708603501319885
p0989,p1231,4,0.6687148213386536
p0989,p1123,5,0.6343349814414978
p0990,p0725,1,0.5279904007911682
p0990,p1451,2,0.5237449407577515
p0990,p0744,3,0.5207259654998779
p0990,p0768,4,0.5189646482467651
p0990,p1631,5,0.5142238140106201
p0991,p0640,1,0.5395228862762451
p0991,p1563,2,0.5364423990249634
p0991,p1135,3,0.5173444747924805
p0991,p1786,4,0.5096419453620911
p0991,p1142,5,0.502989649772644
p0992,p0766,1,1.0
p0992,p1191,2,0.9809638261795044
p0992,p0721,3,0.5888364315032959
p0992,p0725,4,0.5507892370223999
p0992,p1183,5,0.5422348380088806
p0993,p0639,1,0.47391343116760254
p0993,p0983,2,0.46863120794296265
p0993,p1131,3,0.461114764213562
p0993,p1141,4,0.4521659016609192
p0993,p1139,5,0.44188010692596436
p0994,p1012,1,0.9914817810058594
p0994,p1127,2,0.6074678897857666
p0994,p1099,3,0.605851411819458
p0994,p1135,4,0.6050730347633362
p0994,p1100,5,0.5932198166847229
p0995,p0701,1,0.9901570677757263
p0995,p0690,2,0.6500566005706787
p0995,p0688,3,0.6213355660438538
p0995,p1456,4,0.5824437141418457
p0995,p0702,5,0.5723178386688232
p0996,p1009,1,0.6266927123069763
p0996,p1230,2,0.624041736125946
p0996,p0997,3,0.5808731913566589
p0996,p1222,4,0.5799818634986877
p0996,p1004,5,0.5608183145523071
p0997,p1053,1,0.6828517317771912
p0997,p1004,2,0.6771153807640076
p0997,p1181,3,0.6453365087509155
p0997,p1229,4,0.6416293978691101
p0997,p0999,5,0.6297886967658997
p0998,p1225,1,0.940098762512207
p0998,p1111,2,0.7513782382011414
p0998,p0756,3,0.7496748566627502
p0998,p1209,4,0.7176355123519897
p0998,p1210,5,0.7130383849143982
p0999,p1000,1,0.6919581294059753
p0999,p1677,2,0.6540523171424866
p0999,p0997,3,0.6297886967658997
p0999,p1130,4,0.6286752223968506
p0999,p1679,5,0.5881051421165466
p1000,p1679,1,0.7194926738739014
p1000,p0999,2,0.6919581294059753
p1000,p0649,3,0.5440643429756165
p1000,p1130,4,0.5411232113838196
p1000,p0997,5,0.538093626499176
p1001,p1684,1,0.6700112223625183
p1001,p1399,2,0.5924780964851379
p1001,p1382,3,0.5855240821838379
p1001,p1227,4,0.5715252161026001
p1001,p0935,5,0.5663042068481445
p1002,p1688,1,0.6504377722740173
p1002,p0691,2,0.5728709101676941
p1002,p1227,3,0.5716516375541687
p1002,p1689,4,0.561373233795166
p1002,p1634,5,0.5344812273979187
p1003,p1690,1,0.6297276020050049
p1003,p1005,2,0.5129955410957336
p1003,p0997,3,0.49836379289627075
p1003,p0999,4,0.4881443381309509
p1003,p0742,5,0.48308175802230835
p1004,p1181,1,0.9876757860183716
p1004,p1053,2,0.986242413520813
p1004,p0972,3,0.9361059665679932
p1004,p0963,4,0.6948986053466797
p1004,p0967,5,0.690222442150116
p1005,p0997,1,0.5640872716903687
p1005,p1692,2,0.5497568845748901
p1005,p1229,3,0.5445597767829895
p1005,p1234,4,0.5167554616928101
p1005,p1236,5,0.515210747718811
p1006,p1693,1,0.7344755530357361
p1006,p1004,2,0.6465113759040833
p1006,p1053,3,0.6348476409912109
p1006,p1229,4,0.6327289938926697
p1006,p1181,5,0.6296151876449585
p1007,p1217,1,0.5829217433929443
p1007,p0984,2,0.549663782119751
p1007,p1568,3,0.5412463545799255
p1007,p0903,4,0.5389406085014343
p1007,p0902,5,0.5311732292175293
p1008,p0681,1,0.6560577154159546
p1008,p0069,2,0.6367126703262329
p1008,p0983,3,0.6282297372817993
p1008,p1981,4,0.6215036511421204
p1008,p0922,5,0.6092601418495178
p1009,p0996,1,0.6266927123069763
p1009,p1230,2,0.6150705814361572
p1009,p1237,3,0.5681884288787842
p1009,p1227,4,0.5386244654655457
p1009,p1222,5,0.5267510414123535
p1010,p1574,1,0.6139756441116333
p1010,p0983,2,0.6108371019363403
p1010,p0758,3,0.589280903339386
p1010,p0657,4,0.5835623741149902
p1010,p0639,5,0.530963122844696
p1011,p0986,1,0.5241879224777222
p1011,p0985,2,0.5230677723884583
p1011,p0983,3,0.5226467251777649
p1011,p0639,4,0.5180110931396484
p1011,p0984,5,0.5014156699180603
p1012,p0994,1,0.9914817810058594
p1012,p1135,2,0.6161985993385315
p1012,p1127,3,0.6031501889228821
p1012,p1098,4,0.6030686497688293
p1012,p1099,5,0.5950900912284851
p1013,p1590,1,0.7824649810791016
p1013,p1579,2,0.775602400302887
p1013,p1015,3,0.7005318403244019
p1013,p1585,4,0.6716548800468445
p1013,p1014,5,0.6691391468048096
p1014,p1579,1,0.7180171608924866
p1014,p1013,2,0.6691391468048096
p1014,p1590,3,0.6522101163864136
p1014,p1015,4,0.620031476020813
p1014,p1585,5,0.606080949306488
p1015,p1590,1,0.7297738790512085
p1015,p0786,2,0.7054734826087952
p1015,p1013,3,0.7005318403244019
p1015,p0788,4,0.6888431310653687
p1015,p1579,5,0.6690889000892639
p1016,p0586,1,0.7894007563591003
p1016,p1021,2,0.7814750671386719
p1016,p1020,3,0.7466269135475159
p1016,p1017,4,0.7417241334915161
p1016,p1025,5,0.7319418787956238
p1017,p1021,1,0.7709624171257019
p1017,p1016,2,0.7417241334915161
p1017,p1025,3,0.7013100981712341
p1017,p0586,4,0.6606768369674683
p1017,p0872,5,0.6480057835578918
p1018,p1016,1,0.6331716179847717
p1018,p1024,2,0.6258216500282288
p1018,p1025,3,0.6253525614738464
p1018,p1021,4,0.5740521550178528
p1018,p1023,5,0.5631129145622253
p1019,p1022,1,0.7616467475891113
p1019,p0605,2,0.6439418792724609
p1019,p1156,3,0.6367219090461731
p1019,p0799,4,0.6360695958137512
p1019,p0824,5,0.6330989599227905
p1020,p1021,1,0.7618728280067444
p1020,p1016,2,0.7466269135475159
p1020,p0586,3,0.7250620126724243
p1020,p1025,4,0.6906419396400452
p1020,p1017,5,0.64063560962677
p1021,p1016,1,0.7814750671386719
p1021,p1017,2,0.7709624171257019
p1021,p1020,3,0.7618728280067444
p1021,p0586,4,0.7102368474006653
p1021,p1025,5,0.6979507803916931
p1022,p0801,1,0.7652062177658081
p1022,p1019,2,0.7616467475891113
p1022,p0793,3,0.7437843084335327
p1022,p0824,4,0.7415939569473267
p1022,p1155,5,0.7398781180381775
p1023,p1024,1,0.8770734667778015
p1023,p0818,2,0.6315340399742126
p1023,p1016,3,0.6088680624961853
p1023,p0816,4,0.5983708500862122
p1023,p0819,5,0.592792272567749
p1024,p1023,1,0.8770734667778015
p1024,p1016,2,0.6912758946418762
p1024,p1018,3,0.6258216500282288
p1024,p1025,4,0.6222363114356995
p1024,p0818,5,0.6062057614326477
p1025,p1016,1,0.7319418787956238
p1025,p1017,2,0.7013100981712341
p1025,p1021,3,0.6979507803916931
p1025,p1020,4,0.6906419396400452
p1025,p0586,5,0.6510125398635864
p1026,p0798,1,0.9912118315696716
p1026,p1154,2,0.9477855563163757
p1026,p0658,3,0.9449729323387146
p1026,p0627,4,0.9354335069656372
p1026,p0731,5,0.9266588091850281
p1027,p0817,1,0.9826977849006653
p1027,p0815,2,0.6677838563919067
p1027,p1169,3,0.6273468732833862
p1027,p0822,4,0.5876791477203369
p1027,p1164,5,0.5566595792770386
p1028,p0604,1,0.992615282535553
p1028,p1036,2,0.9778799414634705
p1028,p0946,3,0.9514266848564148
p1028,p0774,4,0.9382298588752747
p1028,p0624,5,0.9340202808380127
p1029,p1061,1,0.9929171204566956
p1029,p0851,2,0.9759239554405212
p1029,p0894,3,0.7976502180099487
p1029,p0895,4,0.7261255979537964
p1029,p0949,5,0.7137513756752014
p1030,p0849,1,0.6040760278701782
p1030,p1067,2,0.5651570558547974
p1030,p1032,3,0.5640696883201599
p1030,p1020,4,0.5590860247612
p1030,p1189,5,0.5561051964759827
p1031,p1016,1,0.6606171131134033
p1031,p0486,2,0.5875582098960876
p1031,p1017,3,0.5787099599838257
p1031,p0586,4,0.5763629674911499
p1031,p1021,5,0.5717537999153137
p1032,p1065,1,0.9647623300552368
p1032,p1188,2,0.7476900815963745
p1032,p1962,3,0.6453826427459717
p1032,p1189,4,0.5963028073310852
p1032,p1033,5,0.5923283696174622
p1033,p1189,1,0.7431479692459106
p1033,p1188,2,0.7366055846214294
p1033,p1190,3,0.6584332585334778
p1033,p1060,4,0.6471766233444214
p1033,p1193,5,0.6455230712890625
p1034,p1924,1,0.7491964101791382
p1034,p1035,2,0.6827577948570251
p1034,p1903,3,0.663757860660553
p1034,p1925,4,0.6496255397796631
p1034,p1909,5,0.593328058719635
p1035,p1174,1,0.709611177444458
p1035,p1034,2,0.6827577948570251
p1035,p1925,3,0.6626373529434204
p1035,p0698,4,0.6320719122886658
p1035,p1590,5,0.6116911172866821
p1036,p0604,1,0.9854850769042969
p1036,p1028,2,0.9778799414634705
p1036,p0774,3,0.9504780173301697
p1036,p0507,4,0.9437612295150757
p1036,p0624,5,0.9323844313621521
p1037,p1206,1,0.7238006591796875
p1037,p0706,2,0.7158198952674866
p1037,p1205,3,0.688926637172699
p1037,p0705,4,0.6705872416496277
p1037,p0869,5,0.6485819816589355
p1038,p0525,1,0.9841375946998596
p1038,p0834,2,0.931414783000946
p1038,p0853,3,0.9170079827308655
p1038,p0581,4,0.8470006585121155
p1038,p0484,5,0.6403940320014954
p1039,p0933,1,0.9937485456466675
p1039,p1177,2,0.6743254661560059
p1039,p1180,3,0.6645278930664062
p1039,p0924,4,0.6643838882446289
p1039,p0674,5,0.6512745022773743
p1040,p0677,1,0.9874503016471863
p1040,p1940,2,0.7323009371757507
p1040,p1610,3,0.6840928792953491
p1040,p0934,4,0.6320509314537048
p1040,p1627,5,0.6202335953712463
p1041,p0952,1,0.9887024760246277
p1041,p0662,2,0.987190306186676
p1041,p0948,3,0.8084679841995239
p1041,p0895,4,0.8027247786521912
p1041,p0949,5,0.7974705100059509
p1042,p1052,1,0.9722668528556824
p1042,p1176,2,0.5657318830490112
p1042,p0674,3,0.5578605532646179
p1042,p1178,4,0.5522100329399109
p1042,p0933,5,0.5146690011024475
p1043,p0846,1,0.9932446479797363
p1043,p0672,2,0.9900596737861633
p1043,p0954,3,0.9889025688171387
p1043,p0794,4,0.9703509211540222
p1043,p0811,5,0.9676662683486938
p1044,p0957,1,0.9653721451759338
p1044,p1483,2,0.7476102709770203
p1044,p0720,3,0.625812292098999
p1044,p0914,4,0.6245061159133911
p1044,p1459,5,0.5858380198478699
p1045,p1197,1,0.9897834062576294
p1045,p0978,2,0.9322394728660583
p1045,p0961,3,0.9322394728660583
p1045,p1184,4,0.9305606484413147
p1045,p1177,5,0.8030602931976318
p1046,p0847,1,0.9923731088638306
p1046,p0826,2,0.9923731088638306
p1046,p0794,3,0.5412460565567017
p1046,p0811,4,0.5377478003501892
p1046,p0954,5,0.5184951424598694
p1047,p0866,1,0.9968271255493164
p1047,p1175,2,0.9927826523780823
p1047,p0865,3,0.7527437806129456
p1047,p0875,4,0.6889869570732117
p1047,p0487,5,0.6621273756027222
p1048,p0646,1,0.6194155216217041
p1048,p0850,2,0.601029634475708
p1048,p0777,3,0.6008710265159607
p1048,p1432,4,0.5794528722763062
p1048,p1176,5,0.537277340888977
p1049,p0972,1,0.736939549446106
p1049,p0967,2,0.7045196890830994
p1049,p1181,3,0.694056510925293
p1049,p1062,4,0.6701894998550415
p1049,p0963,5,0.6630659103393555
p1050,p2047,1,0.6833589673042297
p1050,p2050,2,0.6422978043556213
p1050,p2049,3,0.5757508873939514
p1050,p2053,4,0.5596636533737183
p1050,p1630,5,0.4850752353668213
p1051,p0674,1,0.8084292411804199
p1051,p1891,2,0.6974595785140991
p1051,p1890,3,0.6286066770553589
p1051,p1174,4,0.6285145878791809
p1051,p0933,5,0.6045180559158325
p1052,p1042,1,0.9722668528556824
p1052,p1178,2,0.5524434447288513
p1052,p1176,3,0.5376282334327698
p1052,p0674,4,0.5316370129585266
p1052,p0933,5,0.4812124967575073
p1053,p1181,1,0.98629230260849
p1053,p1004,2,0.986242413520813
p1053,p0972,3,0.9445998668670654
p1053,p0967,4,0.6892748475074768
p1053,p0997,5,0.6828517317771912
p1054,p0967,1,0.6572707295417786
p1054,p0964,2,0.6488152742385864
p1054,p1049,3,0.6380213499069214
p1054,p0972,4,0.6271971464157104
p1054,p1913,5,0.6263081431388855
p1055,p0974,1,0.9627435207366943
p1055,p0963,2,0.7056968212127686
p1055,p1915,3,0.6772074103355408
p1055,p0972,4,0.644108772277832
p1055,p0967,5,0.6431794166564941
p1056,p1196,1,0.6144694089889526
p1056,p1181,2,0.6115415096282959
p1056,p0589,3,0.6011321544647217
p1056,p1054,4,0.5999270677566528
p1056,p1191,5,0.5996549725532532
p1057,p1916,1,0.6119529008865356
p1057,p1647,2,0.45416659116744995
p1057,p1195,3,0.4201772212982178
p1057,p1202,4,0.3473539352416992
p1057,p1970,5,0.3452267646789551
p1058,p0967,1,0.7168368101119995
p1058,p1200,2,0.7142785787582397
p1058,p1202,3,0.7002349495887756
p1058,p0972,4,0.699871301651001
p1058,p0963,5,0.6950230598449707
p1059,p1067,1,0.9636744260787964
p1059,p1196,2,0.8239222764968872
p1059,p1193,3,0.6280298829078674
p1059,p0858,4,0.5978256464004517
p1059,p1195,5,0.5327420830726624
p1060,p1186,1,0.7781754732131958
p1060,p1193,2,0.7655049562454224
p1060,p0849,3,0.7030854821205139
p1060,p0852,4,0.6714943051338196
p1060,p1189,5,0.6662129163742065
p1061,p1029,1,0.9929171204566956
p1061,p0851,2,0.9670003056526184
p1061,p0894,3,0.7869202494621277
p1061,p0895,4,0.7027794718742371
p1061,p0949,5,0.6897901296615601
p1062,p1182,1,0.8453805446624756
p1062,p0917,2,0.8453805446624756
p1062,p0589,3,0.8401535749435425
p1062,p0967,4,0.7011335492134094
p1062,p0966,5,0.6956654787063599
p1063,p1189,1,0.6709159016609192
p1063,p0898,2,0.6291271448135376
p1063,p1190,3,0.6227666139602661
p1063,p0765,4,0.6010900735855103
p1063,p1192,5,0.6010900735855103
p1064,p1965,1,0.648434042930603
p1064,p0855,2,0.5929144024848938
p1064,p0857,3,0.5927482843399048
p1064,p0856,4,0.5854923725128174
p1064,p0854,5,0.565010666847229
p1065,p1032,1,0.9647623300552368
p1065,p1188,2,0.7346323132514954
p1065,p1962,3,0.6487286686897278
p1065,p1189,4,0.5914496779441833
p1065,p1033,5,0.590743899345398
p1066,p1060,1,0.6521875262260437
p1066,p1190,2,0.6419134140014648
p1066,p1189,3,0.6160377860069275
p1066,p1193,4,0.6120907664299011
p1066,p1033,5,0.6115679144859314
p1067,p1059,1,0.9636744260787964
p1067,p1196,2,0.7737337350845337
p1067,p0858,3,0.7151199579238892
p1067,p1193,4,0.7136453986167908
p1067,p1068,5,0.5967534184455872
p1068,p1193,1,0.6064042448997498
p1068,p1067,2,0.5967534184455872
p1068,p0897,3,0.5891733765602112
p1068,p0849,4,0.5833919644355774
p1068,p0854,5,0.5667079091072083
p1069,p1330,1,0.6926374435424805
p1069,p1716,2,0.6499354839324951
p1069,p1707,3,0.6436887979507446
p1069,p1715,4,0.6246321797370911
p1069,p1854,5,0.6041451692581177
p1070,p0050,1,0.6364522576332092
p1070,p0086,2,0.6255273818969727
p1070,p1069,3,0.5945689082145691
p1070,p0789,4,0.57964026927948
p1070,p0853,5,0.5790402293205261
p1071,p1092,1,0.8277297019958496
p1071,p1080,2,0.7762542963027954
p1071,p1074,3,0.7649703025817871
p1071,p1072,4,0.688129723072052
p1071,p1078,5,0.6815808415412903
p1072,p1071,1,0.688129723072052
p1072,p1078,2,0.6726607084274292
p1072,p1074,3,0.6633742451667786
p1072,p1073,4,0.628764271736145
p1072,p1081,5,0.6269288659095764
p1073,p1074,1,0.666393518447876
p1073,p1078,2,0.6515344381332397
p1073,p1072,3,0.628764271736145
p1073,p1071,4,0.618649959564209
p1073,p1080,5,0.5740674734115601
p1074,p1071,1,0.7649703025817871
p1074,p1078,2,0.6954100728034973
p1074,p1092,3,0.668853223323822
p1074,p1073,4,0.666393518447876
p1074,p1072,5,0.6633742451667786
p1075,p1092,1,0.5306758284568787
p1075,p1072,2,0.5180574059486389
p1075,p1080,3,0.49736976623535156
p1075,p1071,4,0.4959559440612793
p1075,p1074,5,0.45611774921417236
p1076,p1850,1,0.5967832207679749
p1076,p1079,2,0.5562856197357178
p1076,p1150,3,0.5542104244232178
p1076,p1084,4,0.5192831754684448
p1076,p0511,5,0.4908806085586548
p1077,p0840,1,0.9896392226219177
p1077,p1157,2,0.9896392226219177
p1077,p0800,3,0.9279420375823975
p1077,p0833,4,0.6473101377487183
p1077,p0829,5,0.6384570598602295
p1078,p1074,1,0.6954100728034973
p1078,p1071,2,0.6815808415412903
p1078,p1072,3,0.6726607084274292
p1078,p1073,4,0.6515344381332397
p1078,p1716,5,0.6370475888252258
p1079,p1084,1,0.6138339042663574
p1079,p0828,2,0.5862697958946228
p1079,p1085,3,0.5758810043334961
p1079,p0511,4,0.55999356508255
p1079,p1076,5,0.5562856197357178
p1080,p1071,1,0.7762542963027954
p1080,p1092,2,0.7408683896064758
p1080,p1074,3,0.6297479867935181
p1080,p1078,4,0.5812171697616577
p1080,p1073,5,0.5740674734115601
p1081,p1072,1,0.6269288659095764
p1081,p1074,2,0.6010782122612
p1081,p1078,3,0.5726442933082581
p1081,p1071,4,0.5121419429779053
p1081,p1080,5,0.4617871642112732
p1082,p0833,1,0.6997423768043518
p1082,p0842,2,0.682479202747345
p1082,p0830,3,0.6542577743530273
p1082,p0813,4,0.6464179754257202
p1082,p0510,5,0.6427026987075806
p1083,p1089,1,0.6705350279808044
p1083,p0828,2,0.6594284176826477
p1083,p1085,3,0.6294234395027161
p1083,p1091,4,0.5820759534835815
p1083,p0511,5,0.5632368326187134
p1084,p1085,1,0.634962797164917
p1084,p0517,2,0.6235359907150269
p1084,p1150,3,0.6200658082962036
p1084,p1860,4,0.6165804862976074
p1084,p1079,5,0.6138339042663574
p1085,p1089,1,0.66650390625
p1085,p0828,2,0.6585962176322937
p1085,p0511,3,0.6524388194084167
p1085,p1158,4,0.647002100944519
p1085,p1150,5,0.6385383009910583
p1086,p1159,1,0.9734419584274292
p1086,p0564,2,0.6522343754768372
p1086,p0552,3,0.6336221098899841
p1086,p0710,4,0.6335891485214233
p1086,p0541,5,0.6293296813964844
p1087,p1084,1,0.5283339023590088
p1087,p1832,2,0.5191146731376648
p1087,p1089,3,0.49599629640579224
p1087,p1085,4,0.4721287488937378
p1087,p1073,5,0.467831552028656
p1088,p1089,1,0.6327157020568848
p1088,p1085,2,0.6302905678749084
p1088,p1093,3,0.6066571474075317
p1088,p0828,4,0.5903189778327942
p1088,p1083,5,0.561386227607727
p1089,p0511,1,0.6771107316017151
p1089,p0828,2,0.6736496686935425
p1089,p1083,3,0.6705350279808044
p1089,p1085,4,0.66650390625
p1089,p1088,5,0.6327157020568848
p1090,p1834,1,0.5554363131523132
p1090,p1089,2,0.4906022548675537
p1090,p0981,3,0.46442556381225586
p1090,p0626,4,0.46364712715148926
p1090,p0716,5,0.45127373933792114
p1091,p0828,1,0.682170033454895
p1091,p1083,2,0.5820759534835815
p1091,p0511,3,0.5740882754325867
p1091,p1093,4,0.5580728650093079
p1091,p1089,5,0.5455873608589172
p1092,p1071,1,0.8277297019958496
p1092,p1080,2,0.7408683896064758
p1092,p1074,3,0.668853223323822
p1092,p1072,4,0.596182107925415
p1092,p1707,5,0.5648220181465149
p1093,p0828,1,0.6462216377258301
p1093,p0511,2,0.6351243853569031
p1093,p1085,3,0.6235927939414978
p1093,p0842,4,0.6191927790641785
p1093,p1088,5,0.6066571474075317
p1094,p0542,1,0.5573294162750244
p1094,p1085,2,0.5371716022491455
p1094,p1088,3,0.5117600560188293
p1094,p0828,4,0.5037939548492432
p1094,p1158,5,0.4871068596839905
p1095,p1766,1,0.8368018269538879
p1095,p1097,2,0.8051996231079102
p1095,p1096,3,0.7832900285720825
p1095,p1783,4,0.7403873205184937
p1095,p1098,5,0.729895293712616
p1096,p1095,1,0.7832900285720825
p1096,p1766,2,0.766909658908844
p1096,p1098,3,0.7599101066589355
p1096,p1100,4,0.7144446969032288
p1096,p0643,5,0.7097805142402649
p1097,p1095,1,0.8051996231079102
p1097,p1766,2,0.7073973417282104
p1097,p1096,3,0.6800186038017273
p1097,p1098,4,0.6455621123313904
p1097,p1783,5,0.6334474086761475
p1098,p1100,1,0.8625923991203308
p1098,p0643,2,0.8565760850906372
p1098,p1099,3,0.8242422938346863
p1098,p1096,4,0.7599101066589355
p1098,p1095,5,0.729895293712616
p1099,p1100,1,0.8378273248672485
p1099,p0643,2,0.8294826149940491
p1099,p1098,3,0.8242422938346863
p1099,p1101,4,0.7416748404502869
p1099,p1802,5,0.7364826798439026
p1100,p0643,1,0.9966748356819153
p1100,p1098,2,0.8625923991203308
p1100,p1099,3,0.8378273248672485
p1100,p1118,4,0.7494165897369385
p1100,p0644,5,0.7394432425498962
p1101,p1802,1,0.9787787199020386
p1101,p1102,2,0.9191835522651672
p1101,p1099,3,0.7416748404502869
p1101,p0705,4,0.695108950138092
p1101,p1205,5,0.6869341731071472
p1102,p1101,1,0.9191835522651672
p1102,p1802,2,0.9074795842170715
p1102,p1099,3,0.7107309699058533
p1102,p0706,4,0.7011806964874268
p1102,p1206,5,0.6880306601524353
p1103,p1114,1,0.7824236154556274
p1103,p0751,2,0.6821144819259644
p1103,p1104,3,0.6601149439811707
p1103,p0745,4,0.6544010639190674
p1103,p1098,5,0.6501306891441345
p1104,p1109,1,0.8233315348625183
p1104,p1114,2,0.7987796664237976
p1104,p1116,3,0.7145195007324219
p1104,p0645,4,0.7087970972061157
p1104,p0939,5,0.7083038091659546
p1105,p1099,1,0.6465680599212646
p1105,p1103,2,0.6182588338851929
p1105,p1098,3,0.6016442179679871
p1105,p1106,4,0.600779116153717
p1105,p1119,5,0.5921081304550171
p1106,p1127,1,0.800840437412262
p1106,p1128,2,0.72728431224823
p1106,p1135,3,0.7192857265472412
p1106,p1121,4,0.7190910577774048
p1106,p1101,5,0.6772404909133911
p1107,p1126,1,0.8860293030738831
p1107,p1134,2,0.7742501497268677
p1107,p1135,3,0.7463933229446411
p1107,p1142,4,0.7055282592773438
p1107,p1132,5,0.7041163444519043
p1108,p1117,1,0.9400730133056641
p1108,p1107,2,0.6824936866760254
p1108,p1126,3,0.6739931106567383
p1108,p1123,4,0.6730930805206299
p1108,p1099,5,0.6556957960128784
p1109,p1104,1,0.8233315348625183
p1109,p1114,2,0.7545891404151917
p1109,p1116,3,0.6968919038772583
p1109,p0939,4,0.6834603548049927
p1109,p1212,5,0.663362443447113
p1110,p0711,1,0.8163284659385681
p1110,p0642,2,0.6031651496887207
p1110,p0716,3,0.6022977232933044
p1110,p0644,4,0.6022051572799683
p1110,p0643,5,0.5965898633003235
p1111,p1209,1,0.8248497843742371
p1111,p0756,2,0.7973659634590149
p1111,p1210,3,0.7813264727592468
p1111,p1112,4,0.7681399583816528
p1111,p0931,5,0.7642639875411987
p1112,p0756,1,0.963495135307312
p1112,p1210,2,0.9593756794929504
p1112,p0932,3,0.9188305139541626
p1112,p1209,4,0.895524263381958
p1112,p0755,5,0.8662149906158447
p1113,p0637,1,0.7835277318954468
p1113,p1771,2,0.7051792144775391
p1113,p1135,3,0.6670750975608826
p1113,p1106,4,0.6465300917625427
p1113,p1115,5,0.6424722671508789
p1114,p1104,1,0.7987796664237976
p1114,p1103,2,0.7824236154556274
p1114,p1109,3,0.7545891404151917
p1114,p0645,4,0.7262409329414368
p1114,p0642,5,0.7195541858673096
p1115,p1113,1,0.6424722671508789
p1115,p1099,2,0.634857714176178
p1115,p1098,3,0.620179295539856
p1115,p1100,4,0.6095255017280579
p1115,p0643,5,0.6054081320762634
p1116,p0939,1,0.9951039552688599
p1116,p1104,2,0.7145195007324219
p1116,p1109,3,0.6968919038772583
p1116,p0929,4,0.6409292817115784
p1116,p1114,5,0.6390522122383118
p1117,p1108,1,0.9400730133056641
p1117,p1107,2,0.6451594829559326
p1117,p1126,3,0.641063392162323
p1117,p1099,4,0.6160014271736145
p1117,p1123,5,0.6051034331321716
p1118,p0643,1,0.750769317150116
p1118,p1100,2,0.7494165897369385
p1118,p1099,3,0.7189261317253113
p1118,p1130,4,0.7187305688858032
p1118,p1098,5,0.7103797793388367
p1119,p1111,1,0.7260162830352783
p1119,p1209,2,0.6352112889289856
p1119,p0998,3,0.6326316595077515
p1119,p0710,4,0.6221624612808228
p1119,p0756,5,0.6166456341743469
p1120,p0609,1,0.7857248783111572
p1120,p0636,2,0.70545494556427
p1120,p0635,3,0.6942381262779236
p1120,p0633,4,0.637327253818512
p1120,p0631,5,0.6179620623588562
p1121,p1133,1,0.7838744521141052
p1121,p1126,2,0.7202275395393372
p1121,p1106,3,0.7190910577774048
p1121,p1132,4,0.7109907865524292
p1121,p1134,5,0.7086540460586548
p1122,p0935,1,0.9822153449058533
p1122,p0641,2,0.5888320207595825
p1122,p1132,3,0.5862038731575012
p1122,p1123,4,0.5862012505531311
p1122,p1115,5,0.5755385756492615
p1123,p1132,1,0.7034326791763306
p1123,p1100,2,0.6877376437187195
p1123,p0643,3,0.6858551502227783
p1123,p1098,4,0.6854967474937439
p1123,p1099,5,0.6844275593757629
p1124,p0989,1,0.977790892124176
p1124,p1121,2,0.6554332971572876
p1124,p1132,3,0.6302812099456787
p1124,p1231,4,0.617119312286377
p1124,p1776,5,0.6007643938064575
p1125,p0630,1,0.7394645810127258
p1125,p0636,2,0.7107489109039307
p1125,p1658,3,0.642983615398407
p1125,p0633,4,0.6362406611442566
p1125,p0609,5,0.6113196015357971
p1126,p1107,1,0.8860293030738831
p1126,p1134,2,0.8117753267288208
p1126,p1142,3,0.7400283813476562
p1126,p1132,4,0.7368339896202087
p1126,p1135,5,0.7247714996337891
p1127,p1106,1,0.800840437412262
p1127,p1135,2,0.7324385643005371
p1127,p1099,3,0.6737276315689087
p1127,p1121,4,0.6659719347953796
p1127,p0643,5,0.6654036641120911
p1128,p1106,1,0.72728431224823
p1128,p1129,2,0.7001606225967407
p1128,p1131,3,0.6500834822654724
p1128,p1127,4,0.6485452651977539
p1128,p0780,5,0.6485248804092407
p1129,p1128,1,0.7001606225967407
p1129,p1141,2,0.6855865120887756
p1129,p1131,3,0.6554733514785767
p1129,p1099,4,0.6288536787033081
p1129,p1137,5,0.6160908937454224
p1130,p1118,1,0.7187305688858032
p1130,p0643,2,0.6983137130737305
p1130,p1100,3,0.6948139071464539
p1130,p1107,4,0.6642483472824097
p1130,p1099,5,0.6637827754020691
p1131,p1141,1,0.7003882527351379
p1131,p1121,2,0.6813783645629883
p1131,p1139,3,0.667005717754364
p1131,p1132,4,0.6607338786125183
p1131,p1129,5,0.6554733514785767
p1132,p1126,1,0.7368339896202087
p1132,p1121,2,0.7109907865524292
p1132,p1107,3,0.7041163444519043
p1132,p1123,4,0.7034326791763306
p1132,p1134,5,0.6709258556365967
p1133,p1121,1,0.7838744521141052
p1133,p1134,2,0.7066769003868103
p1133,p1126,3,0.6790817975997925
p1133,p1107,4,0.6711727976799011
p1133,p1140,5,0.6468672156333923
p1134,p1126,1,0.8117753267288208
p1134,p1107,2,0.7742501497268677
p1134,p1135,3,0.7279109954833984
p1134,p1142,4,0.7180060744285583
p1134,p1121,5,0.7086540460586548
p1135,p1792,1,0.767023503780365
p1135,p1107,2,0.7463933229446411
p1135,p1127,3,0.7324385643005371
p1135,p1134,4,0.7279109954833984
p1135,p1126,5,0.7247714996337891
p1136,p1793,1,0.5988426208496094
p1136,p1141,2,0.5919234752655029
p1136,p1135,3,0.5823897123336792
p1136,p1106,4,0.5741639733314514
p1136,p1127,5,0.5636588931083679
p1137,p1107,1,0.6525537967681885
p1137,p1126,2,0.6345086097717285
p1137,p1099,3,0.6165279746055603
p1137,p1129,4,0.6160908937454224
p1137,p1128,5,0.6140354871749878
p1138,p1129,1,0.6146374344825745
p1138,p1141,2,0.6008396148681641
p1138,p1113,3,0.5906610488891602
p1138,p1796,4,0.5855735540390015
p1138,p0657,5,0.5801527500152588
p1139,p1131,1,0.667005717754364
p1139,p1140,2,0.6481852531433105
p1139,p1141,3,0.6347423791885376
p1139,p1130,4,0.6122957468032837
p1139,p1137,5,0.6106222867965698
p1140,p1126,1,0.6982851624488831
p1140,p1134,2,0.6799529194831848
p1140,p1132,3,0.6708032488822937
p1140,p1139,4,0.6481852531433105
p1140,p1133,5,0.6468672156333923
p1141,p1131,1,0.7003882527351379
p1141,p1129,2,0.6855865120887756
p1141,p1139,3,0.6347423791885376
p1141,p1128,4,0.6310067772865295
p1141,p1106,5,0.6073273420333862
p1142,p1126,1,0.7400283813476562
p1142,p1134,2,0.7180060744285583
p1142,p1107,3,0.7055282592773438
p1142,p1135,4,0.6415040493011475
p1142,p1801,5,0.6027524471282959
p1143,p1149,1,0.5409429669380188
p1143,p1147,2,0.5277511477470398
p1143,p1662,3,0.5093875527381897
p1143,p1263,4,0.4944373369216919
p1143,p1144,5,0.481917142868042
p1144,p1145,1,0.7691155076026917
p1144,p1148,2,0.6494894027709961
p1144,p1149,3,0.6182732582092285
p1144,p1263,4,0.596391499042511
p1144,p1312,5,0.5954897403717041
p1145,p1144,1,0.7691155076026917
p1145,p0605,2,0.6815292835235596
p1145,p1148,3,0.6666417121887207
p1145,p1146,4,0.6533824801445007
p1145,p0509,5,0.6437588930130005
p1146,p0786,1,0.6991357803344727
p1146,p1145,2,0.6533824801445007
p1146,p1148,3,0.6265726089477539
p1146,p1144,4,0.5917660593986511
p1146,p1015,5,0.5859082341194153
p1147,p1289,1,0.5949673056602478
p1147,p1146,2,0.5786339640617371
p1147,p1266,3,0.5678313374519348
p1147,p1145,4,0.5592821836471558
p1147,p1302,5,0.5514577627182007
p1148,p1847,1,0.719455897808075
p1148,p1145,2,0.6666417121887207
p1148,p0786,3,0.6580334305763245
p1148,p1144,4,0.6494894027709961
p1148,p1320,5,0.6335984468460083
p1149,p0785,1,0.9191683530807495
p1149,p0786,2,0.6700798273086548
p1149,p0784,3,0.663055419921875
p1149,p1313,4,0.6623800992965698
p1149,p0787,5,0.6537524461746216
p1150,p1158,1,0.7603369951248169
p1150,p1859,2,0.7427316904067993
p1150,p1085,3,0.6385383009910583
p1150,p0828,4,0.6264382004737854
p1150,p1084,5,0.6200658082962036
p1151,p1153,1,0.6841809153556824
p1151,p0838,2,0.6402059197425842
p1151,p0814,3,0.6395837664604187
p1151,p0802,4,0.6305464506149292
p1151,p0561,5,0.6304993629455566
p1152,p0797,1,0.7775498628616333
p1152,p0838,2,0.6738192439079285
p1152,p1284,3,0.6175959706306458
p1152,p1149,4,0.5924516320228577
p1152,p0816,5,0.5851637125015259
p1153,p0838,1,0.8632184267044067
p1153,p0839,2,0.7037586569786072
p1153,p0797,3,0.6886361241340637
p1153,p1151,4,0.6841809153556824
p1153,p0802,5,0.6527307629585266
p1154,p0731,1,0.9833803176879883
p1154,p0798,2,0.9608275890350342
p1154,p1026,3,0.9477855563163757
p1154,p0658,4,0.9156981706619263
p1154,p0627,5,0.9154184460639954
p1155,p0801,1,0.9613856673240662
p1155,p1156,2,0.836827278137207
p1155,p0799,3,0.8108328580856323
p1155,p0824,4,0.8014618754386902
p1155,p0605,5,0.7688918113708496
p1156,p0799,1,0.9800242185592651
p1156,p1155,2,0.836827278137207
p1156,p0605,3,0.8331862688064575
p1156,p0801,4,0.8180669546127319
p1156,p0509,5,0.7572828531265259
p1157,p0840,1,1.0
p1157,p1077,2,0.9896392226219177
p1157,p0800,3,0.9488612413406372
p1157,p0829,4,0.617767870426178
p1157,p0833,5,0.6112911105155945
p1158,p1150,1,0.7603369951248169
p1158,p1085,2,0.647002100944519
p1158,p1859,3,0.598601222038269
p1158,p1084,4,0.5745318531990051
p1158,p0544,5,0.56112140417099
p1159,p1086,1,0.9734419584274292
p1159,p0710,2,0.6973093748092651
p1159,p0564,3,0.6801575422286987
p1159,p0552,4,0.6420543193817139
p1159,p0541,5,0.6345252990722656
p1160,p0816,1,0.7174034714698792
p1160,p1171,2,0.6663053631782532
p1160,p1165,3,0.6313972473144531
p1160,p0802,4,0.6272549629211426
p1160,p0561,5,0.6166285872459412
p1161,p0552,1,0.7230657339096069
p1161,p0541,2,0.7172849178314209
p1161,p0554,3,0.4871779680252075
p1161,p0537,4,0.47803664207458496
p1161,p0549,5,0.443794846534729
p1162,p0842,1,0.6689839363098145
p1162,p0833,2,0.6613727807998657
p1162,p0832,3,0.6555925607681274
p1162,p0813,4,0.6536464691162109
p1162,p0510,5,0.6484825611114502
p1163,p0544,1,0.6284652352333069
p1163,p1171,2,0.5998180508613586
p1163,p1762,3,0.5888427495956421
p1163,p1167,4,0.5427609086036682
p1163,p1158,5,0.5402477383613586
p1164,p0819,1,0.8031141757965088
p1164,p0816,2,0.7554663419723511
p1164,p0815,3,0.7381716966629028
p1164,p1169,4,0.7217661738395691
p1164,p1167,5,0.7105244994163513
p1165,p0816,1,0.7904331684112549
p1165,p1171,2,0.7806519269943237
p1165,p0802,3,0.7056726813316345
p1165,p1164,4,0.7042647004127502
p1165,p0822,5,0.6949005126953125
p1166,p0816,1,0.7200441360473633
p1166,p0803,2,0.6880898475646973
p1166,p1300,3,0.679161548614502
p1166,p0797,4,0.627393901348114
p1166,p1171,5,0.61518394947052
p1167,p1164,1,0.7105244994163513
p1167,p1165,2,0.6859455108642578
p1167,p1171,3,0.6817775368690491
p1167,p1169,4,0.6794171333312988
p1167,p0819,5,0.677618145942688
p1168,p1172,1,0.64448082447052
p1168,p1164,2,0.6281272768974304
p1168,p1165,3,0.6262387037277222
p1168,p1167,4,0.6166453957557678
p1168,p1166,5,0.599329948425293
p1169,p0815,1,0.756637692451477
p1169,p1164,2,0.7217661738395691
p1169,p1172,3,0.717985987663269
p1169,p1167,4,0.6794171333312988
p1169,p0802,5,0.6781768798828125
p1170,p0822,1,0.7810959815979004
p1170,p0803,2,0.5554444193840027
p1170,p0802,3,0.5368729829788208
p1170,p0815,4,0.5106858611106873
p1170,p0818,5,0.5082212686538696
p1171,p1165,1,0.7806519269943237
p1171,p0816,2,0.767173707485199
p1171,p0802,3,0.7337471842765808
p1171,p0561,4,0.7185030579566956
p1171,p0822,5,0.6976805925369263
p1172,p1169,1,0.717985987663269
p1172,p1168,2,0.64448082447052
p1172,p1164,3,0.6428459286689758
p1172,p0802,4,0.6410719752311707
p1172,p0815,5,0.6324391961097717
p1173,p1921,1,0.6549959778785706
p1173,p1915,2,0.5978823900222778
p1173,p1911,3,0.5942789316177368
p1173,p1174,4,0.5863457322120667
p1173,p0971,5,0.5755207538604736
p1174,p1890,1,0.7623832821846008
p1174,p1891,2,0.7595242261886597
p1174,p1035,3,0.709611177444458
p1174,p1051,4,0.6285145878791809
p1174,p1895,5,0.6088401675224304
p1175,p1047,1,0.9927826523780823
p1175,p0866,2,0.990199625492096
p1175,p0865,3,0.746548056602478
p1175,p0875,4,0.6850333213806152
p1175,p0487,5,0.6565258502960205
p1176,p1178,1,0.722773551940918
p1176,p0674,2,0.6039316058158875
p1176,p0933,3,0.5689863562583923
p1176,p1042,4,0.5657318830490112
p1176,p1039,5,0.5588715672492981
p1177,p1180,1,0.9904699921607971
p1177,p0924,2,0.9823140501976013
p1177,p1184,3,0.8134315609931946
p1177,p0961,4,0.8056544065475464
p1177,p0978,5,0.8056544065475464
p1178,p1176,1,0.722773551940918
p1178,p1206,2,0.6372459530830383
p1178,p0986,3,0.6157391667366028
p1178,p0674,4,0.6155496835708618
p1178,p0706,5,0.584874153137207
p1179,p0548,1,1.0
p1179,p0696,2,0.6682584881782532
p1179,p0588,3,0.6231242418289185
p1179,p0955,4,0.5939537286758423
p1179,p0667,5,0.566423773765564
p1180,p0924,1,0.9913808107376099
p1180,p1177,2,0.9904699921607971
p1180,p1184,3,0.8120928406715393
p1180,p0961,4,0.8000208735466003
p1180,p0978,5,0.8000208735466003
p1181,p1004,1,0.9876757860183716
p1181,p1053,2,0.98629230260849
p1181,p0972,3,0.9632020592689514
p1181,p0963,4,0.7294447422027588
p1181,p0967,5,0.7257251143455505
p1182,p0917,1,1.0
p1182,p0589,2,0.9896829128265381
p1182,p1062,3,0.8453805446624756
p1182,p0577,4,0.6915991306304932
p1182,p0964,5,0.6282336711883545
p1183,p1194,1,0.9999997019767761
p1183,p0725,2,0.9945197105407715
p1183,p0690,3,0.6640509963035583
p1183,p1451,4,0.6504655480384827
p1183,p0721,5,0.604044497013092
p1184,p0961,1,0.9934779405593872
p1184,p0978,2,0.9934779405593872
p1184,p1197,3,0.937300443649292
p1184,p1045,4,0.9305606484413147
p1184,p1177,5,0.8134315609931946
p1185,p1196,1,0.6889509558677673
p1185,p1489,2,0.5592764616012573
p1185,p1060,3,0.5346355438232422
p1185,p0696,4,0.5174262523651123
p1185,p1067,5,0.5164472460746765
p1186,p1060,1,0.7781754732131958
p1186,p1488,2,0.5889222025871277
p1186,p0682,3,0.5569565296173096
p1186,p0947,4,0.501230001449585
p1186,p1193,5,0.4997904896736145
p1187,p1189,1,0.7384395599365234
p1187,p1190,2,0.7067819833755493
p1187,p1033,3,0.5850828289985657
p1187,p1006,4,0.5823619961738586
p1187,p1193,5,0.552761435508728
p1188,p1032,1,0.7476900815963745
p1188,p1033,2,0.7366055846214294
p1188,p1065,3,0.7346323132514954
p1188,p1189,4,0.7283774018287659
p1188,p1190,5,0.7257697582244873
p1189,p1190,1,0.8214291334152222
p1189,p1033,2,0.7431479692459106
p1189,p1187,3,0.7384395599365234
p1189,p1188,4,0.7283774018287659
p1189,p1193,5,0.7130019068717957
p1190,p1189,1,0.8214291334152222
p1190,p1188,2,0.7257697582244873
p1190,p1187,3,0.7067819833755493
p1190,p1033,4,0.6584332585334778
p1190,p1066,5,0.6419134140014648
p1191,p0766,1,0.9809638261795044
p1191,p0992,2,0.9809638261795044
p1191,p1056,3,0.5996549725532532
p1191,p0721,4,0.561980664730072
p1191,p1215,5,0.5384297966957092
p1192,p0765,1,1.0
p1192,p1445,2,0.8020293712615967
p1192,p1914,3,0.8003420233726501
p1192,p0721,4,0.7707769870758057
p1192,p1063,5,0.6010900735855103
p1193,p1060,1,0.7655049562454224
p1193,p1067,2,0.7136453986167908
p1193,p1189,3,0.7130019068717957
p1193,p0849,4,0.705683708190918
p1193,p1240,5,0.7033649682998657
p1194,p1183,1,0.9999997019767761
p1194,p0725,2,0.9945197105407715
p1194,p0690,3,0.6640509963035583
p1194,p1451,4,0.6504655480384827
p1194,p0721,5,0.604044497013092
p1195,p1647,1,0.675024688243866
p1195,p0858,2,0.5935370922088623
p1195,p1067,3,0.583756685256958
p1195,p1955,4,0.5632107853889465
p1195,p1059,5,0.5327420830726624
p1196,p1059,1,0.8239222764968872
p1196,p1067,2,0.7737337350845337
p1196,p1185,3,0.6889509558677673
p1196,p1056,4,0.6144694089889526
p1196,p0898,5,0.5183827877044678
p1197,p1045,1,0.9897834062576294
p1197,p0961,2,0.9392112493515015
p1197,p0978,3,0.9392112493515015
p1197,p1184,4,0.937300443649292
p1197,p1177,5,0.8052107095718384
p1198,p1900,1,0.75655198097229
p1198,p1681,2,0.6110644340515137
p1198,p1625,3,0.6078281402587891
p1198,p1926,4,0.5987410545349121
p1198,p1917,5,0.5966057777404785
p1199,p1926,1,0.6928794384002686
p1199,p1607,2,0.669247031211853
p1199,p1908,3,0.6663963794708252
p1199,p2040,4,0.6614304184913635
p1199,p1900,5,0.6432620286941528
p1200,p1219,1,0.7349080443382263
p1200,p1058,2,0.7142785787582397
p1200,p1202,3,0.6873366236686707
p1200,p1204,4,0.6825650334358215
p1200,p0967,5,0.6540561318397522
p1201,p1230,1,0.6299205422401428
p1201,p1237,2,0.5959901213645935
p1201,p1227,3,0.5651792883872986
p1201,p1222,4,0.5595168471336365
p1201,p1234,5,0.5242835879325867
p1202,p0964,1,0.8020825386047363
p1202,p0682,2,0.7456231117248535
p1202,p0966,3,0.7226538062095642
p1202,p1058,4,0.7002349495887756
p1202,p1200,5,0.6873366236686707
p1203,p1237,1,0.6427903771400452
p1203,p1227,2,0.5408223271369934
p1203,p0649,3,0.5371309518814087
p1203,p1230,4,0.5353339910507202
p1203,p1224,5,0.49240678548812866
p1204,p1219,1,0.6973155736923218
p1204,p1200,2,0.6825650334358215
p1204,p0675,3,0.6610087752342224
p1204,p1202,4,0.6400455832481384
p1204,p0963,5,0.6300230026245117
p1205,p1206,1,0.8941248655319214
p1205,p0705,2,0.8732514977455139
p1205,p0706,3,0.7630608677864075
p1205,p0868,4,0.7141008377075195
p1205,p0869,5,0.7055947780609131
p1206,p1205,1,0.8941248655319214
p1206,p0706,2,0.8438122272491455
p1206,p0869,3,0.7560257315635681
p1206,p0705,4,0.7328813076019287
p1206,p1037,5,0.7238006591796875
p1207,p1208,1,0.6878059506416321
p1207,p1606,2,0.6133663058280945
p1207,p0768,3,0.5583053827285767
p1207,p0945,4,0.5071645975112915
p1207,p0744,5,0.4849773049354553
p1208,p1207,1,0.6878059506416321
p1208,p1606,2,0.6095460653305054
p1208,p1607,3,0.5891745686531067
p1208,p0744,4,0.5839958190917969
p1208,p0768,5,0.5458157658576965
p1209,p1210,1,0.9391761422157288
p1209,p0756,2,0.9053791165351868
p1209,p1112,3,0.895524263381958
p1209,p0931,4,0.8693885803222656
p1209,p0755,5,0.8677346706390381
p1210,p0756,1,0.9662340879440308
p1210,p1112,2,0.9593756794929504
p1210,p1209,3,0.9391761422157288
p1210,p0932,4,0.9241086840629578
p1210,p0755,5,0.8582624793052673
p1211,p1216,1,0.5776946544647217
p1211,p1220,2,0.5764050483703613
p1211,p1109,3,0.5631253123283386
p1211,p0945,4,0.5384459495544434
p1211,p0744,5,0.5334765911102295
p1212,p1109,1,0.663362443447113
p1212,p0768,2,0.6385349035263062
p1212,p0744,3,0.6214572787284851
p1212,p1104,4,0.5985118746757507
p1212,p0997,5,0.5973203778266907
p1213,p1904,1,0.63509601354599
p1213,p1200,2,0.6061021089553833
p1213,p0891,3,0.6044579148292542
p1213,p0963,4,0.6035871505737305
p1213,p1218,5,0.5978354811668396
p1214,p0763,1,0.7443498373031616
p1214,p0750,2,0.6537194848060608
p1214,p0759,3,0.6406946182250977
p1214,p0748,4,0.6237801313400269
p1214,p0753,5,0.6026568412780762
p1215,p0966,1,0.6645878553390503
p1215,p0896,2,0.6427041888237
p1215,p0891,3,0.6329675912857056
p1215,p0964,4,0.6268296241760254
p1215,p1181,5,0.6200957894325256
p1216,p1220,1,0.6587241888046265
p1216,p1211,2,0.5776946544647217
p1216,p1221,3,0.5443866848945618
p1216,p1214,4,0.5166699886322021
p1216,p1208,5,0.4768003225326538
p1217,p1994,1,0.5851517915725708
p1217,p1007,2,0.5829217433929443
p1217,p0903,3,0.5341782569885254
p1217,p1200,4,0.5089331865310669
p1217,p0739,5,0.5068818926811218
p1218,p0973,1,0.706662118434906
p1218,p0967,2,0.6558265089988708
p1218,p0974,3,0.6346839070320129
p1218,p0964,4,0.6318350434303284
p1218,p0972,5,0.6288279294967651
p1219,p1200,1,0.7349080443382263
p1219,p0682,2,0.6974031925201416
p1219,p1204,3,0.6973155736923218
p1219,p1058,4,0.6659398078918457
p1219,p1202,5,0.665207028388977
p1220,p0769,1,0.6840078234672546
p1220,p1216,2,0.6587241888046265
p1220,p0768,3,0.6458727717399597
p1220,p1221,4,0.5967035889625549
p1220,p0945,5,0.5769334435462952
p1221,p1220,1,0.5967035889625549
p1221,p1239,2,0.5721634030342102
p1221,p0737,3,0.5463320016860962
p1221,p1216,4,0.5443866848945618
p1221,p1208,5,0.5390357971191406
p1222,p1234,1,0.6785761117935181
p1222,p1230,2,0.6523166298866272
p1222,p1237,3,0.6433757543563843
p1222,p0996,4,0.5799818634986877
p1222,p1227,5,0.5645705461502075
p1223,p1685,1,0.5611664652824402
p1223,p1222,2,0.5509872436523438
p1223,p1675,3,0.509279191493988
p1223,p1006,4,0.5012250542640686
p1223,p1237,5,0.49151259660720825
p1224,p1237,1,0.5190316438674927
p1224,p1230,2,0.49333345890045166
p1224,p1203,3,0.49240678548812866
p1224,p1227,4,0.48111897706985474
p1224,p0649,5,0.4659358263015747
p1225,p0998,1,0.940098762512207
p1225,p1209,2,0.7640988826751709
p1225,p1111,3,0.7631150484085083
p1225,p1210,4,0.7425804734230042
p1225,p1112,5,0.715591549873352
p1226,p1127,1,0.5323622226715088
p1226,p1680,2,0.5179861187934875
p1226,p1100,3,0.5171157717704773
p1226,p0643,4,0.5123803019523621
p1226,p1227,5,0.5003620982170105
p1227,p1236,1,0.6149927973747253
p1227,p1230,2,0.5962958931922913
p1227,p1002,3,0.5716516375541687
p1227,p1001,4,0.5715252161026001
p1227,p1228,5,0.5706787109375
p1228,p1682,1,0.6773573160171509
p1228,p1236,2,0.6499633193016052
p1228,p0997,3,0.5754002332687378
p1228,p1227,4,0.5706787109375
p1228,p1230,5,0.5669013261795044
p1229,p0997,1,0.6416293978691101
p1229,p1006,2,0.6327289938926697
p1229,p1212,3,0.5734192132949829
p1229,p1686,4,0.5733010768890381
p1229,p1053,5,0.5727105140686035
p1230,p1237,1,0.7106426954269409
p1230,p1222,2,0.6523166298866272
p1230,p1234,3,0.6473435759544373
p1230,p1201,4,0.6299205422401428
p1230,p0996,5,0.624041736125946
p1231,p0989,1,0.6687148213386536
p1231,p1124,2,0.617119312286377
p1231,p2039,3,0.6006184816360474
p1231,p1132,4,0.5045650005340576
p1231,p1776,5,0.4684046506881714
p1232,p1230,1,0.5130144357681274
p1232,p1234,2,0.5018011331558228
p1232,p1237,3,0.49659979343414307
p1232,p1226,4,0.47898948192596436
p1232,p1004,5,0.44762444496154785
p1233,p1208,1,0.42410892248153687
p1233,p1176,2,0.4233996868133545
p1233,p0671,3,0.42243897914886475
p1233,p0777,4,0.4102669954299927
p1233,p1217,5,0.4037327766418457
p1234,p1222,1,0.6785761117935181
p1234,p1230,2,0.6473435759544373
p1234,p1698,3,0.6405263543128967
p1234,p1237,4,0.6222205758094788
p1234,p1236,5,0.6146512031555176
p1235,p1699,1,0.6318250894546509
p1235,p1237,2,0.5858924984931946
p1235,p1230,3,0.5528762340545654
p1235,p1220,4,0.5513765811920166
p1235,p1234,5,0.5412507653236389
p1236,p1228,1,0.6499633193016052
p1236,p1700,2,0.6330363154411316
p1236,p1227,3,0.6149927973747253
p1236,p1234,4,0.6146512031555176
p1236,p0997,5,0.561845064163208
p1237,p1230,1,0.7106426954269409
p1237,p1222,2,0.6433757543563843
p1237,p1203,3,0.6427903771400452
p1237,p0649,4,0.6254076361656189
p1237,p1234,5,0.6222205758094788
p1238,p0962,1,1.0
p1238,p0740,2,1.0
p1238,p0589,3,0.5407581925392151
p1238,p1204,4,0.539756178855896
p1238,p1182,5,0.5289150476455688
p1239,p1643,1,0.5845839381217957
p1239,p0737,2,0.5808337330818176
p1239,p0689,3,0.5729837417602539
p1239,p1221,4,0.5721634030342102
p1239,p1189,5,0.5621507167816162
p1240,p1193,1,0.7033649682998657
p1240,p0850,2,0.6779175996780396
p1240,p1189,3,0.6527475118637085
p1240,p0898,4,0.642790675163269
p1240,p1060,5,0.630595326423645
p1241,p0506,1,0.8891454339027405
p1241,p0834,2,0.6153101921081543
p1241,p0581,3,0.6038115620613098
p1241,p0525,4,0.5457395315170288
p1241,p0499,5,0.5443750023841858
p1242,p1598,1,0.8708353042602539
p1242,p1807,2,0.769986629486084
p1242,p1498,3,0.7593739032745361
p1242,p1497,4,0.7521570324897766
p1242,p2013,5,0.7043343186378479
p1243,p1694,1,0.57208651304245
p1243,p0625,2,0.5589658617973328
p1243,p1623,3,0.5358561873435974
p1243,p2058,4,0.5258072018623352
p1243,p1677,5,0.5035881400108337
p1244,p1789,1,0.6551802754402161
p1244,p1437,2,0.6274937987327576
p1244,p1783,3,0.6185953617095947
p1244,p1096,4,0.6044772863388062
p1244,p1771,5,0.5890397429466248
p1245,p1724,1,0.722358226776123
p1245,p1735,2,0.7053931355476379
p1245,p1423,3,0.6864522099494934
p1245,p2023,4,0.6847626566886902
p1245,p1846,5,0.6835639476776123
p1246,p1247,1,0.7559354305267334
p1246,p1258,2,0.7160342931747437
p1246,p0557,3,0.7113730907440186
p1246,p1249,4,0.7004333138465881
p1246,p0558,5,0.6974934935569763
p1247,p1246,1,0.7559354305267334
p1247,p0558,2,0.706605851650238
p1247,p0557,3,0.6718139052391052
p1247,p1249,4,0.657559335231781
p1247,p1258,5,0.6540544629096985
p1248,p1250,1,0.9502610564231873
p1248,p1259,2,0.9291473627090454
p1248,p1540,3,0.7931349277496338
p1248,p1428,4,0.7863332033157349
p1248,p1409,5,0.7744765877723694
p1249,p1996,1,0.734901487827301
p1249,p1260,2,0.701793909072876
p1249,p1246,3,0.7004333138465881
p1249,p1258,4,0.6643051505088806
p1249,p1247,5,0.657559335231781
p1250,p1248,1,0.9502610564231873
p1250,p1259,2,0.9256309866905212
p1250,p1428,3,0.7701079845428467
p1250,p1409,4,0.7456468939781189
p1250,p1430,5,0.7336490750312805
p1251,p1246,1,0.6937089562416077
p1251,p1258,2,0.6484238505363464
p1251,p0559,3,0.6350416541099548
p1251,p1909,4,0.5956254005432129
p1251,p1247,5,0.5854269862174988
p1252,p1306,1,0.5223836302757263
p1252,p1268,2,0.5177163481712341
p1252,p1823,3,0.4878438711166382
p1252,p1436,4,0.4831066131591797
p1252,p1246,5,0.47210782766342163
p1253,p1933,1,0.8807532787322998
p1253,p1256,2,0.8501942753791809
p1253,p1261,3,0.7988644242286682
p1253,p1540,4,0.7141117453575134
p1253,p1919,5,0.6915736794471741
p1254,p0557,1,0.6054728031158447
p1254,p1249,2,0.5562698245048523
p1254,p1825,3,0.5552265644073486
p1254,p1247,4,0.5500875115394592
p1254,p1989,5,0.5423156023025513
p1255,p0591,1,0.6355659365653992
p1255,p1810,2,0.5963420271873474
p1255,p0578,3,0.5723133087158203
p1255,p1811,4,0.566074013710022
p1255,p0580,5,0.4910053014755249
p1256,p1253,1,0.8501942753791809
p1256,p1540,2,0.7225350737571716
p1256,p1428,3,0.6965459585189819
p1256,p1409,4,0.6757199764251709
p1256,p1423,5,0.6690409779548645
p1257,p1811,1,0.5682357549667358
p1257,p1813,2,0.5662040114402771
p1257,p1810,3,0.5124554634094238
p1257,p0597,4,0.5119131803512573
p1257,p1847,5,0.5097476243972778
p1258,p1246,1,0.7160342931747437
p1258,p0557,2,0.6871713399887085
p1258,p1249,3,0.6643051505088806
p1258,p1247,4,0.6540544629096985
p1258,p1251,5,0.6484238505363464
p1259,p1248,1,0.9291473627090454
p1259,p1250,2,0.9256309866905212
p1259,p1428,3,0.818589448928833
p1259,p1423,4,0.8089820146560669
p1259,p1409,5,0.8035947680473328
p1260,p1249,1,0.701793909072876
p1260,p1996,2,0.652293860912323
p1260,p1246,3,0.5844960808753967
p1260,p1892,4,0.5587517023086548
p1260,p1251,5,0.538436233997345
p1261,p1933,1,0.8439328074455261
p1261,p1253,2,0.7988644242286682
p1261,p0575,3,0.7854647636413574
p1261,p0572,4,0.6669261455535889
p1261,p1540,5,0.6281958818435669
p1262,p1309,1,0.7962546944618225
p1262,p2013,2,0.7681146264076233
p1262,p1674,3,0.7313833236694336
p1262,p1497,4,0.7261955142021179
p1262,p1498,5,0.7226055860519409
p1263,p1316,1,0.6144234538078308
p1263,p0844,2,0.5973393321037292
p1263,p1144,3,0.596391499042511
p1263,p0561,4,0.5937790274620056
p1263,p1148,5,0.5923387408256531
p1264,p1291,1,0.4974377155303955
p1264,p1275,2,0.48840415477752686
p1264,p0803,3,0.4774433374404907
p1264,p1166,4,0.4640721082687378
p1264,p1279,5,0.45777440071105957
p1265,p1285,1,0.9985043406486511
p1265,p1706,2,0.9154901504516602
p1265,p1317,3,0.9050476551055908
p1265,p1529,4,0.9043837785720825
p1265,p1267,5,0.8919411301612854
p1266,p1273,1,0.6265420317649841
p1266,p1147,2,0.5678313374519348
p1266,p0815,3,0.535780131816864
p1266,p1291,4,0.5212405323982239
p1266,p1302,5,0.5154764652252197
p1267,p1299,1,0.9895771145820618
p1267,p1848,2,0.9491432309150696
p1267,p1592,3,0.9124343395233154
p1267,p1265,4,0.8919411301612854
p1267,p1285,5,0.8885297179222107
p1268,p1436,1,0.5858035683631897
p1268,p1565,2,0.5670085549354553
p1268,p1027,3,0.5541800260543823
p1268,p0817,4,0.5413554310798645
p1268,p1252,5,0.5177163481712341
p1269,p1272,1,0.9204850196838379
p1269,p1287,2,0.9202672243118286
p1269,p1530,3,0.9202672243118286
p1269,p1529,4,0.8889747858047485
p1269,p1299,5,0.8486050963401794
p1270,p1581,1,0.690682590007782
p1270,p1593,2,0.5372889041900635
p1270,p1280,3,0.5355256795883179
p1270,p1541,4,0.5268328189849854
p1270,p1306,5,0.5114763379096985
p1271,p0808,1,0.5252078175544739
p1271,p1305,2,0.5210512280464172
p1271,p0814,3,0.4952261447906494
p1271,p1315,4,0.4827679395675659
p1271,p1143,5,0.43736732006073
p1272,p1287,1,0.9910553693771362
p1272,p1530,2,0.9910553693771362
p1272,p1269,3,0.9204850196838379
p1272,p1519,4,0.8425291776657104
p1272,p1415,5,0.8286862373352051
p1273,p1266,1,0.6265420317649841
p1273,p1302,2,0.6013807058334351
p1273,p1172,3,0.4339921474456787
p1273,p1147,4,0.41751301288604736
p1273,p1303,5,0.4142930507659912
p1274,p1278,1,0.9850528836250305
p1274,p1304,2,0.9740836024284363
p1274,p1301,3,0.9048216938972473
p1274,p1329,4,0.8656845092773438
p1274,p1763,5,0.8619675636291504
p1275,p1328,1,0.6051304340362549
p1275,p1300,2,0.5795415639877319
p1275,p0816,3,0.5558937788009644
p1275,p1166,4,0.542753279209137
p1275,p1315,5,0.5008560419082642
p1276,p1324,1,0.9610960483551025
p1276,p1331,2,0.9246224164962769
p1276,p1321,3,0.8846812844276428
p1276,p1532,4,0.8775172233581543
p1276,p1317,5,0.8489387035369873
p1277,p0818,1,0.49747246503829956
p1277,p1146,2,0.4712410569190979
p1277,p1279,3,0.4578280448913574
p1277,p1264,4,0.4129202365875244
p1277,p1147,5,0.40660399198532104
p1278,p1274,1,0.9850528836250305
p1278,p1304,2,0.9640235900878906
p1278,p1301,3,0.919462263584137
p1278,p1329,4,0.8720073103904724
p1278,p1763,5,0.859324038028717
p1279,p1277,1,0.4578280448913574
p1279,p1264,2,0.45777440071105957
p1279,p0819,3,0.45157837867736816
p1279,p0818,4,0.4257873296737671
p1279,p1147,5,0.40276050567626953
p1280,p0820,1,0.5919419527053833
p1280,p1270,2,0.5355256795883179
p1280,p1593,3,0.4862605333328247
p1280,p1306,4,0.47259724140167236
p1280,p1584,5,0.4627380967140198
p1281,p0821,1,0.5518310070037842
p1281,p1292,2,0.511651873588562
p1281,p1811,3,0.5086033344268799
p1281,p1591,4,0.49630188941955566
p1281,p1283,5,0.43608522415161133
p1282,p1561,1,0.9836012125015259
p1282,p1794,2,0.9758175611495972
p1282,p1519,3,0.91556316614151
p1282,p1524,4,0.8881597518920898
p1282,p1991,5,0.8692739009857178
p1283,p1170,1,0.44548875093460083
p1283,p1302,2,0.44424301385879517
p1283,p1281,3,0.43608522415161133
p1283,p1147,4,0.42730486392974854
p1283,p0822,5,0.42679744958877563
p1284,p0785,1,0.6516962647438049
p1284,p1525,2,0.6457751393318176
p1284,p1305,3,0.6229313611984253
p1284,p1152,4,0.6175959706306458
p1284,p1149,5,0.6149270534515381
p1285,p1265,1,0.9985043406486511
p1285,p1706,2,0.9245730638504028
p1285,p1317,3,0.9104446768760681
p1285,p1529,4,0.9006801247596741
p1285,p1267,5,0.8885297179222107
p1286,p1297,1,0.525585412979126
p1286,p1149,2,0.4816845655441284
p1286,p1303,3,0.47358036041259766
p1286,p0785,4,0.4281717538833618
p1286,p1143,5,0.42013323307037354
p1287,p1530,1,1.0
p1287,p1272,2,0.9910553693771362
p1287,p1269,3,0.9202672243118286
p1287,p1519,4,0.8403521776199341
p1287,p1415,5,0.8195167183876038
p1288,p1296,1,0.6337404251098633
p1288,p0839,2,0.5706652402877808
p1288,p1965,3,0.5645338892936707
p1288,p0801,4,0.5596699118614197
p1288,p1516,5,0.5519350171089172
p1289,p1147,1,0.5949673056602478
p1289,p1167,2,0.5906714200973511
p1289,p1405,3,0.5161547064781189
p1289,p1145,4,0.4994470477104187
p1289,p1295,5,0.495938777923584
p1290,p1295,1,0.9899208545684814
p1290,p1293,2,0.9246230125427246
p1290,p1763,3,0.9208739995956421
p1290,p1278,4,0.8543554544448853
p1290,p1274,5,0.8525641560554504
p1291,p1147,1,0.5312820076942444
p1291,p1146,2,0.5229591131210327
p1291,p1266,3,0.5212405323982239
p1291,p1264,4,0.4974377155303955
p1291,p1145,5,0.49159717559814453
p1292,p1664,1,0.5896315574645996
p1292,p1762,2,0.5797044634819031
p1292,p1757,3,0.5128369331359863
p1292,p1281,4,0.511651873588562
p1292,p1591,5,0.5074015855789185
p1293,p1295,1,0.9326656460762024
p1293,p1290,2,0.9246230125427246
p1293,p1412,3,0.89606112241745
p1293,p1747,4,0.8905647397041321
p1293,p1475,5,0.8880395889282227
p1294,p1167,1,0.4670678973197937
p1294,p1289,2,0.46501410007476807
p1294,p1302,3,0.44141626358032227
p1294,p1171,4,0.40639758110046387
p1294,p1147,5,0.4022853970527649
p1295,p1290,1,0.9899208545684814
p1295,p1293,2,0.9326656460762024
p1295,p1763,3,0.9286915063858032
p1295,p1278,4,0.8424919247627258
p1295,p1274,5,0.834071695804596
p1296,p1306,1,0.6347955465316772
p1296,p1288,2,0.6337404251098633
p1296,p0807,3,0.6203564405441284
p1296,p0796,4,0.5694461464881897
p1296,p1518,5,0.5154168605804443
p1297,p1149,1,0.5545728802680969
p1297,p0785,2,0.5527669787406921
p1297,p1286,3,0.525585412979126
p1297,p1521,4,0.5107030272483826
p1297,p1523,5,0.5074872970581055
p1298,p1453,1,0.5124706029891968
p1298,p0888,2,0.5090677738189697
p1298,p1151,3,0.5090595483779907
p1298,p1582,4,0.5010045170783997
p1298,p1145,5,0.4861370921134949
p1299,p1267,1,0.9895771145820618
p1299,p1848,2,0.9441455602645874
p1299,p1592,3,0.926112949848175
p1299,p1265,4,0.8871015310287476
p1299,p1285,5,0.883027195930481
p1300,p1166,1,0.679161548614502
p1300,p0816,2,0.6390409469604492
p1300,p0802,3,0.5968896150588989
p1300,p1275,4,0.5795415639877319
p1300,p1171,5,0.5696650147438049
p1301,p1278,1,0.919462263584137
p1301,p1329,2,0.9063214063644409
p1301,p1274,3,0.9048216938972473
p1301,p1304,4,0.8977835774421692
p1301,p1299,5,0.8318674564361572
p1302,p1273,1,0.6013807058334351
p1302,p1168,2,0.5717025995254517
p1302,p1147,3,0.5514577627182007
p1302,p1266,4,0.5154764652252197
p1302,p1172,5,0.4781070947647095
p1303,p1307,1,0.5809126496315002
p1303,p1172,2,0.5507174134254456
p1303,p1169,3,0.49332040548324585
p1303,p1518,4,0.4840809106826782
p1303,p1286,5,0.47358036041259766
p1304,p1274,1,0.9740836024284363
p1304,p1278,2,0.9640235900878906
p1304,p1301,3,0.8977835774421692
p1304,p1299,4,0.8429880142211914
p1304,p1329,5,0.842959463596344
p1305,p1149,1,0.6257623434066772
p1305,p1284,2,0.6229313611984253
p1305,p0785,3,0.6008568406105042
p1305,p1152,4,0.5495768785476685
p1305,p1322,5,0.5309301614761353
p1306,p1296,1,0.6347955465316772
p1306,p0796,2,0.5458335280418396
p1306,p1518,3,0.5293357372283936
p1306,p1252,4,0.5223836302757263
p1306,p1664,5,0.5177655816078186
p1307,p1303,1,0.5809126496315002
p1307,p1169,2,0.5097215175628662
p1307,p0815,3,0.504249632358551
p1307,p1266,4,0.47453606128692627
p1307,p1172,5,0.4576146602630615
p1308,p2027,1,0.6038506031036377
p1308,p1929,2,0.5642467141151428
p1308,p1245,3,0.5572691559791565
p1308,p1540,4,0.5525858998298645
p1308,p1991,5,0.5438624024391174
p1309,p1262,1,0.7962546944618225
p1309,p1497,2,0.7403767704963684
p1309,p1498,3,0.7398350238800049
p1309,p2013,4,0.73600834608078
p1309,p1666,5,0.7178295254707336
p1310,p1316,1,0.7298373579978943
p1310,p1312,2,0.6943746209144592
p1310,p1320,3,0.6918945908546448
p1310,p1709,4,0.609756350517273
p1310,p1313,5,0.6053983569145203
p1311,p1317,1,0.8958675265312195
p1311,p1706,2,0.8790162205696106
p1311,p1529,3,0.8354230523109436
p1311,p1285,4,0.8240182995796204
p1311,p1532,5,0.8203988075256348
p1312,p1320,1,0.7781732082366943
p1312,p1316,2,0.7640755772590637
p1312,p1313,3,0.6976916193962097
p1312,p1310,4,0.6943746209144592
p1312,p0842,5,0.6386687755584717
p1313,p1320,1,0.7015958428382874
p1313,p1312,2,0.6976916193962097
p1313,p0787,3,0.6764239072799683
p1313,p1149,4,0.6623800992965698
p1313,p0785,5,0.6435492634773254
p1314,p1836,1,0.9109320640563965
p1314,p1728,2,0.899829626083374
p1314,p1665,3,0.8919055461883545
p1314,p1747,4,0.8889180421829224
p1314,p1744,5,0.8858592510223389
p1315,p1328,1,0.618262767791748
p1315,p1316,2,0.5758384466171265
p1315,p1318,3,0.5629502534866333
p1315,p1330,4,0.5505049824714661
p1315,p1664,5,0.5479515790939331
p1316,p1312,1,0.7640755772590637
p1316,p1320,2,0.7582774758338928
p1316,p1310,3,0.7298373579978943
p1316,p0510,4,0.6326421499252319
p1316,p1313,5,0.6163311004638672
p1317,p1706,1,0.9614512324333191
p1317,p1285,2,0.9104446768760681
p1317,p1265,3,0.9050476551055908
p1317,p1532,4,0.9028355479240417
p1317,p1311,5,0.8958675265312195
p1318,p1312,1,0.6208034753799438
p1318,p1313,2,0.5813215374946594
p1318,p1320,3,0.572555661201477
p1318,p1315,4,0.5629502534866333
p1318,p1149,5,0.5569474101066589
p1319,p0829,1,0.7329122424125671
p1319,p0813,2,0.7295560240745544
p1319,p0830,3,0.714801549911499
p1319,p1276,4,0.6668139100074768
p1319,p0842,5,0.6654072999954224
p1320,p1312,1,0.7781732082366943
p1320,p1316,2,0.7582774758338928
p1320,p1313,3,0.7015958428382874
p1320,p1310,4,0.6918945908546448
p1320,p1709,5,0.6640743613243103
p1321,p1324,1,0.9247932434082031
p1321,p1276,2,0.8846812844276428
p1321,p1532,3,0.8699389100074768
p1321,p1706,4,0.8671163320541382
p1321,p1721,5,0.8599244952201843
p1322,p1525,1,0.6266695857048035
p1322,p0800,2,0.580959677696228
p1322,p1313,3,0.5769836902618408
p1322,p1531,4,0.5665463805198669
p1322,p1528,5,0.5640357732772827
p1323,p1316,1,0.3636842370033264
p1323,p1709,2,0.35966551303863525
p1323,p1310,3,0.35809147357940674
p1323,p1320,4,0.3469776511192322
p1323,p1318,5,0.3391895294189453
p1324,p1276,1,0.9610960483551025
p1324,p1321,2,0.9247932434082031
p1324,p1331,3,0.9040260910987854
p1324,p1532,4,0.8861849904060364
p1324,p1317,5,0.8703810572624207
p1325,p1327,1,0.6178103685379028
p1325,p1705,2,0.5981839299201965
p1325,p1330,3,0.582127034664154
p1325,p0833,4,0.5573131442070007
p1325,p1316,5,0.5320279002189636
p1326,p1331,1,0.8385705947875977
p1326,p1276,2,0.8309363126754761
p1326,p1324,3,0.8278458714485168
p1326,p1714,4,0.7915050983428955
p1326,p1532,5,0.7909329533576965
p1327,p0842,1,0.6837296485900879
p1327,p1325,2,0.6178103685379028
p1327,p0831,3,0.6106735467910767
p1327,p1320,4,0.5835381150245667
p1327,p1330,5,0.5505965352058411
p1328,p1315,1,0.618262767791748
p1328,p1275,2,0.6051304340362549
p1328,p1664,3,0.559137225151062
p1328,p1847,4,0.5115456581115723
p1328,p1148,5,0.5088430643081665
p1329,p1301,1,0.9063214063644409
p1329,p1278,2,0.8720073103904724
p1329,p1274,3,0.8656845092773438
p1329,p1848,4,0.8430488705635071
p1329,p1304,5,0.842959463596344
p1330,p1854,1,0.7735467553138733
p1330,p1716,2,0.7139108777046204
p1330,p1711,3,0.7018997669219971
p1330,p1069,4,0.6926374435424805
p1330,p1709,5,0.6003377437591553
p1331,p1276,1,0.9246224164962769
p1331,p1324,2,0.9040260910987854
p1331,p1532,3,0.8666401505470276
p1331,p1321,4,0.8565198183059692
p1331,p1326,5,0.8385705947875977
p1332,p0049,1,0.7493008971214294
p1332,p0231,2,0.7106257081031799
p1332,p0494,3,0.7098895907402039
p1332,p1333,4,0.7057419419288635
p1332,p0063,5,0.6958590149879456
p1333,p1340,1,0.8965400457382202
p1333,p1336,2,0.8776078820228577
p1333,p1351,3,0.8515449166297913
p1333,p1347,4,0.8310563564300537
p1333,p1343,5,0.7987829446792603
p1334,p1338,1,0.8793666362762451
p1334,p1349,2,0.8118017315864563
p1334,p1341,3,0.7544220685958862
p1334,p1353,4,0.7508236765861511
p1334,p1357,5,0.7163366675376892
p1335,p1350,1,0.9304381012916565
p1335,p1337,2,0.928714394569397
p1335,p1339,3,0.9204893112182617
p1335,p1342,4,0.8955212831497192
p1335,p1348,5,0.8870029449462891
p1336,p1333,1,0.8776078820228577
p1336,p1351,2,0.8657925128936768
p1336,p1347,3,0.8488534688949585
p1336,p1343,4,0.7956085205078125
p1336,p1363,5,0.7862737774848938
p1337,p1352,1,0.9406437277793884
p1337,p1344,2,0.933035135269165
p1337,p1348,3,0.9321775436401367
p1337,p1335,4,0.928714394569397
p1337,p1364,5,0.9021690487861633
p1338,p1334,1,0.8793666362762451
p1338,p1349,2,0.8482495546340942
p1338,p1341,3,0.8288378715515137
p1338,p1357,4,0.7879582047462463
p1338,p1361,5,0.7793086171150208
p1339,p1348,1,0.925298273563385
p1339,p1335,2,0.9204893112182617
p1339,p1342,3,0.9156498908996582
p1339,p1350,4,0.909367024898529
p1339,p1362,5,0.8753933310508728
p1340,p1333,1,0.8965400457382202
p1340,p1343,2,0.833905816078186
p1340,p1359,3,0.7980588674545288
p1340,p1351,4,0.7913530468940735
p1340,p1355,5,0.7837706208229065
p1341,p1345,1,0.9196063876152039
p1341,p1357,2,0.8685869574546814
p1341,p1338,3,0.8288378715515137
p1341,p1361,4,0.803426206111908
p1341,p1349,5,0.7973344326019287
p1342,p1346,1,0.9523928165435791
p1342,p1344,2,0.9341816902160645
p1342,p1358,3,0.9297030568122864
p1342,p1339,4,0.9156498908996582
p1342,p1350,5,0.9154743552207947
p1343,p1355,1,0.8697726726531982
p1343,p1359,2,0.8526715040206909
p1343,p1340,3,0.833905816078186
p1343,p1333,4,0.7987829446792603
p1343,p1336,5,0.7956085205078125
p1344,p1356,1,0.9388892650604248
p1344,p1342,2,0.9341816902160645
p1344,p1337,3,0.933035135269165
p1344,p1348,4,0.9279341101646423
p1344,p1360,5,0.9264023303985596
p1345,p1341,1,0.9196063876152039
p1345,p1357,2,0.8404273986816406
p1345,p1361,3,0.8140383362770081
p1345,p1349,4,0.8004937767982483
p1345,p1338,5,0.7656650543212891
p1346,p1342,1,0.9523928165435791
p1346,p1356,2,0.9403976202011108
p1346,p1350,3,0.9175629019737244
p1346,p1344,4,0.9077310562133789
p1346,p1358,5,0.9063454866409302
p1347,p1351,1,0.9874669313430786
p1347,p1363,2,0.8668882846832275
p1347,p1371,3,0.8498998284339905
p1347,p1336,4,0.8488534688949585
p1347,p1333,5,0.8310563564300537
p1348,p1337,1,0.9321775436401367
p1348,p1352,2,0.9296318888664246
p1348,p1344,3,0.9279341101646423
p1348,p1339,4,0.925298273563385
p1348,p1360,5,0.9016181230545044
p1349,p1353,1,0.8503684401512146
p1349,p1338,2,0.8482495546340942
p1349,p1361,3,0.825509786605835
p1349,p1334,4,0.8118017315864563
p1349,p1357,5,0.8103868961334229
p1350,p1352,1,0.9429738521575928
p1350,p1335,2,0.9304381012916565
p1350,p1346,3,0.9175629019737244
p1350,p1342,4,0.9154743552207947
p1350,p1339,5,0.909367024898529
p1351,p1347,1,0.9874669313430786
p1351,p1363,2,0.8725084662437439
p1351,p1336,3,0.8657925128936768
p1351,p1333,4,0.8515449166297913
p1351,p1371,5,0.8489401936531067
p1352,p1364,1,0.9441097974777222
p1352,p1350,2,0.9429738521575928
p1352,p1337,3,0.9406437277793884
p1352,p1348,4,0.9296318888664246
p1352,p1356,5,0.9260897636413574
p1353,p1349,1,0.8503684401512146
p1353,p1361,2,0.7562233209609985
p1353,p1334,3,0.7508236765861511
p1353,p1338,4,0.7465273141860962
p1353,p1357,5,0.7037948369979858
p1354,p1364,1,0.9389705657958984
p1354,p1350,2,0.9055414795875549
p1354,p1352,3,0.8724750876426697
p1354,p1335,4,0.8651162385940552
p1354,p1339,5,0.8426941633224487
p1355,p1359,1,0.9747530221939087
p1355,p1343,2,0.8697726726531982
p1355,p1363,3,0.8392898440361023
p1355,p1367,4,0.7917181253433228
p1355,p1371,5,0.7875261902809143
p1356,p1346,1,0.9403976202011108
p1356,p1344,2,0.9388892650604248
p1356,p1352,3,0.9260897636413574
p1356,p1360,4,0.9189000129699707
p1356,p1348,5,0.887608528137207
p1357,p1341,1,0.8685869574546814
p1357,p1361,2,0.855976939201355
p1357,p1345,3,0.8404273986816406
p1357,p1349,4,0.8103868961334229
p1357,p1338,5,0.7879582047462463
p1358,p1342,1,0.9297030568122864
p1358,p1360,2,0.9267657399177551
p1358,p1346,3,0.9063454866409302
p1358,p1350,4,0.9037748575210571
p1358,p1362,5,0.9034653306007385
p1359,p1355,1,0.9747530221939087
p1359,p1363,2,0.8540048003196716
p1359,p1343,3,0.8526715040206909
p1359,p1371,4,0.8112698197364807
p1359,p1367,5,0.8002230525016785
p1360,p1358,1,0.9267657399177551
p1360,p1344,2,0.9264023303985596
p1360,p1356,3,0.9189000129699707
p1360,p1352,4,0.9184908270835876
p1360,p1348,5,0.9016181230545044
p1361,p1357,1,0.855976939201355
p1361,p1349,2,0.825509786605835
p1361,p1345,3,0.8140383362770081
p1361,p1341,4,0.803426206111908
p1361,p1338,5,0.7793086171150208
p1362,p1358,1,0.9034653306007385
p1362,p1350,2,0.8999438285827637
p1362,p1342,3,0.8982608914375305
p1362,p1346,4,0.8914653658866882
p1362,p1339,5,0.8753933310508728
p1363,p1351,1,0.8725084662437439
p1363,p1371,2,0.8697423934936523
p1363,p1347,3,0.8668882846832275
p1363,p1359,4,0.8540048003196716
p1363,p1355,5,0.8392898440361023
p1364,p1352,1,0.9441097974777222
p1364,p1354,2,0.9389705657958984
p1364,p1337,3,0.9021690487861633
p1364,p1348,4,0.898495614528656
p1364,p1380,5,0.8807126879692078
p1365,p1369,1,0.7300857305526733
p1365,p1349,2,0.7212168574333191
p1365,p1353,3,0.6824231147766113
p1365,p1334,4,0.6785567998886108
p1365,p1366,5,0.6784622073173523
p1366,p1368,1,0.8722338676452637
p1366,p1350,2,0.8205541372299194
p1366,p1370,3,0.8198856711387634
p1366,p1335,4,0.7998913526535034
p1366,p1378,5,0.7898212671279907
p1367,p1371,1,0.8671164512634277
p1367,p1375,2,0.841097354888916
p1367,p1363,3,0.8265558481216431
p1367,p1351,4,0.8234443664550781
p1367,p1347,5,0.8074231147766113
p1368,p1366,1,0.8722338676452637
p1368,p1380,2,0.7197938561439514
p1368,p1372,3,0.7146731615066528
p1368,p1352,4,0.7044214010238647
p1368,p1364,5,0.7031233906745911
p1369,p1349,1,0.7645053267478943
p1369,p1377,2,0.7609077095985413
p1369,p1365,3,0.7300857305526733
p1369,p1361,4,0.7075487971305847
p1369,p1345,5,0.7017608880996704
p1370,p1372,1,0.9396921992301941
p1370,p1350,2,0.8696667551994324
p1370,p1378,3,0.856892466545105
p1370,p1335,4,0.8337982892990112
p1370,p1346,5,0.8291402459144592
p1371,p1363,1,0.8697423934936523
p1371,p1367,2,0.8671164512634277
p1371,p1347,3,0.8498998284339905
p1371,p1351,4,0.8489401936531067
p1371,p1375,5,0.8113458752632141
p1372,p1370,1,0.9396921992301941
p1372,p1352,2,0.8954864144325256
p1372,p1380,3,0.8859400749206543
p1372,p1337,4,0.8653697967529297
p1372,p1364,5,0.8612478375434875
p1373,p1374,1,0.7351664900779724
p1373,p1376,2,0.7179398536682129
p1373,p1377,3,0.6949085593223572
p1373,p1349,4,0.6889787316322327
p1373,p1357,5,0.6649267673492432
p1374,p1376,1,0.9338847994804382
p1374,p1378,2,0.798160970211029
p1374,p1350,3,0.797660231590271
p1374,p1342,4,0.7699533700942993
p1374,p1358,5,0.7690848708152771
p1375,p1367,1,0.841097354888916
p1375,p1371,2,0.8113458752632141
p1375,p1363,3,0.7894840240478516
p1375,p1387,4,0.7779129147529602
p1375,p1351,5,0.7569801807403564
p1376,p1374,1,0.9338847994804382
p1376,p1380,2,0.74135422706604
p1376,p1352,3,0.725910484790802
p1376,p1373,4,0.7179398536682129
p1376,p1364,5,0.7050701975822449
p1377,p1384,1,0.8118911981582642
p1377,p1349,2,0.7776691317558289
p1377,p1369,3,0.7609077095985413
p1377,p1357,4,0.7565059065818787
p1377,p1361,5,0.744461178779602
p1378,p1380,1,0.9369910359382629
p1378,p1350,2,0.8976501226425171
p1378,p1342,3,0.8791516423225403
p1378,p1358,4,0.8707727193832397
p1378,p1362,5,0.8668261170387268
p1379,p1604,1,0.7051249146461487
p1379,p1382,2,0.6988876461982727
p1379,p1381,3,0.6489723324775696
p1379,p1367,4,0.645386278629303
p1379,p1343,5,0.6453781723976135
p1380,p1378,1,0.9369910359382629
p1380,p1352,2,0.9193485379219055
p1380,p1344,3,0.8971742391586304
p1380,p1360,4,0.8895020484924316
p1380,p1348,5,0.8877794742584229
p1381,p1382,1,0.878817081451416
p1381,p1375,2,0.7546405792236328
p1381,p1387,3,0.7516367435455322
p1381,p1367,4,0.7436488270759583
p1381,p1371,5,0.7337315678596497
p1382,p1381,1,0.878817081451416
p1382,p1387,2,0.7801883220672607
p1382,p1367,3,0.7546389102935791
p1382,p1375,4,0.7417904734611511
p1382,p1371,5,0.7345175743103027
p1383,p1371,1,0.8047088980674744
p1383,p1363,2,0.7539083361625671
p1383,p1391,3,0.7408694624900818
p1383,p1375,4,0.713904619216919
p1383,p1367,5,0.7116068005561829
p1384,p1377,1,0.8118911981582642
p1384,p1341,2,0.6969518661499023
p1384,p1345,3,0.6875821948051453
p1384,p1349,4,0.6866574883460999
p1384,p1369,5,0.6795512437820435
p1385,p1380,1,0.8574329614639282
p1385,p1378,2,0.8557069301605225
p1385,p1389,3,0.8189222812652588
p1385,p1352,4,0.8147057890892029
p1385,p1350,5,0.8146572709083557
p1386,p1387,1,0.7491395473480225
p1386,p1347,2,0.7135274410247803
p1386,p1367,3,0.7108550071716309
p1386,p1336,4,0.7088348865509033
p1386,p1351,5,0.7059697508811951
p1387,p1382,1,0.7801883220672607
p1387,p1375,2,0.7779129147529602
p1387,p1381,3,0.7516367435455322
p1387,p1367,4,0.7493337988853455
p1387,p1386,5,0.7491395473480225
p1388,p1347,1,0.7218667268753052
p1388,p1351,2,0.7174780368804932
p1388,p1363,3,0.711362361907959
p1388,p1371,4,0.6746675968170166
p1388,p1367,5,0.6459329724311829
p1389,p1385,1,0.8189222812652588
p1389,p1348,2,0.8101247549057007
p1389,p1380,3,0.8000516295433044
p1389,p1339,4,0.7953795790672302
p1389,p1378,5,0.7947144508361816
p1390,p1363,1,0.6806973814964294
p1390,p1347,2,0.6719456911087036
p1390,p1371,3,0.6661186814308167
p1390,p1351,4,0.6657583713531494
p1390,p1367,5,0.6571967601776123
p1391,p1371,1,0.7625732421875
p1391,p1367,2,0.7597838044166565
p1391,p1363,3,0.7410173416137695
p1391,p1383,4,0.7408694624900818
p1391,p1375,5,0.7207118272781372
p1392,p2032,1,0.7394106388092041
p1392,p0084,2,0.7375813126564026
p1392,p0081,3,0.6892064809799194
p1392,p1332,4,0.6822800040245056
p1392,p2035,5,0.679260790348053
p1393,p0110,1,0.7733586430549622
p1393,p0107,2,0.7733480334281921
p1393,p0105,3,0.7363977432250977
p1393,p0104,4,0.7169781923294067
p1393,p0316,5,0.7017547488212585
p1394,p1395,1,0.7460547685623169
p1394,p0069,2,0.7119597792625427
p1394,p1571,3,0.663477897644043
p1394,p0918,4,0.6551711559295654
p1394,p1815,5,0.6456852555274963
p1395,p1394,1,0.7460547685623169
p1395,p0069,2,0.7150015234947205
p1395,p0918,3,0.7094544768333435
p1395,p1604,4,0.7089216113090515
p1395,p1359,5,0.7011533379554749
p1396,p1604,1,0.6424942016601562
p1396,p1815,2,0.6346223950386047
p1396,p1394,3,0.6284781098365784
p1396,p1395,4,0.609006941318512
p1396,p1399,5,0.6012945771217346
p1397,p0323,1,0.6610059142112732
p1397,p0231,2,0.6593650579452515
p1397,p0944,3,0.6524168848991394
p1397,p0316,4,0.6500021815299988
p1397,p1395,5,0.6483646035194397
p1398,p1394,1,0.6410871744155884
p1398,p1395,2,0.628309965133667
p1398,p1640,3,0.6041858792304993
p1398,p0944,4,0.6023728847503662
p1398,p0069,5,0.5912374258041382
p1399,p1571,1,0.7191030979156494
p1399,p1604,2,0.6711411476135254
p1399,p1689,3,0.6520330309867859
p1399,p1681,4,0.6456435918807983
p1399,p1379,5,0.6359744071960449
p1400,p0069,1,0.6752439737319946
p1400,p1981,2,0.6421582102775574
p1400,p1363,3,0.5980471968650818
p1400,p1395,4,0.5730002522468567
p1400,p1394,5,0.5723976492881775
p1401,p2042,1,0.7750841975212097
p1401,p2041,2,0.7656084895133972
p1401,p1661,3,0.7569868564605713
p1401,p1462,4,0.7326484322547913
p1401,p1461,5,0.7233107089996338
p1402,p2013,1,0.7242300510406494
p1402,p1831,2,0.7225781679153442
p1402,p1498,3,0.7060151100158691
p1402,p1497,4,0.6880252957344055
p1402,p1674,5,0.6830334663391113
p1403,p0536,1,0.7196669578552246
p1403,p2015,2,0.7152577042579651
p1403,p0606,3,0.7011021375656128
p1403,p0512,4,0.6843382120132446
p1403,p0597,5,0.6627495288848877
p1404,p2027,1,0.8448625802993774
p1404,p2016,2,0.7991544604301453
p1404,p1919,3,0.7869691252708435
p1404,p1756,4,0.7846874594688416
p1404,p2000,5,0.7844154238700867
p1405,p1416,1,0.7590560913085938
p1405,p1406,2,0.6829602122306824
p1405,p1410,3,0.6757896542549133
p1405,p1419,4,0.6430763602256775
p1405,p1424,5,0.636617124080658
p1406,p1424,1,0.7219318151473999
p1406,p1405,2,0.6829602122306824
p1406,p1416,3,0.6406921744346619
p1406,p2031,4,0.6044313311576843
p1406,p1738,5,0.5944085717201233
p1407,p1420,1,0.9517407417297363
p1407,p1733,2,0.8837519884109497
p1407,p1737,3,0.8808215856552124
p1407,p1430,4,0.8785974383354187
p1407,p1708,5,0.8785938620567322
p1408,p1433,1,0.7458022832870483
p1408,p0533,2,0.5692729949951172
p1408,p1424,3,0.5497109889984131
p1408,p2031,4,0.5445378422737122
p1408,p2025,5,0.5443142056465149
p1409,p1428,1,0.9731203317642212
p1409,p1425,2,0.9641728401184082
p1409,p1430,3,0.9622117877006531
p1409,p1423,4,0.9536473751068115
p1409,p1407,5,0.862808346748352
p1410,p1405,1,0.6757896542549133
p1410,p0597,2,0.6753227710723877
p1410,p0536,3,0.6382091641426086
p1410,p1414,4,0.6361209750175476
p1410,p0606,5,0.6164470314979553
p1411,p1468,1,0.4570953845977783
p1411,p0952,2,0.4485718607902527
p1411,p0503,3,0.4415963292121887
p1411,p1996,4,0.43164217472076416
p1411,p1249,5,0.4293173551559448
p1412,p1744,1,0.9422098994255066
p1412,p1728,2,0.9396339654922485
p1412,p1747,3,0.9126592874526978
p1412,p1475,4,0.9112572073936462
p1412,p2000,5,0.90372234582901
p1413,p1780,1,0.5598758459091187
p1413,p1414,2,0.557736873626709
p1413,p0601,3,0.5507821440696716
p1413,p1655,4,0.519791305065155
p1413,p1783,5,0.5158792734146118
p1414,p1410,1,0.6361209750175476
p1414,p1658,2,0.5988184809684753
p1414,p1417,3,0.5923998951911926
p1414,p1780,4,0.5855494737625122
p1414,p1405,5,0.5787293910980225
p1415,p1654,1,0.9268226027488708
p1415,p1519,2,0.887686550617218
p1415,p1991,3,0.8656272888183594
p1415,p1794,4,0.8611727356910706
p1415,p1561,5,0.8587937951087952
p1416,p1405,1,0.7590560913085938
p1416,p1424,2,0.7320072650909424
p1416,p1431,3,0.668544352054596
p1416,p1406,4,0.6406921744346619
p1416,p1419,5,0.6153021454811096
p1417,p1414,1,0.5923998951911926
p1417,p0631,2,0.5273750424385071
p1417,p1779,3,0.5236570239067078
p1417,p1413,4,0.515166163444519
p1417,p1790,5,0.4881567358970642
p1418,p1434,1,0.8681212663650513
p1418,p1756,2,0.8292505741119385
p1418,p2027,3,0.8088054060935974
p1418,p1860,4,0.7933239936828613
p1418,p1370,5,0.7481185793876648
p1419,p1405,1,0.6430763602256775
p1419,p1416,2,0.6153021454811096
p1419,p1406,3,0.5401177406311035
p1419,p1410,4,0.5397321581840515
p1419,p1408,5,0.5288696885108948
p1420,p1407,1,0.9517407417297363
p1420,p1733,2,0.9447546601295471
p1420,p2021,3,0.9306270480155945
p1420,p1737,4,0.9287786483764648
p1420,p1708,5,0.9135244488716125
p1421,p2030,1,0.6330097317695618
p1421,p0617,2,0.5098975896835327
p1421,p2024,3,0.49737441539764404
p1421,p1419,4,0.47044098377227783
p1421,p1410,5,0.45109426975250244
p1422,p0522,1,0.5816540718078613
p1422,p1410,2,0.5637530088424683
p1422,p1431,3,0.4915585517883301
p1422,p1416,4,0.45449382066726685
p1422,p0599,5,0.44738900661468506
p1423,p1425,1,0.9569867849349976
p1423,p1409,2,0.9536473751068115
p1423,p1428,3,0.945503294467926
p1423,p1430,4,0.934017539024353
p1423,p1407,5,0.8566108345985413
p1424,p1416,1,0.7320072650909424
p1424,p1406,2,0.7219318151473999
p1424,p1405,3,0.636617124080658
p1424,p1738,4,0.5892120599746704
p1424,p0521,5,0.5873545408248901
p1425,p1409,1,0.9641728401184082
p1425,p1423,2,0.9569867849349976
p1425,p1428,3,0.9475541114807129
p1425,p1430,4,0.9444108009338379
p1425,p2016,5,0.8462867736816406
p1426,p1416,1,0.5785396695137024
p1426,p0523,2,0.5564569234848022
p1426,p1405,3,0.5092923045158386
p1426,p0772,4,0.4972514510154724
p1426,p2015,5,0.48399078845977783
p1427,p0524,1,0.49084341526031494
p1427,p1405,2,0.4797326326370239
p1427,p1410,3,0.469967246055603
p1427,p1431,4,0.4612739682197571
p1427,p0536,5,0.4542074203491211
p1428,p1409,1,0.9731203317642212
p1428,p1425,2,0.9475541114807129
p1428,p1423,3,0.945503294467926
p1428,p1430,4,0.9225785732269287
p1428,p1420,5,0.8491094708442688
p1429,p0619,1,0.354512095451355
p1429,p1422,2,0.28943270444869995
p1429,p0529,3,0.258114218711853
p1429,p1431,4,0.2513619661331177
p1429,p0563,5,0.24470293521881104
p1430,p1409,1,0.9622117877006531
p1430,p1425,2,0.9444108009338379
p1430,p1423,3,0.934017539024353
p1430,p1428,4,0.9225785732269287
p1430,p2016,5,0.8796233534812927
p1431,p1416,1,0.668544352054596
p1431,p1405,2,0.61801677942276
p1431,p1410,3,0.5420171022415161
p1431,p1422,4,0.4915585517883301
p1431,p2015,5,0.4846322536468506
p1432,p1409,1,0.7426710724830627
p1432,p1428,2,0.7273282408714294
p1432,p1425,3,0.7206718921661377
p1432,p1423,4,0.693599283695221
p1432,p1430,5,0.6930524110794067
p1433,p1408,1,0.7458022832870483
p1433,p2030,2,0.5227952003479004
p1433,p2025,3,0.5071843266487122
p1433,p2031,4,0.5053104162216187
p1433,p1738,5,0.5049880146980286
p1434,p1418,1,0.8681212663650513
p1434,p2027,2,0.8502473831176758
p1434,p1752,3,0.8361148238182068
p1434,p1860,4,0.8126823902130127
p1434,p1756,5,0.8071475625038147
p1435,p1722,1,0.5509288907051086
p1435,p0493,2,0.5167787075042725
p1435,p0449,3,0.5162931084632874
p1435,p1668,4,0.5157080292701721
p1435,p1551,5,0.5045128464698792
p1436,p1624,1,0.5997185707092285
p1436,p1268,2,0.5858035683631897
p1436,p1442,3,0.5707098245620728
p1436,p0715,4,0.5650898814201355
p1436,p1444,5,0.5612236857414246
p1437,p1244,1,0.6274937987327576
p1437,p1619,2,0.5786945819854736
p1437,p2004,3,0.5116246938705444
p1437,p1095,4,0.5110087990760803
p1437,p1809,5,0.48762720823287964
p1438,p0717,1,0.5534682869911194
p1438,p1444,2,0.5177732706069946
p1438,p2004,3,0.5018372535705566
p1438,p2002,4,0.49751681089401245
p1438,p0728,5,0.49624812602996826
p1439,p1634,1,0.6958905458450317
p1439,p1635,2,0.688675045967102
p1439,p1784,3,0.6835885047912598
p1439,p1766,4,0.6661863327026367
p1439,p1441,5,0.6590189933776855
p1440,p1571,1,0.6954134106636047
p1440,p1450,2,0.6710600256919861
p1440,p1640,3,0.6645230054855347
p1440,p0918,4,0.6617160439491272
p1440,p1560,5,0.6558283567428589
p1441,p1766,1,0.7034512758255005
p1441,p1784,2,0.6989368796348572
p1441,p1098,3,0.6838511228561401
p1441,p1635,4,0.6596434712409973
p1441,p1439,5,0.6590189933776855
p1442,p1456,1,0.6158037781715393
p1442,p1675,2,0.6098479628562927
p1442,p0690,3,0.6027472615242004
p1442,p1455,4,0.5985963344573975
p1442,p1693,5,0.5887404084205627
p1443,p1950,1,0.6054880023002625
p1443,p1693,2,0.5769476890563965
p1443,p0980,3,0.5753161311149597
p1443,p1947,4,0.5584826469421387
p1443,p0700,5,0.5582886338233948
p1444,p1651,1,0.6079856157302856
p1444,p2007,2,0.5933814644813538
p1444,p0738,3,0.5743709802627563
p1444,p1436,4,0.5612236857414246
p1444,p2010,5,0.5580315589904785
p1445,p1914,1,0.9910861849784851
p1445,p0765,2,0.8020293712615967
p1445,p1192,3,0.8020293712615967
p1445,p0721,4,0.6813090443611145
p1445,p1949,5,0.6140047907829285
p1446,p1768,1,0.61175137758255
p1446,p1623,2,0.5852060914039612
p1446,p0698,3,0.5586850047111511
p1446,p1644,4,0.5585197806358337
p1446,p1677,5,0.556888222694397
p1447,p1628,1,0.6112629175186157
p1447,p0722,2,0.5265294313430786
p1447,p1446,3,0.5156742334365845
p1447,p1296,4,0.43747836351394653
p1447,p1651,5,0.4119455814361572
p1448,p1893,1,0.5727635622024536
p1448,p1449,2,0.5462693572044373
p1448,p1816,3,0.5415850281715393
p1448,p1889,4,0.5333076119422913
p1448,p1963,5,0.5231562256813049
p1449,p1946,1,0.741489589214325
p1449,p0713,2,0.5604776740074158
p1449,p1963,3,0.5566096305847168
p1449,p1448,4,0.5462693572044373
p1449,p1454,5,0.5157360434532166
p1450,p1440,1,0.6710600256919861
p1450,p1554,2,0.6045319437980652
p1450,p0919,3,0.6027907133102417
p1450,p1603,4,0.5891637206077576
p1450,p1460,5,0.5884425044059753
p1451,p1194,1,0.6504655480384827
p1451,p1183,2,0.6504655480384827
p1451,p0725,3,0.6500027179718018
p1451,p1631,4,0.6171920299530029
p1451,p1442,5,0.5705714821815491
p1452,p2040,1,0.3631100654602051
p1452,p1675,2,0.3593655824661255
p1452,p1617,3,0.35853493213653564
p1452,p1651,4,0.3306424617767334
p1452,p1068,5,0.3240910768508911
p1453,p1582,1,0.5778055787086487
p1453,p1579,2,0.5324417948722839
p1453,p1590,3,0.5289508104324341
p1453,p1569,4,0.5273226499557495
p1453,p1446,5,0.5246195793151855
p1454,p1950,1,0.7327287793159485
p1454,p0700,2,0.6744540929794312
p1454,p1617,3,0.6361780166625977
p1454,p1613,4,0.630329430103302
p1454,p0980,5,0.6278799176216125
p1455,p1570,1,0.7217027544975281
p1455,p1681,2,0.7152363061904907
p1455,p1675,3,0.6962530016899109
p1455,p0937,4,0.6832689642906189
p1455,p0968,5,0.6792144775390625
p1456,p1624,1,0.6274425387382507
p1456,p1442,2,0.6158037781715393
p1456,p1617,3,0.5944492220878601
p1456,p0995,4,0.5824437141418457
p1456,p1614,5,0.5574765205383301
p1457,p1699,1,0.5409002900123596
p1457,p0697,2,0.5340489745140076
p1457,p0698,3,0.5256921052932739
p1457,p0702,4,0.5253137350082397
p1457,p1952,5,0.4937751293182373
p1458,p0703,1,0.5913567543029785
p1458,p2008,2,0.5408775210380554
p1458,p0679,3,0.49878668785095215
p1458,p1438,4,0.48397397994995117
p1458,p1924,5,0.46718913316726685
p1459,p0914,1,0.796836793422699
p1459,p0720,2,0.773895800113678
p1459,p1483,3,0.6213651299476624
p1459,p1927,4,0.5924780964851379
p1459,p1044,5,0.5858380198478699
p1460,p0743,1,0.7932730317115784
p1460,p0727,2,0.787407398223877
p1460,p0704,3,0.7734686732292175
p1460,p1440,4,0.6437780857086182
p1460,p0919,5,0.6341041922569275
p1461,p1462,1,0.9854241013526917
p1461,p2041,2,0.9205152988433838
p1461,p2042,3,0.9083616733551025
p1461,p1661,4,0.8994253277778625
p1461,p1578,5,0.8412144184112549
p1462,p1461,1,0.9854241013526917
p1462,p2042,2,0.9258322715759277
p1462,p1661,3,0.914053201675415
p1462,p2041,4,0.906349241733551
p1462,p1578,5,0.8445102572441101
p1463,p1464,1,0.9200228452682495
p1463,p0223,2,0.6833814382553101
p1463,p0224,3,0.6653790473937988
p1463,p2013,4,0.6375744342803955
p1463,p0220,5,0.610396683216095
p1464,p1463,1,0.9200228452682495
p1464,p0223,2,0.6826074123382568
p1464,p0224,3,0.6700452566146851
p1464,p0220,4,0.6195034384727478
p1464,p2013,5,0.6183488368988037
p1465,p1472,1,0.600089967250824
p1465,p1488,2,0.5614098906517029
p1465,p0895,3,0.5277090668678284
p1465,p0951,4,0.510359525680542
p1465,p1478,5,0.5076127052307129
p1466,p1960,1,0.525242269039154
p1466,p1468,2,0.4662092924118042
p1466,p0947,3,0.44397419691085815
p1466,p1533,4,0.44324177503585815
p1466,p1186,5,0.4305593967437744
p1467,p1961,1,0.9572857022285461
p1467,p1489,2,0.9165077805519104
p1467,p1473,3,0.8415919542312622
p1467,p1484,4,0.8284034729003906
p1467,p1494,5,0.8098639249801636
p1468,p1960,1,0.5010296702384949
p1468,p1892,2,0.49461615085601807
p1468,p1465,3,0.49369752407073975
p1468,p1964,4,0.47196125984191895
p1468,p0895,5,0.468392014503479
p1469,p1484,1,0.8716919422149658
p1469,p1473,2,0.8599819540977478
p1469,p1744,3,0.8542332053184509
p1469,p1747,4,0.845809280872345
p1469,p1471,5,0.8439235687255859
p1470,p0950,1,0.6016680598258972
p1470,p1960,2,0.5013880133628845
p1470,p0663,3,0.45618772506713867
p1470,p1488,4,0.40946781635284424
p1470,p1472,5,0.4072021245956421
p1471,p1484,1,0.8792070746421814
p1471,p1919,2,0.845818042755127
p1471,p1469,3,0.8439235687255859
p1471,p1473,4,0.8211787343025208
p1471,p1494,5,0.797005832195282
p1472,p1465,1,0.600089967250824
p1472,p1478,2,0.5852184891700745
p1472,p0951,3,0.5732066035270691
p1472,p0895,4,0.546459972858429
p1472,p1488,5,0.5320120453834534
p1473,p1494,1,0.9554644823074341
p1473,p1484,2,0.9388353824615479
p1473,p1479,3,0.9382461905479431
p1473,p1481,4,0.9330383539199829
p1473,p1469,5,0.8599819540977478
p1474,p0614,1,0.7042009234428406
p1474,p0781,2,0.695560097694397
p1474,p1249,3,0.5017005205154419
p1474,p1820,4,0.49971234798431396
p1474,p0947,5,0.4784994125366211
p1475,p1742,1,0.956143319606781
p1475,p1739,2,0.9507606625556946
p1475,p2019,3,0.9346008896827698
p1475,p1412,4,0.9112572073936462
p1475,p1744,5,0.8970121145248413
p1476,p1939,1,0.5278941988945007
p1476,p1588,2,0.4654198884963989
p1476,p1538,3,0.4401954412460327
p1476,p0953,4,0.43751299381256104
p1476,p1960,5,0.4195409417152405
p1477,p1526,1,0.6860244870185852
p1477,p0795,2,0.6253452301025391
p1477,p0812,3,0.6239909529685974
p1477,p0794,4,0.6215959787368774
p1477,p0811,5,0.6212725639343262
p1478,p1472,1,0.5852184891700745
p1478,p1465,2,0.5076127052307129
p1478,p1482,3,0.48774802684783936
p1478,p1495,4,0.4726278781890869
p1478,p1488,5,0.4605233073234558
p1479,p1481,1,0.9604806900024414
p1479,p1473,2,0.9382461905479431
p1479,p1494,3,0.933845043182373
p1479,p1484,4,0.8996255397796631
p1479,p1467,5,0.8088364601135254
p1480,p1963,1,0.4976680278778076
p1480,p2011,2,0.4698750972747803
p1480,p2008,3,0.4575873613357544
p1480,p0956,4,0.43368637561798096
p1480,p1950,5,0.42058873176574707
p1481,p1479,1,0.9604806900024414
p1481,p1494,2,0.9425951838493347
p1481,p1473,3,0.9330383539199829
p1481,p1484,4,0.8947775363922119
p1481,p1467,5,0.8071892857551575
p1482,p0694,1,0.690798282623291
p1482,p1495,2,0.562345564365387
p1482,p1944,3,0.4888678789138794
p1482,p1478,4,0.48774802684783936
p1482,p1923,5,0.47376060485839844
p1483,p0957,1,0.7704616189002991
p1483,p1044,2,0.7476102709770203
p1483,p1459,3,0.6213651299476624
p1483,p1927,4,0.597758412361145
p1483,p0914,5,0.5766644477844238
p1484,p1473,1,0.9388353824615479
p1484,p1494,2,0.9329888820648193
p1484,p1479,3,0.8996255397796631
p1484,p1481,4,0.8947775363922119
p1484,p1471,5,0.8792070746421814
p1485,p1892,1,0.46009552478790283
p1485,p1545,2,0.4575057029724121
p1485,p1260,3,0.453494668006897
p1485,p1249,4,0.4533085227012634
p1485,p0556,5,0.4525531530380249
p1486,p1995,1,0.5670379400253296
p1486,p0677,2,0.45740222930908203
p1486,p1040,3,0.43888843059539795
p1486,p0667,4,0.4388808012008667
p1486,p0676,5,0.43640369176864624
p1487,p1891,1,0.6241542100906372
p1487,p1890,2,0.5799844861030579
p1487,p1950,3,0.5477280020713806
p1487,p1947,4,0.5334285497665405
p1487,p1051,5,0.5263628959655762
p1488,p1960,1,0.5937597155570984
p1488,p1186,2,0.5889222025871277
p1488,p1465,3,0.5614098906517029
p1488,p1472,4,0.5320120453834534
p1488,p1060,5,0.5301614999771118
p1489,p1467,1,0.9165077805519104
p1489,p1961,2,0.8740588426589966
p1489,p1473,3,0.8239928483963013
p1489,p1481,4,0.7935681343078613
p1489,p1479,5,0.786392092704773
p1490,p1748,1,0.9999909400939941
p1490,p1892,2,0.5018877983093262
p1490,p2018,3,0.44034671783447266
p1490,p1732,4,0.4025093913078308
p1490,p1731,5,0.386419415473938
p1491,p1998,1,0.9504302144050598
p1491,p1761,2,0.9206752181053162
p1491,p1758,3,0.9186198711395264
p1491,p1744,4,0.8722019791603088
p1491,p1728,5,0.8539914488792419
p1492,p0590,1,0.6117045879364014
p1492,p0695,2,0.5947331786155701
p1492,p0688,3,0.5568345785140991
p1492,p0673,4,0.5364108085632324
p1492,p2002,5,0.49769794940948486
p1493,p0959,1,0.4566076993942261
p1493,p1411,2,0.40419960021972656
p1493,p1465,3,0.3849295973777771
p1493,p1964,4,0.37414294481277466
p1493,p1487,5,0.3725898861885071
p1494,p1473,1,0.9554644823074341
p1494,p1481,2,0.9425951838493347
p1494,p1479,3,0.933845043182373
p1494,p1484,4,0.9329888820648193
p1494,p1469,5,0.8225593566894531
p1495,p1891,1,0.5746281147003174
p1495,p1482,2,0.562345564365387
p1495,p1890,3,0.52131187915802
p1495,p1051,4,0.5089492201805115
p1495,p0694,5,0.4988289475440979
p1496,p0827,1,0.6997781991958618
p1496,p0812,2,0.6743912696838379
p1496,p0795,3,0.6688641905784607
p1496,p0960,4,0.6555124521255493
p1496,p0687,5,0.6518245935440063
p1497,p1498,1,0.8940207958221436
p1497,p1551,2,0.8440579771995544
p1497,p1549,3,0.8228086829185486
p1497,p1674,4,0.7812289595603943
p1497,p2013,5,0.7792076468467712
p1498,p1497,1,0.8940207958221436
p1498,p1551,2,0.857289731502533
p1498,p1674,3,0.8323169946670532
p1498,p1549,4,0.8258643746376038
p1498,p2012,5,0.8164573907852173
p1499,p1502,1,0.8049402832984924
p1499,p1506,2,0.7639539241790771
p1499,p1512,3,0.7516304850578308
p1499,p2032,4,0.679767906665802
p1499,p0228,5,0.6777180433273315
p1500,p1504,1,0.9158675074577332
p1500,p1505,2,0.6463488340377808
p1500,p1501,3,0.6462111473083496
p1500,p2048,4,0.6238022446632385
p1500,p1334,5,0.6195473074913025
p1501,p1503,1,0.9617739915847778
p1501,p1505,2,0.9184296727180481
p1501,p1509,3,0.8722249865531921
p1501,p2048,4,0.8696497082710266
p1501,p2054,5,0.79940265417099
p1502,p1499,1,0.8049402832984924
p1502,p1506,2,0.7624345421791077
p1502,p2058,3,0.6831668019294739
p1502,p1508,4,0.6692485213279724
p1502,p2046,5,0.6590747237205505
p1503,p1501,1,0.9617739915847778
p1503,p1509,2,0.9174087047576904
p1503,p2048,3,0.9043083190917969
p1503,p1505,4,0.8894813060760498
p1503,p2054,5,0.8057767748832703
p1504,p1500,1,0.9158675074577332
p1504,p1505,2,0.712555468082428
p1504,p2048,3,0.6860637068748474
p1504,p1509,4,0.6646832823753357
p1504,p1338,5,0.658448338508606
p1505,p1509,1,0.9542365074157715
p1505,p2048,2,0.9406461119651794
p1505,p1501,3,0.9184296727180481
p1505,p1503,4,0.8894813060760498
p1505,p2060,5,0.7455252408981323
p1506,p1499,1,0.7639539241790771
p1506,p1502,2,0.7624345421791077
p1506,p1510,3,0.7280287146568298
p1506,p1512,4,0.6814408302307129
p1506,p0228,5,0.6808496713638306
p1507,p0047,1,0.6144118309020996
p1507,p2055,2,0.5466028451919556
p1507,p1499,3,0.5432450175285339
p1507,p2035,4,0.5186423659324646
p1507,p1388,5,0.5184358954429626
p1508,p1502,1,0.6692485213279724
p1508,p1635,2,0.655243992805481
p1508,p1783,3,0.645101010799408
p1508,p1506,4,0.6289882063865662
p1508,p1797,5,0.6285370588302612
p1509,p2048,1,0.969978392124176
p1509,p1505,2,0.9542365074157715
p1509,p1503,3,0.9174087047576904
p1509,p1501,4,0.8722249865531921
p1509,p2060,5,0.7329281568527222
p1510,p1506,1,0.7280287146568298
p1510,p1499,2,0.6622729897499084
p1510,p1511,3,0.6608126759529114
p1510,p1502,4,0.6483274698257446
p1510,p1512,5,0.6383100748062134
p1511,p2045,1,0.7781606316566467
p1511,p2051,2,0.7063882350921631
p1511,p1510,3,0.6608126759529114
p1511,p1506,4,0.6342018842697144
p1511,p1499,5,0.6213402152061462
p1512,p2035,1,0.794466495513916
p1512,p2037,2,0.7683030962944031
p1512,p2033,3,0.7594485282897949
p1512,p1499,4,0.7516304850578308
p1512,p2032,5,0.7442027926445007
p1513,p1262,1,0.712242841720581
p1513,p1309,2,0.7037786841392517
p1513,p0789,3,0.6782746911048889
p1513,p1402,4,0.6496853232383728
p1513,p1831,5,0.6342244148254395
p1514,p0784,1,0.7202830910682678
p1514,p1521,2,0.6912158727645874
p1514,p0789,3,0.6802980303764343
p1514,p1516,4,0.6694514155387878
p1514,p0785,5,0.631905198097229
p1515,p0845,1,0.6865077614784241
p1515,p0823,2,0.682713508605957
p1515,p0810,3,0.6411667466163635
p1515,p0791,4,0.6347955465316772
p1515,p1965,5,0.5843086242675781
p1516,p1521,1,0.735986053943634
p1516,p0669,2,0.6793177127838135
p1516,p1541,3,0.6733230948448181
p1516,p1514,4,0.6694514155387878
p1516,p1828,5,0.6692000031471252
p1517,p1484,1,0.7717082500457764
p1517,p1248,2,0.7614728212356567
p1517,p1524,3,0.7309525012969971
p1517,p1250,4,0.7256463170051575
p1517,p1473,5,0.7135303616523743
p1518,p0804,1,0.6028848886489868
p1518,p0793,2,0.5593152046203613
p1518,p0824,3,0.5385832786560059
p1518,p0796,4,0.5346423387527466
p1518,p1306,5,0.5293357372283936
p1519,p1524,1,0.9798508882522583
p1519,p1561,2,0.931795597076416
p1519,p1794,3,0.9287338256835938
p1519,p1282,4,0.91556316614151
p1519,p2060,5,0.9045717716217041
p1520,p1521,1,0.6912786364555359
p1520,p0669,2,0.6892867088317871
p1520,p0836,3,0.6385829448699951
p1520,p0789,4,0.6366257071495056
p1520,p0784,5,0.6352173089981079
p1521,p1516,1,0.735986053943634
p1521,p1522,2,0.7053381204605103
p1521,p1520,3,0.6912786364555359
p1521,p1514,4,0.6912158727645874
p1521,p1965,5,0.6746654510498047
p1522,p1521,1,0.7053381204605103
p1522,p0856,2,0.6095481514930725
p1522,p1526,3,0.6065982580184937
p1522,p1516,4,0.5996192097663879
p1522,p0671,5,0.5911098122596741
p1523,p0837,1,0.7065773606300354
p1523,p1297,2,0.5074872970581055
p1523,p1440,3,0.4882449507713318
p1523,p0928,4,0.48291850090026855
p1523,p1602,5,0.4816288948059082
p1524,p1519,1,0.9798508882522583
p1524,p1561,2,0.8997774124145508
p1524,p1527,3,0.8975744247436523
p1524,p1794,4,0.8940795063972473
p1524,p2054,5,0.8891527056694031
p1525,p1528,1,0.6513177156448364
p1525,p1284,2,0.6457751393318176
p1525,p1531,3,0.6299799680709839
p1525,p1322,4,0.6266695857048035
p1525,p0841,5,0.6104549169540405
p1526,p1477,1,0.6860244870185852
p1526,p0859,2,0.6095633506774902
p1526,p1522,3,0.6065982580184937
p1526,p1496,4,0.5777584910392761
p1526,p1520,5,0.5761573314666748
p1527,p1524,1,0.8975744247436523
p1527,p1519,2,0.8826780915260315
p1527,p2054,3,0.8476120233535767
p1527,p2060,4,0.8273399472236633
p1527,p1561,5,0.8268649578094482
p1528,p1525,1,0.6513177156448364
p1528,p1322,2,0.5640357732772827
p1528,p0809,3,0.5516394972801208
p1528,p1531,4,0.5384530425071716
p1528,p0785,5,0.5263215899467468
p1529,p1265,1,0.9043837785720825
p1529,p1285,2,0.9006801247596741
p1529,p1269,3,0.8889747858047485
p1529,p1311,4,0.8354230523109436
p1529,p1317,5,0.8330467343330383
p1530,p1287,1,1.0
p1530,p1272,2,0.9910553693771362
p1530,p1269,3,0.9202672243118286
p1530,p1519,4,0.8403521776199341
p1530,p1415,5,0.8195167183876038
p1531,p0841,1,0.6472271680831909
p1531,p1525,2,0.6299799680709839
p1531,p1322,3,0.5665463805198669
p1531,p1528,4,0.5384530425071716
p1531,p1313,5,0.4998631477355957
p1532,p1317,1,0.9028355479240417
p1532,p1324,2,0.8861849904060364
p1532,p1706,3,0.8814904093742371
p1532,p1276,4,0.8775172233581543
p1532,p1321,5,0.8699389100074768
p1533,p0861,1,0.6228148341178894
p1533,p0685,2,0.6053957939147949
p1533,p1477,3,0.5838732719421387
p1533,p0794,4,0.5017101764678955
p1533,p0811,5,0.49378502368927
p1534,p0864,1,0.5583306550979614
p1534,p0863,2,0.544490396976471
p1534,p1582,3,0.5335302948951721
p1534,p0669,4,0.5307762622833252
p1534,p1925,5,0.5241172909736633
p1535,p0884,1,0.6226218938827515
p1535,p1676,2,0.5732715725898743
p1535,p1909,3,0.49720966815948486
p1535,p1910,4,0.47250163555145264
p1535,p0867,5,0.47248125076293945
p1536,p1981,1,0.5723084807395935
p1536,p1539,2,0.5535293221473694
p1536,p1546,3,0.5501117706298828
p1536,p0487,4,0.5473142266273499
p1536,p0864,5,0.5256320238113403
p1537,p1589,1,0.8102187514305115
p1537,p1597,2,0.7792277932167053
p1537,p1428,3,0.7636720538139343
p1537,p1409,4,0.7605239748954773
p1537,p1423,5,0.7382665276527405
p1538,p1819,1,0.5060227513313293
p1538,p1534,2,0.4701976180076599
p1538,p1047,3,0.4565242528915405
p1538,p1175,4,0.4471852779388428
p1538,p0866,5,0.44514334201812744
p1539,p0867,1,0.646618127822876
p1539,p1536,2,0.5535293221473694
p1539,p1908,3,0.5122007131576538
p1539,p1394,4,0.5115107297897339
p1539,p1901,5,0.5016854405403137
p1540,p1919,1,0.8983528017997742
p1540,p1991,2,0.7975863218307495
p1540,p1248,3,0.7931349277496338
p1540,p1471,4,0.7888716459274292
p1540,p1430,5,0.7703624963760376
p1541,p1986,1,0.7232425808906555
p1541,p1516,2,0.6733230948448181
p1541,p1521,3,0.6492431163787842
p1541,p0669,4,0.6355744004249573
p1541,p1828,5,0.6346973180770874
p1542,p0871,1,0.6369975805282593
p1542,p0862,2,0.6281961798667908
p1542,p0036,3,0.5805968046188354
p1542,p0863,4,0.5630480051040649
p1542,p1953,5,0.5571601390838623
p1543,p1590,1,0.5664761662483215
p1543,p1582,2,0.5430972576141357
p1543,p0872,3,0.5415694713592529
p1543,p1013,4,0.5410078763961792
p1543,p1017,5,0.5286554098129272
p1544,p0873,1,0.5405928492546082
p1544,p1676,2,0.4928860664367676
p1544,p1819,3,0.48036742210388184
p1544,p1496,4,0.45819127559661865
p1544,p0883,5,0.4464421272277832
p1545,p1258,1,0.6030610799789429
p1545,p0557,2,0.565136730670929
p1545,p0874,3,0.5402733087539673
p1545,p1246,4,0.5018086433410645
p1545,p0556,5,0.491540789604187
p1546,p1988,1,0.6631576418876648
p1546,p0864,2,0.5826787352561951
p1546,p1987,3,0.5537807941436768
p1546,p1536,4,0.5501117706298828
p1546,p2005,5,0.5440971851348877
p1547,p1548,1,0.9886884093284607
p1547,p2041,2,0.8518427610397339
p1547,p1661,3,0.843664288520813
p1547,p2042,4,0.8402449488639832
p1547,p1461,5,0.8097216486930847
p1548,p1547,1,0.9886884093284607
p1548,p1661,2,0.859809160232544
p1548,p2042,3,0.859551191329956
p1548,p2041,4,0.8434914946556091
p1548,p1462,5,0.8208374381065369
p1549,p1551,1,0.8314473628997803
p1549,p1498,2,0.8258643746376038
p1549,p1497,3,0.8228086829185486
p1549,p1674,4,0.7846212387084961
p1549,p1666,5,0.7843462824821472
p1550,p1347,1,0.6404867172241211
p1550,p1351,2,0.6348492503166199
p1550,p2032,3,0.6034577488899231
p1550,p1506,4,0.6022568941116333
p1550,p1672,5,0.6002652645111084
p1551,p1498,1,0.857289731502533
p1551,p1497,2,0.8440579771995544
p1551,p1549,3,0.8314473628997803
p1551,p1674,4,0.792612612247467
p1551,p1666,5,0.7755697965621948
p1552,p1669,1,0.7201229333877563
p1552,p1670,2,0.6908419728279114
p1552,p2032,3,0.6895701289176941
p1552,p1667,4,0.6408534646034241
p1552,p2035,5,0.6372771263122559
p1553,p0919,1,0.7217031717300415
p1553,p0918,2,0.7129457592964172
p1553,p0920,3,0.6784815788269043
p1553,p0743,4,0.6611640453338623
p1553,p0727,5,0.6429118514060974
p1554,p1571,1,0.6828710436820984
p1554,p1603,2,0.6720446348190308
p1554,p1440,3,0.6537154316902161
p1554,p1900,4,0.6293405890464783
p1554,p1455,5,0.6270170211791992
p1555,p1560,1,0.6503714919090271
p1555,p1394,2,0.6156796216964722
p1555,p0918,3,0.5994062423706055
p1555,p1640,4,0.5944075584411621
p1555,p1363,5,0.572167158126831
p1556,p1570,1,0.6444981098175049
p1556,p1786,2,0.6267176270484924
p1556,p1627,3,0.6266530156135559
p1556,p1610,4,0.6112942099571228
p1556,p1702,5,0.5965156555175781
p1557,p1894,1,0.9793223738670349
p1557,p1560,2,0.7590383887290955
p1557,p1637,3,0.6636890172958374
p1557,p0919,4,0.6608572006225586
p1557,p1045,5,0.6133970022201538
p1558,p0743,1,0.5653126835823059
p1558,p0704,2,0.563116729259491
p1558,p0727,3,0.562637984752655
p1558,p1610,4,0.5568771362304688
p1558,p1678,5,0.5521181225776672
p1559,p1573,1,0.8037746548652649
p1559,p1578,2,0.7980515360832214
p1559,p1461,3,0.7801751494407654
p1559,p2041,4,0.7648826837539673
p1559,p1462,5,0.7610391974449158
p1560,p1894,1,0.759585440158844
p1560,p1557,2,0.7590383887290955
p1560,p1640,3,0.6693556904792786
p1560,p0918,4,0.6638579368591309
p1560,p1045,5,0.6626669764518738
p1561,p1282,1,0.9836012125015259
p1561,p1794,2,0.9788885116577148
p1561,p1519,3,0.931795597076416
p1561,p1524,4,0.8997774124145508
p1561,p1991,5,0.8691538572311401
p1562,p2005,1,0.7695192694664001
p1562,p0979,2,0.6817948222160339
p1562,p0980,3,0.6672850847244263
p1562,p1573,4,0.6103947758674622
p1562,p1578,5,0.605022668838501
p1563,p1786,1,0.63251793384552
p1563,p1619,2,0.5735978484153748
p1563,p1610,3,0.5720780491828918
p1563,p1940,4,0.5627803802490234
p1563,p0991,5,0.5364423990249634
p1564,p0987,1,0.6673694252967834
p1564,p1563,2,0.5077823996543884
p1564,p1786,3,0.46958088874816895
p1564,p1610,4,0.46245431900024414
p1564,p1698,5,0.45462357997894287
p1565,p1825,1,0.598560094833374
p1565,p1268,2,0.5670085549354553
p1565,p0758,3,0.5660207867622375
p1565,p2004,4,0.5643357634544373
p1565,p1989,5,0.5537477135658264
p1566,p0918,1,0.6186351776123047
p1566,p0069,2,0.6137157678604126
p1566,p1702,3,0.5819942951202393
p1566,p1688,4,0.5755490660667419
p1566,p1786,5,0.5714542269706726
p1567,p1688,1,0.6051293015480042
p1567,p1554,2,0.5979294776916504
p1567,p1681,3,0.578526496887207
p1567,p1616,4,0.5662739872932434
p1567,p1683,5,0.5560977458953857
p1568,p1980,1,0.6119905114173889
p1568,p1978,2,0.6062737703323364
p1568,p1987,3,0.5649269819259644
p1568,p1983,4,0.5505037903785706
p1568,p1976,5,0.5462818145751953
p1569,p1453,1,0.5273226499557495
p1569,p1444,2,0.5076059103012085
p1569,p1568,3,0.4996158480644226
p1569,p1436,4,0.4753373861312866
p1569,p0984,5,0.4560936689376831
p1570,p1455,1,0.7217027544975281
p1570,p1681,2,0.7214254140853882
p1570,p0681,3,0.6970031261444092
p1570,p1786,4,0.6505868434906006
p1570,p1619,5,0.6488234400749207
p1571,p1604,1,0.7736526727676392
p1571,p1689,2,0.7193177938461304
p1571,p1399,3,0.7191030979156494
p1571,p0918,4,0.7065701484680176
p1571,p1440,5,0.6954134106636047
p1572,p1702,1,0.5532105565071106
p1572,p1809,2,0.5305538177490234
p1572,p1689,3,0.525419294834137
p1572,p1678,4,0.5204087495803833
p1572,p1787,5,0.5180178880691528
p1573,p1578,1,0.9910369515419006
p1573,p1461,2,0.837558925151825
p1573,p1462,3,0.8184912800788879
p1573,p1559,4,0.8037746548652649
p1573,p2041,5,0.7841517329216003
p1574,p1010,1,0.6139756441116333
p1574,p1796,2,0.5884785056114197
p1574,p0657,3,0.5639017224311829
p1574,p1138,4,0.5057440996170044
p1574,p1771,5,0.4922059178352356
p1575,p1784,1,0.5973383784294128
p1575,p1441,2,0.5834012627601624
p1575,p1703,3,0.5633057951927185
p1575,p1439,4,0.5477278828620911
p1575,p1634,5,0.5412440299987793
p1576,p1012,1,0.5937144160270691
p1576,p1577,2,0.5763078927993774
p1576,p0994,3,0.555253267288208
p1576,p1608,4,0.5509812235832214
p1576,p1632,5,0.5422895550727844
p1577,p0489,1,0.6023001074790955
p1577,p1103,2,0.5785995721817017
p1577,p1576,3,0.5763078927993774
p1577,p1095,4,0.5400866866111755
p1577,p0462,5,0.5363486409187317
p1578,p1573,1,0.9910369515419006
p1578,p1462,2,0.8445102572441101
p1578,p1461,3,0.8412144184112549
p1578,p1559,4,0.7980515360832214
p1578,p2042,5,0.7939680814743042
p1579,p1590,1,0.8080694079399109
p1579,p1013,2,0.775602400302887
p1579,p1584,3,0.7273687124252319
p1579,p1014,4,0.7180171608924866
p1579,p1585,5,0.7019596695899963
p1580,p1014,1,0.5449634194374084
p1580,p1596,2,0.5284451246261597
p1580,p1579,3,0.5073983669281006
p1580,p2058,4,0.49679994583129883
p1580,p1583,5,0.49048668146133423
p1581,p1270,1,0.690682590007782
p1581,p1521,2,0.5382153391838074
p1581,p1288,3,0.5036366581916809
p1581,p1541,4,0.4921095371246338
p1581,p1297,5,0.48957061767578125
p1582,p1590,1,0.6606080532073975
p1582,p1585,2,0.6488758325576782
p1582,p1594,3,0.6370723247528076
p1582,p1013,4,0.628034234046936
p1582,p1017,5,0.6147118806838989
p1583,p1635,1,0.6582102179527283
p1583,p1797,2,0.5786895751953125
p1583,p1784,3,0.5573042631149292
p1583,p1587,4,0.5559225678443909
p1583,p1783,5,0.5473034977912903
p1584,p1579,1,0.7273687124252319
p1584,p1590,2,0.7244184017181396
p1584,p1019,3,0.6077487468719482
p1584,p1013,4,0.5985411405563354
p1584,p1014,5,0.5878392457962036
p1585,p1579,1,0.7019596695899963
p1585,p1013,2,0.6716548800468445
p1585,p1590,3,0.6536067128181458
p1585,p1582,4,0.6488758325576782
p1585,p1587,5,0.6315930485725403
p1586,p1519,1,0.8745201230049133
p1586,p1524,2,0.8532339334487915
p1586,p1415,3,0.8507249355316162
p1586,p1561,4,0.8469064235687256
p1586,p1991,5,0.8450272679328918
p1587,p1588,1,0.6820867657661438
p1587,p1013,2,0.642760694026947
p1587,p1579,3,0.6391171216964722
p1587,p1590,4,0.6329886317253113
p1587,p1585,5,0.6315930485725403
p1588,p1590,1,0.6927672624588013
p1588,p1587,2,0.6820867657661438
p1588,p1579,3,0.6602852940559387
p1588,p1013,4,0.6337625980377197
p1588,p1584,5,0.5833958983421326
p1589,p1595,1,0.8648737072944641
p1589,p1592,2,0.8121337890625
p1589,p1537,3,0.8102187514305115
p1589,p1586,4,0.8054258823394775
p1589,p1597,5,0.7187143564224243
p1590,p1579,1,0.8080694079399109
p1590,p1013,2,0.7824649810791016
p1590,p1015,3,0.7297738790512085
p1590,p1584,4,0.7244184017181396
p1590,p1588,5,0.6927672624588013
p1591,p1811,1,0.5351167321205139
p1591,p1292,2,0.5074015855789185
p1591,p1281,3,0.49630188941955566
p1591,p1588,4,0.46492910385131836
p1591,p1257,5,0.45179080963134766
p1592,p1299,1,0.926112949848175
p1592,p1267,2,0.9124343395233154
p1592,p1848,3,0.9026768207550049
p1592,p1274,4,0.8551506400108337
p1592,p1265,5,0.8498310446739197
p1593,p1270,1,0.5372889041900635
p1593,p1280,2,0.4862605333328247
p1593,p1579,3,0.4599754810333252
p1593,p1453,4,0.4523637294769287
p1593,p0820,5,0.4070807099342346
p1594,p1582,1,0.6370723247528076
p1594,p1585,2,0.5854798555374146
p1594,p1590,3,0.5741233229637146
p1594,p1579,4,0.5669339895248413
p1594,p1013,5,0.5397155284881592
p1595,p1589,1,0.8648737072944641
p1595,p1592,2,0.7902572154998779
p1595,p1919,3,0.7310535311698914
p1595,p1540,4,0.7293637990951538
p1595,p1430,5,0.7273045182228088
p1596,p2114,1,0.6398094892501831
p1596,p0072,2,0.6390867233276367
p1596,p0560,3,0.5875822305679321
p1596,p0466,4,0.5850644111633301
p1596,p1579,5,0.5777825117111206
p1597,p1537,1,0.7792277932167053
p1597,p1589,2,0.7187143564224243
p1597,p1350,3,0.7039335370063782
p1597,p1346,4,0.6820523142814636
p1597,p1342,5,0.6760743856430054
p1598,p1242,1,0.8708353042602539
p1598,p1600,2,0.7814105749130249
p1598,p1497,3,0.7481217980384827
p1598,p1599,4,0.7392047047615051
p1598,p1807,5,0.7271487712860107
p1599,p1600,1,0.8310068249702454
p1599,p1601,2,0.791064441204071
p1599,p1598,3,0.7392047047615051
p1599,p1551,4,0.6999664902687073
p1599,p1674,5,0.6964759826660156
p1600,p1599,1,0.8310068249702454
p1600,p1601,2,0.8282061815261841
p1600,p2013,3,0.801243245601654
p1600,p1598,4,0.7814105749130249
p1600,p1896,5,0.7621158361434937
p1601,p1600,1,0.8282061815261841
p1601,p1599,2,0.791064441204071
p1601,p2013,3,0.7421464920043945
p1601,p1551,4,0.7381449341773987
p1601,p1666,5,0.7145265340805054
p1602,p1604,1,0.7944750189781189
p1602,p0928,2,0.6926987171173096
p1602,p1815,3,0.6683536767959595
p1602,p1395,4,0.6607179641723633
p1602,p1571,5,0.6538179516792297
p1603,p1554,1,0.6720446348190308
p1603,p1571,2,0.6613616943359375
p1603,p1981,3,0.6431863903999329
p1603,p1604,4,0.6311581134796143
p1603,p1440,5,0.6152809858322144
p1604,p1602,1,0.7944750189781189
p1604,p1571,2,0.7736526727676392
p1604,p0928,3,0.7267078161239624
p1604,p0944,4,0.709714949131012
p1604,p1395,5,0.7089216113090515
p1605,p1606,1,0.5942220091819763
p1605,p1607,2,0.5862234830856323
p1605,p0745,3,0.5727981328964233
p1605,p1199,4,0.5618442296981812
p1605,p1908,5,0.5348995327949524
p1606,p1607,1,0.7412207126617432
p1606,p1199,2,0.6140915155410767
p1606,p1207,3,0.6133663058280945
p1606,p1908,4,0.6125247478485107
p1606,p1208,5,0.6095460653305054
p1607,p1606,1,0.7412207126617432
p1607,p1923,2,0.6729131937026978
p1607,p1199,3,0.669247031211853
p1607,p1926,4,0.6662005186080933
p1607,p1908,5,0.6450375914573669
p1608,p1632,1,0.8204419016838074
p1608,p1788,2,0.64696204662323
p1608,p1633,3,0.6444195508956909
p1608,p1771,4,0.6291266679763794
p1608,p1629,5,0.6118649244308472
p1609,p0757,1,0.6303840279579163
p1609,p1536,2,0.47823506593704224
p1609,p1456,3,0.4691890478134155
p1609,p1978,4,0.44454634189605713
p1609,p1616,5,0.4245340824127197
p1610,p0934,1,0.7990864515304565
p1610,p1627,2,0.7306403517723083
p1610,p0677,3,0.7044556140899658
p1610,p1040,4,0.6840928792953491
p1610,p1619,5,0.671629786491394
p1611,p0936,1,0.748611569404602
p1611,p1571,2,0.6755693554878235
p1611,p0918,3,0.656956136226654
p1611,p1786,4,0.6418625712394714
p1611,p1395,5,0.6404861211776733
p1612,p1613,1,0.8045740127563477
p1612,p0752,2,0.6956285238265991
p1612,p1624,3,0.6507770419120789
p1612,p1628,4,0.6078863143920898
p1612,p1623,5,0.6031333208084106
p1613,p1612,1,0.8045740127563477
p1613,p0752,2,0.6558018326759338
p1613,p1624,3,0.6363269686698914
p1613,p1454,4,0.630329430103302
p1613,p0980,5,0.5994634032249451
p1614,p0747,1,0.7492703795433044
p1614,p1617,2,0.7029825448989868
p1614,p0760,3,0.6668788194656372
p1614,p1650,4,0.5659562349319458
p1614,p1456,5,0.5574765205383301
p1615,p1616,1,0.7651538848876953
p1615,p1626,2,0.6787714958190918
p1615,p1624,3,0.6720020771026611
p1615,p0748,4,0.656955361366272
p1615,p0759,5,0.57796311378479
p1616,p1615,1,0.7651538848876953
p1616,p1626,2,0.6385732889175415
p1616,p1554,3,0.5962255597114563
p1616,p1624,4,0.5815962553024292
p1616,p1689,5,0.5744993686676025
p1617,p1614,1,0.7029825448989868
p1617,p1645,2,0.6984943747520447
p1617,p0760,3,0.6738561987876892
p1617,p1636,4,0.6600149869918823
p1617,p1454,5,0.6361780166625977
p1618,p0761,1,0.662970781326294
p1618,p1623,2,0.5168900489807129
p1618,p1624,3,0.5073306560516357
p1618,p1456,4,0.48242807388305664
p1618,p1604,5,0.4799323081970215
p1619,p1786,1,0.7019919753074646
p1619,p0938,2,0.6955596804618835
p1619,p1610,3,0.671629786491394
p1619,p1570,4,0.6488234400749207
p1619,p1604,5,0.6016732454299927
p1620,p1908,1,0.6383978128433228
p1620,p1900,2,0.6195436120033264
p1620,p1926,3,0.6055461168289185
p1620,p1198,4,0.5865855813026428
p1620,p1917,5,0.5786625742912292
p1621,p1622,1,0.8122574090957642
p1621,p0762,2,0.7367032766342163
p1621,p1682,3,0.5128870010375977
p1621,p1675,4,0.40470439195632935
p1621,p1455,5,0.38199442625045776
p1622,p1621,1,0.8122574090957642
p1622,p0762,2,0.6989977359771729
p1622,p1682,3,0.6055218577384949
p1622,p1675,4,0.46927905082702637
p1622,p1228,5,0.44074368476867676
p1623,p1612,1,0.6031333208084106
p1623,p1644,2,0.5859802961349487
p1623,p1446,3,0.5852060914039612
p1623,p1613,4,0.557661235332489
p1623,p2010,5,0.538529098033905
p1624,p1615,1,0.6720020771026611
p1624,p1612,2,0.6507770419120789
p1624,p1626,3,0.6442942023277283
p1624,p1613,4,0.6363269686698914
p1624,p1456,5,0.6274425387382507
p1625,p1681,1,0.6918901205062866
p1625,p1900,2,0.6809490919113159
p1625,p1455,3,0.638052225112915
p1625,p1570,4,0.6364451050758362
p1625,p1917,5,0.6302754878997803
p1626,p1615,1,0.6787714958190918
p1626,p1624,2,0.6442942023277283
p1626,p1616,3,0.6385732889175415
p1626,p1689,4,0.6321662068367004
p1626,p1554,5,0.6055359244346619
p1627,p1610,1,0.7306403517723083
p1627,p0678,2,0.6962509155273438
p1627,p0677,3,0.6364244222640991
p1627,p1440,4,0.6289054751396179
p1627,p1556,5,0.6266530156135559
p1628,p1624,1,0.621845006942749
p1628,p1454,2,0.6185701489448547
p1628,p1447,3,0.6112629175186157
p1628,p1612,4,0.6078863143920898
p1628,p1613,5,0.5550249218940735
p1629,p1784,1,0.7513344287872314
p1629,p1114,2,0.7122888565063477
p1629,p1766,3,0.6976936459541321
p1629,p1441,4,0.6547510623931885
p1629,p1095,5,0.6486591100692749
p1630,p1199,1,0.6090572476387024
p1630,p1908,2,0.606447696685791
p1630,p1607,3,0.5822111368179321
p1630,p1502,4,0.5379624962806702
p1630,p1895,5,0.5230387449264526
p1631,p1451,1,0.6171920299530029
p1631,p1442,2,0.5311537384986877
p1631,p1646,3,0.5207272171974182
p1631,p0990,4,0.5142238140106201
p1631,p1648,5,0.5021199584007263
p1632,p1608,1,0.8204419016838074
p1632,p1771,2,0.7332612872123718
p1632,p1096,3,0.6437727212905884
p1632,p1095,4,0.6406155824661255
p1632,p1792,5,0.6351996660232544
p1633,p1788,1,0.9989259243011475
p1633,p1608,2,0.6444195508956909
p1633,p1611,3,0.637764573097229
p1633,p1604,4,0.6375817656517029
p1633,p1399,5,0.6235399842262268
p1634,p1782,1,0.7249534130096436
p1634,p1439,2,0.6958905458450317
p1634,p1635,3,0.66883784532547
p1634,p1766,4,0.6277763843536377
p1634,p1441,5,0.6219879984855652
p1635,p1797,1,0.7770224213600159
p1635,p1439,2,0.688675045967102
p1635,p1634,3,0.66883784532547
p1635,p1783,4,0.6674758791923523
p1635,p1441,5,0.6596434712409973
p1636,p0940,1,0.683438777923584
p1636,p1617,2,0.6600149869918823
p1636,p1645,3,0.6089027523994446
p1636,p1624,4,0.6020835638046265
p1636,p1454,5,0.59981369972229
p1637,p1557,1,0.6636890172958374
p1637,p1894,2,0.6608301997184753
p1637,p0918,3,0.660630464553833
p1637,p1917,4,0.6544880270957947
p1637,p1571,5,0.6429092884063721
p1638,p1641,1,0.9947670698165894
p1638,p1917,2,0.6811802983283997
p1638,p1625,3,0.6143313050270081
p1638,p1911,4,0.5695793628692627
p1638,p1900,5,0.5484662055969238
p1639,p0943,1,0.6242827773094177
p1639,p0117,2,0.5525344014167786
p1639,p0010,3,0.527833878993988
p1639,p0013,4,0.5152131915092468
p1639,p0019,5,0.503399670124054
p1640,p0944,1,0.7113940715789795
p1640,p1604,2,0.7081235647201538
p1640,p1395,3,0.6904252767562866
p1640,p1560,4,0.6693556904792786
p1640,p1571,5,0.6645760536193848
p1641,p1638,1,0.9947670698165894
p1641,p1917,2,0.6754509806632996
p1641,p1625,3,0.6144840717315674
p1641,p1900,4,0.5594095587730408
p1641,p1911,5,0.5516549944877625
p1642,p1911,1,0.5567466616630554
p1642,p1921,2,0.5477418899536133
p1642,p0942,3,0.5266094207763672
p1642,p1917,4,0.5244921445846558
p1642,p1051,5,0.5195227265357971
p1643,p1948,1,0.938045084476471
p1643,p1239,2,0.5845839381217957
p1643,p1625,3,0.5794287919998169
p1643,p1993,4,0.5784759521484375
p1643,p1607,5,0.5604994297027588
p1644,p1790,1,0.5972700715065002
p1644,p1768,2,0.5955018401145935
p1644,p1623,3,0.5859802961349487
p1644,p1441,4,0.5859546661376953
p1644,p1786,5,0.5674481391906738
p1645,p1617,1,0.6984943747520447
p1645,p1454,2,0.6167349219322205
p1645,p0750,3,0.6142491698265076
p1645,p1636,4,0.6089027523994446
p1645,p0940,5,0.5891417264938354
p1646,p1648,1,0.5827020406723022
p1646,p1631,2,0.5207272171974182
p1646,p1699,3,0.49108612537384033
p1646,p1623,4,0.4800741672515869
p1646,p1902,5,0.46670001745224
p1647,p1955,1,0.7261627316474915
p1647,p1195,2,0.675024688243866
p1647,p1970,3,0.6490524411201477
p1647,p0858,4,0.6154341101646423
p1647,p1903,5,0.557704746723175
p1648,p1646,1,0.5827020406723022
p1648,p1612,2,0.5631381869316101
p1648,p1699,3,0.5238658785820007
p1648,p0769,4,0.5105149149894714
p1648,p1606,5,0.5066484212875366
p1649,p0754,1,0.6900588870048523
p1649,p1645,2,0.5656134486198425
p1649,p1617,3,0.5372443795204163
p1649,p1454,4,0.44967663288116455
p1649,p1636,5,0.4494856595993042
p1650,p0770,1,0.7209268808364868
p1650,p1624,2,0.6114937663078308
p1650,p1626,3,0.572893500328064
p1650,p1614,4,0.5659562349319458
p1650,p1615,5,0.5646957159042358
p1651,p1444,1,0.6079856157302856
p1651,p0771,2,0.5845075249671936
p1651,p1454,3,0.5590708255767822
p1651,p1624,4,0.54976886510849
p1651,p1693,5,0.5365416407585144
p1652,p1973,1,0.6824716329574585
p1652,p1561,2,0.5599779486656189
p1652,p0292,3,0.5550541877746582
p1652,p1282,4,0.5481112599372864
p1652,p1794,5,0.5404688119888306
p1653,p0505,1,0.6131998300552368
p1653,p0603,2,0.5933533310890198
p1653,p0597,3,0.592008650302887
p1653,p1403,4,0.5402073860168457
p1653,p0607,5,0.5260735750198364
p1654,p1415,1,0.9268226027488708
p1654,p1929,2,0.9116480350494385
p1654,p1998,3,0.8831512928009033
p1654,p1519,4,0.8487482070922852
p1654,p1491,5,0.8424857258796692
p1655,p0601,1,0.682903528213501
p1655,p0596,2,0.6454001665115356
p1655,p1997,3,0.6207627654075623
p1655,p1629,4,0.5922125577926636
p1655,p0597,5,0.5802775621414185
p1656,p1992,1,0.6748009324073792
p1656,p0603,2,0.6694028973579407
p1656,p0602,3,0.6585824489593506
p1656,p0597,4,0.5785828232765198
p1656,p1800,5,0.5498843789100647
p1657,p1635,1,0.499872088432312
p1657,p1968,2,0.4616219401359558
p1657,p1655,3,0.45552122592926025
p1657,p0451,4,0.45481544733047485
p1657,p2047,5,0.4507904052734375
p1658,p0630,1,0.6472785472869873
p1658,p1125,2,0.642983615398407
p1658,p1414,3,0.5988184809684753
p1658,p1410,4,0.5984328985214233
p1658,p0597,5,0.5641935467720032
p1659,p1414,1,0.5669572353363037
p1659,p1660,2,0.5656781196594238
p1659,p0640,3,0.5509988069534302
p1659,p1780,4,0.543012797832489
p1659,p0647,5,0.5418381094932556
p1660,p0647,1,0.7379965782165527
p1660,p0632,2,0.6631661057472229
p1660,p1659,3,0.5656781196594238
p1660,p0640,4,0.5164763331413269
p1660,p0652,5,0.4322076439857483
p1661,p2042,1,0.9341539740562439
p1661,p2041,2,0.9183491468429565
p1661,p1462,3,0.914053201675415
p1661,p1461,4,0.8994253277778625
p1661,p1548,5,0.859809160232544
p1662,p1835,1,0.6800498962402344
p1662,p1664,2,0.6718896627426147
p1662,p1148,3,0.6251817941665649
p1662,p1312,4,0.5836865305900574
p1662,p1847,5,0.54917311668396
p1663,p1750,1,0.9157333374023438
p1663,p1708,2,0.913568377494812
p1663,p1737,3,0.9001866579055786
p1663,p1744,4,0.8999939560890198
p1663,p1728,5,0.899991512298584
p1664,p1662,1,0.6718896627426147
p1664,p1845,2,0.6105491518974304
p1664,p1292,3,0.5896315574645996
p1664,p1328,4,0.559137225151062
p1664,p1315,5,0.5479515790939331
p1665,p1314,1,0.8919055461883545
p1665,p1838,2,0.8708434104919434
p1665,p1836,3,0.8216338157653809
p1665,p1712,4,0.8060076236724854
p1665,p1299,5,0.7925829887390137
p1666,p1674,1,0.8544238209724426
p1666,p2012,2,0.8237327337265015
p1666,p1498,3,0.7999812364578247
p1666,p1549,4,0.7843462824821472
p1666,p1551,5,0.7755697965621948
p1667,p1552,1,0.6408534646034241
p1667,p2032,2,0.5858661532402039
p1667,p0063,3,0.5609526038169861
p1667,p2035,4,0.5520545840263367
p1667,p2037,5,0.5453734993934631
p1668,p2012,1,0.7328497171401978
p1668,p1666,2,0.7224918603897095
p1668,p1674,3,0.7199969291687012
p1668,p1498,4,0.7192952036857605
p1668,p1551,5,0.7146006226539612
p1669,p1670,1,0.9748960137367249
p1669,p1672,2,0.8226572871208191
p1669,p1552,3,0.7201229333877563
p1669,p1671,4,0.7099393606185913
p1669,p1673,5,0.6785396933555603
p1670,p1669,1,0.9748960137367249
p1670,p1672,2,0.8257704973220825
p1670,p1552,3,0.6908419728279114
p1670,p1671,4,0.6761547327041626
p1670,p2032,5,0.6467181444168091
p1671,p1673,1,0.9557254314422607
p1671,p1335,2,0.8165100812911987
p1671,p1337,3,0.7965494394302368
p1671,p1350,4,0.7513406872749329
p1671,p1339,5,0.7380508780479431
p1672,p1670,1,0.8257704973220825
p1672,p1669,2,0.8226572871208191
p1672,p2032,3,0.6776939034461975
p1672,p1347,4,0.6510236263275146
p1672,p1351,5,0.6507875919342041
p1673,p1671,1,0.9557254314422607
p1673,p1339,2,0.8085201978683472
p1673,p1335,3,0.788077175617218
p1673,p1348,4,0.7839148044586182
p1673,p1350,5,0.7731446623802185
p1674,p2012,1,0.8765817284584045
p1674,p1666,2,0.8544238209724426
p1674,p1498,3,0.8323169946670532
p1674,p1551,4,0.792612612247467
p1674,p1549,5,0.7846212387084961
p1675,p2040,1,0.6963555216789246
p1675,p1455,2,0.6962530016899109
p1675,p1442,3,0.6098479628562927
p1675,p1926,4,0.6023239493370056
p1675,p1682,5,0.5953877568244934
p1676,p1819,1,0.5948494672775269
p1676,p1535,2,0.5732715725898743
p1676,p1905,3,0.5707170963287354
p1676,p1904,4,0.5097773671150208
p1676,p1201,5,0.5044260025024414
p1677,p0999,1,0.6540523171424866
p1677,p1697,2,0.559431791305542
p1677,p1446,3,0.556888222694397
p1677,p2058,4,0.5290555953979492
p1677,p1644,5,0.521574079990387
p1678,p1379,1,0.6367087960243225
p1678,p1399,2,0.5664238929748535
p1678,p1571,3,0.5626742243766785
p1678,p1604,4,0.5606210827827454
p1678,p1570,5,0.5596365928649902
p1679,p1000,1,0.7194926738739014
p1679,p1781,2,0.6495934724807739
p1679,p1798,3,0.5988056063652039
p1679,p0999,4,0.5881051421165466
p1679,p2046,5,0.5793967247009277
p1680,p2047,1,0.5880439877510071
p1680,p1791,2,0.5495043992996216
p1680,p1803,3,0.5347040891647339
p1680,p2058,4,0.5317058563232422
p1680,p1804,5,0.5268570184707642
p1681,p1689,1,0.7472050786018372
p1681,p1570,2,0.7214254140853882
p1681,p1455,3,0.7152363061904907
p1681,p1625,4,0.6918901205062866
p1681,p1702,5,0.6881694793701172
p1682,p1228,1,0.6773573160171509
p1682,p0762,2,0.6136364340782166
p1682,p1622,3,0.6055218577384949
p1682,p1675,4,0.5953877568244934
p1682,p1681,5,0.5894657969474792
p1683,p1567,1,0.5560977458953857
p1683,p1689,2,0.5238289833068848
p1683,p1399,3,0.5012381076812744
p1683,p1701,4,0.5010198950767517
p1683,p1229,5,0.49265849590301514
p1684,p1001,1,0.6700112223625183
p1684,p1399,2,0.6036562919616699
p1684,p0918,3,0.5681952238082886
p1684,p1382,4,0.5654111504554749
p1684,p1381,5,0.5651814341545105
p1685,p1223,1,0.5611664652824402
p1685,p1675,2,0.535683274269104
p1685,p1687,3,0.5136460661888123
p1685,p1683,4,0.47711265087127686
p1685,p1681,5,0.4510630965232849
p1686,p1687,1,0.6077711582183838
p1686,p1229,2,0.5733010768890381
p1686,p1697,3,0.5333717465400696
p1686,p1682,4,0.5104124546051025
p1686,p1698,5,0.5087355375289917
p1687,p1686,1,0.6077711582183838
p1687,p1682,2,0.5503438711166382
p1687,p1697,3,0.5336647629737854
p1687,p1679,4,0.5197538137435913
p1687,p1685,5,0.5136460661888123
p1688,p1002,1,0.6504377722740173
p1688,p1567,2,0.6051293015480042
p1688,p1681,3,0.5867242813110352
p1688,p1566,4,0.5755490660667419
p1688,p1689,5,0.5649482607841492
p1689,p1681,1,0.7472050786018372
p1689,p1571,2,0.7193177938461304
p1689,p1702,3,0.6774361729621887
p1689,p1399,4,0.6520330309867859
p1689,p1626,5,0.6321662068367004
p1690,p1003,1,0.6297276020050049
p1690,p0885,2,0.4642143249511719
p1690,p1820,3,0.43456190824508667
p1690,p1436,4,0.387691855430603
p1690,p1796,5,0.358900785446167
p1691,p0972,1,0.5742701292037964
p1691,p1694,2,0.5736388564109802
p1691,p1004,3,0.571609377861023
p1691,p1053,4,0.5679752230644226
p1691,p1181,5,0.5653104782104492
p1692,p1005,1,0.5497568845748901
p1692,p1268,2,0.49999845027923584
p1692,p1691,3,0.4812142848968506
p1692,p1436,4,0.4806407690048218
p1692,p2004,5,0.47154682874679565
p1693,p1006,1,0.7344755530357361
p1693,p0031,2,0.7206131815910339
p1693,p0980,3,0.6820144057273865
p1693,p1818,4,0.6133264303207397
p1693,p1454,5,0.6131110787391663
p1694,p1691,1,0.5736388564109802
p1694,p1243,2,0.57208651304245
p1694,p1399,3,0.5703439116477966
p1694,p1632,4,0.5641509294509888
p1694,p0997,5,0.5550038814544678
p1695,p1475,1,0.648870587348938
p1695,p0998,2,0.6418448090553284
p1695,p1836,3,0.6414119601249695
p1695,p1744,4,0.6216244101524353
p1695,p1503,5,0.6203935146331787
p1696,p1198,1,0.5780494213104248
p1696,p1199,2,0.526744544506073
p1696,p1900,3,0.4918878674507141
p1696,p0031,4,0.4777538776397705
p1696,p1607,5,0.4749433398246765
p1697,p1698,1,0.7155137658119202
p1697,p1699,2,0.5875723361968994
p1697,p1701,3,0.5791274309158325
p1697,p1677,4,0.559431791305542
p1697,p2010,5,0.5510349869728088
p1698,p1697,1,0.7155137658119202
p1698,p1234,2,0.6405263543128967
p1698,p1607,3,0.6066688895225525
p1698,p1699,4,0.5737286806106567
p1698,p2040,5,0.5711948871612549
p1699,p1235,1,0.6318250894546509
p1699,p1697,2,0.5875723361968994
p1699,p1698,3,0.5737286806106567
p1699,p1457,4,0.5409002900123596
p1699,p1675,5,0.5350529551506042
p1700,p1236,1,0.6330363154411316
p1700,p1699,2,0.5214794278144836
p1700,p1228,3,0.5122612118721008
p1700,p1698,4,0.49883967638015747
p1700,p1704,5,0.4975026845932007
p1701,p1675,1,0.5843263864517212
p1701,p1697,2,0.5791274309158325
p1701,p2040,3,0.5728083848953247
p1701,p1698,4,0.567974865436554
p1701,p0980,5,0.5673656463623047
p1702,p1681,1,0.6881694793701172
p1702,p1689,2,0.6774361729621887
p1702,p1571,3,0.6655653119087219
p1702,p1570,4,0.6425746083259583
p1702,p1399,5,0.6230329871177673
p1703,p1784,1,0.6825194358825684
p1703,p1783,2,0.6756572127342224
p1703,p1768,3,0.6224633455276489
p1703,p1798,4,0.6186650991439819
p1703,p1772,5,0.6152897477149963
p1704,p1700,1,0.4975026845932007
p1704,p1702,2,0.48909080028533936
p1704,p1682,3,0.4871622323989868
p1704,p2039,4,0.47784799337387085
p1704,p1699,5,0.45209336280822754
p1705,p1325,1,0.5981839299201965
p1705,p1711,2,0.5864397883415222
p1705,p1069,3,0.5840528607368469
p1705,p1854,4,0.5814748406410217
p1705,p1071,5,0.5737904906272888
p1706,p1317,1,0.9614512324333191
p1706,p1285,2,0.9245730638504028
p1706,p1265,3,0.9154901504516602
p1706,p1838,4,0.8841441869735718
p1706,p1532,5,0.8814904093742371
p1707,p1715,1,0.6710264086723328
p1707,p1069,2,0.6436887979507446
p1707,p1746,3,0.5844404101371765
p1707,p1854,4,0.5659034252166748
p1707,p1092,5,0.5648220181465149
p1708,p1737,1,0.9821823239326477
p1708,p2021,2,0.9587519764900208
p1708,p1754,3,0.9572466611862183
p1708,p1750,4,0.9501085877418518
p1708,p1733,5,0.9466885328292847
p1709,p1320,1,0.6640743613243103
p1709,p1310,2,0.609756350517273
p1709,p1330,3,0.6003377437591553
p1709,p1069,4,0.5891445875167847
p1709,p1316,5,0.5873116850852966
p1710,p1712,1,0.9845967888832092
p1710,p1838,2,0.8849911093711853
p1710,p1853,3,0.8592899441719055
p1710,p1851,4,0.8587610125541687
p1710,p1844,5,0.8569537997245789
p1711,p1716,1,0.7063905596733093
p1711,p1330,2,0.7018997669219971
p1711,p1854,3,0.6333725452423096
p1711,p1069,4,0.5957171320915222
p1711,p1705,5,0.5864397883415222
p1712,p1710,1,0.9845967888832092
p1712,p1838,2,0.9178694486618042
p1712,p1851,3,0.8719816207885742
p1712,p1853,4,0.87090665102005
p1712,p1844,5,0.8642628192901611
p1713,p1705,1,0.5582137703895569
p1713,p1330,2,0.5330961346626282
p1713,p1854,3,0.4999263286590576
p1713,p1315,4,0.49000298976898193
p1713,p1079,5,0.4869617819786072
p1714,p1721,1,0.9923646450042725
p1714,p1321,2,0.8492326736450195
p1714,p1717,3,0.8331801295280457
p1714,p1324,4,0.8232426047325134
p1714,p1276,5,0.8180558681488037
p1715,p1854,1,0.6800870299339294
p1715,p1707,2,0.6710264086723328
p1715,p1069,3,0.6246321797370911
p1715,p1330,4,0.5898227691650391
p1715,p1835,5,0.5609022378921509
p1716,p1330,1,0.7139108777046204
p1716,p1711,2,0.7063905596733093
p1716,p1069,3,0.6499354839324951
p1716,p1078,4,0.6370475888252258
p1716,p1854,5,0.605776846408844
p1717,p1846,1,0.8685746788978577
p1717,p1712,2,0.8546009063720703
p1717,p1860,3,0.8529975414276123
p1717,p1710,4,0.8502453565597534
p1717,p1851,5,0.8365066647529602
p1718,p1854,1,0.6140998005867004
p1718,p1837,2,0.602785587310791
p1718,p1320,3,0.6004937291145325
p1718,p1069,4,0.5815719962120056
p1718,p1716,5,0.5598811507225037
p1719,p1846,1,0.8218485116958618
p1719,p1717,2,0.7641431093215942
p1719,p1853,3,0.7550204396247864
p1719,p1851,4,0.7528640031814575
p1719,p1860,5,0.7384694814682007
p1720,p1330,1,0.4408985376358032
p1720,p1069,2,0.42753279209136963
p1720,p1705,3,0.4257875680923462
p1720,p1716,4,0.41060149669647217
p1720,p1328,5,0.3691706657409668
p1721,p1714,1,0.9923646450042725
p1721,p1321,2,0.8599244952201843
p1721,p1324,3,0.8455531597137451
p1721,p1276,4,0.8430246710777283
p1721,p1706,5,0.831270694732666
p1722,p1600,1,0.6672664284706116
p1722,p2013,2,0.6591992974281311
p1722,p1599,3,0.65802001953125
p1722,p1674,4,0.6531137228012085
p1722,p1601,5,0.6483111381530762
p1723,p1725,1,0.8959850668907166
p1723,p1746,2,0.687578022480011
p1723,p0604,3,0.6301540732383728
p1723,p0624,4,0.6280632019042969
p1723,p1726,5,0.6103531122207642
p1724,p1245,1,0.722358226776123
p1724,p1282,2,0.6019083857536316
p1724,p1794,3,0.5885171890258789
p1724,p1409,4,0.5788173675537109
p1724,p1423,5,0.5723768472671509
p1725,p1723,1,0.8959850668907166
p1725,p1746,2,0.6106622219085693
p1725,p0565,3,0.5723444223403931
p1725,p0624,4,0.5553744435310364
p1725,p0604,5,0.5444324612617493
p1726,p1663,1,0.8096182346343994
p1726,p1744,2,0.7773051857948303
p1726,p1733,3,0.7682545185089111
p1726,p1836,4,0.7666313052177429
p1726,p1728,5,0.7660858631134033
p1727,p1751,1,0.6506348252296448
p1727,p1837,2,0.6198341250419617
p1727,p1759,3,0.6192550659179688
p1727,p1835,4,0.5902635455131531
p1727,p2024,5,0.5646131634712219
p1728,p1744,1,0.9627241492271423
p1728,p1747,2,0.9506018161773682
p1728,p1412,3,0.9396339654922485
p1728,p1730,4,0.9335435628890991
p1728,p1663,5,0.899991512298584
p1729,p1741,1,0.5901756882667542
p1729,p0779,2,0.4707428812980652
p1729,p0515,3,0.4271674156188965
p1729,p1736,4,0.38228774070739746
p1729,p1757,5,0.38044440746307373
p1730,p1728,1,0.9335435628890991
p1730,p1744,2,0.9054503440856934
p1730,p1747,3,0.9031550884246826
p1730,p1314,4,0.873519241809845
p1730,p1412,5,0.8501370549201965
p1731,p1732,1,0.7464901804924011
p1731,p2018,2,0.7384240627288818
p1731,p2020,3,0.620114803314209
p1731,p1026,4,0.6040869951248169
p1731,p0658,5,0.5962147116661072
p1732,p1731,1,0.7464901804924011
p1732,p2018,2,0.7109857201576233
p1732,p1764,3,0.5353775024414062
p1732,p1753,4,0.5329445004463196
p1732,p0545,5,0.5025319457054138
p1733,p2021,1,0.9832438826560974
p1733,p1737,2,0.9666815400123596
p1733,p1708,3,0.9466885328292847
p1733,p1420,4,0.9447546601295471
p1733,p1754,5,0.9429557919502258
p1734,p1738,1,0.742334246635437
p1734,p2022,2,0.7216703295707703
p1734,p0505,3,0.6556115746498108
p1734,p1746,4,0.6115458011627197
p1734,p1755,5,0.5953721404075623
p1735,p1756,1,0.9168359637260437
p1735,p1737,2,0.9128414988517761
p1735,p1708,3,0.900475025177002
p1735,p2023,4,0.8940903544425964
p1735,p1733,5,0.8917940855026245
p1736,p0537,1,0.5628305077552795
p1736,p1856,2,0.5232939720153809
p1736,p1751,3,0.4949733018875122
p1736,p1727,4,0.431993305683136
p1736,p1762,5,0.4202144742012024
p1737,p1708,1,0.9821823239326477
p1737,p1733,2,0.9666815400123596
p1737,p1750,3,0.9664402604103088
p1737,p2021,4,0.9651007652282715
p1737,p1754,5,0.9530446529388428
p1738,p1734,1,0.742334246635437
p1738,p2022,2,0.7052527666091919
p1738,p1755,3,0.6114887595176697
p1738,p2024,4,0.6078011393547058
p1738,p1741,5,0.6063324809074402
p1739,p1742,1,0.97404944896698
p1739,p1475,2,0.9507606625556946
p1739,p2019,3,0.9486376047134399
p1739,p1420,4,0.8976094722747803
p1739,p2023,5,0.8976023197174072
p1740,p1756,1,0.8429537415504456
p1740,p1735,2,0.814444363117218
p1740,p1750,3,0.7612508535385132
p1740,p1728,4,0.7550182342529297
p1740,p1708,5,0.7542279958724976
p1741,p1738,1,0.6063324809074402
p1741,p1729,2,0.5901756882667542
p1741,p2024,3,0.5740275382995605
p1741,p1727,4,0.5458702445030212
p1741,p1406,5,0.5372655987739563
p1742,p2019,1,0.9758532643318176
p1742,p1739,2,0.97404944896698
p1742,p1475,3,0.956143319606781
p1742,p1420,4,0.8861019015312195
p1742,p1412,5,0.8843989372253418
p1743,p0547,1,0.43956685066223145
p1743,p1749,2,0.41916584968566895
p1743,p0519,3,0.4003462791442871
p1743,p1746,4,0.39652353525161743
p1743,p1727,5,0.38160115480422974
p1744,p1747,1,0.9717594385147095
p1744,p1728,2,0.9627241492271423
p1744,p1412,3,0.9422098994255066
p1744,p1733,4,0.9313183426856995
p1744,p2021,5,0.9216619729995728
p1745,p1764,1,0.5375160574913025
p1745,p1751,2,0.48239052295684814
p1745,p0538,3,0.47615039348602295
p1745,p1707,4,0.45684099197387695
p1745,p1727,5,0.40837013721466064
p1746,p1723,1,0.687578022480011
p1746,p0946,2,0.6490015983581543
p1746,p1036,3,0.6330622434616089
p1746,p1750,4,0.6312984228134155
p1746,p1028,5,0.6306791305541992
p1747,p1744,1,0.9717594385147095
p1747,p1728,2,0.9506018161773682
p1747,p1412,3,0.9126592874526978
p1747,p1730,4,0.9031550884246826
p1747,p1733,5,0.893542468547821
p1748,p1490,1,0.9999909400939941
p1748,p1892,2,0.5017235279083252
p1748,p2018,3,0.4394497871398926
p1748,p1732,4,0.4021725058555603
p1748,p1731,5,0.385570764541626
p1749,p0540,1,0.5996289253234863
p1749,p1746,2,0.49344968795776367
p1749,p1406,3,0.4603174924850464
p1749,p1707,4,0.444985568523407
p1749,p1840,5,0.4363701343536377
p1750,p1737,1,0.9664402604103088
p1750,p1754,2,0.9525222778320312
p1750,p1708,3,0.9501085877418518
p1750,p1733,4,0.9377217888832092
p1750,p2021,5,0.9246904850006104
p1751,p1727,1,0.6506348252296448
p1751,p1837,2,0.6484073996543884
p1751,p1849,3,0.592628538608551
p1751,p1764,4,0.5400246381759644
p1751,p1835,5,0.5306254029273987
p1752,p1765,1,0.9521767497062683
p1752,p1733,2,0.8536731004714966
p1752,p2021,3,0.8441011905670166
p1752,p1754,4,0.8392629623413086
p1752,p1434,5,0.8361148238182068
p1753,p2018,1,0.6862615346908569
p1753,p2025,2,0.6015650033950806
p1753,p1732,3,0.5329445004463196
p1753,p2031,4,0.5198190212249756
p1753,p1731,5,0.4995824694633484
p1754,p2021,1,0.9582918286323547
p1754,p1708,2,0.9572466611862183
p1754,p1737,3,0.9530446529388428
p1754,p1750,4,0.9525222778320312
p1754,p1733,5,0.9429557919502258
p1755,p2022,1,0.7145107388496399
p1755,p1738,2,0.6114887595176697
p1755,p2024,3,0.5990651249885559
p1755,p1734,4,0.5953721404075623
p1755,p0543,5,0.5821341872215271
p1756,p1735,1,0.9168359637260437
p1756,p1733,2,0.9123297929763794
p1756,p2021,3,0.8862101435661316
p1756,p1737,4,0.8837258219718933
p1756,p2023,5,0.873171329498291
p1757,p1762,1,0.7174449563026428
p1757,p1751,2,0.5210890173912048
p1757,p1163,3,0.5152830481529236
p1757,p1292,4,0.5128369331359863
p1757,p0544,5,0.4804770350456238
p1758,p1761,1,0.946348249912262
p1758,p1491,2,0.9186198711395264
p1758,p1998,3,0.8624676465988159
p1758,p1519,4,0.8400021195411682
p1758,p1561,5,0.8335613012313843
p1759,p1727,1,0.6192550659179688
p1759,p0549,2,0.5263848900794983
p1759,p1760,3,0.44083845615386963
p1759,p1736,4,0.3957829475402832
p1759,p0514,5,0.39173567295074463
p1760,p1727,1,0.505692720413208
p1760,p0550,2,0.46688520908355713
p1760,p1751,3,0.44311463832855225
p1760,p1759,4,0.44083845615386963
p1760,p1837,5,0.437703013420105
p1761,p1758,1,0.946348249912262
p1761,p1491,2,0.9206752181053162
p1761,p1998,3,0.8609381318092346
p1761,p1282,4,0.850212812423706
p1761,p1561,5,0.8473713397979736
p1762,p1757,1,0.7174449563026428
p1762,p1163,2,0.5888427495956421
p1762,p1292,3,0.5797044634819031
p1762,p1662,4,0.5288799405097961
p1762,p1664,5,0.5263769626617432
p1763,p1295,1,0.9286915063858032
p1763,p1290,2,0.9208739995956421
p1763,p1293,3,0.8795789480209351
p1763,p1737,4,0.8638084530830383
p1763,p1274,5,0.8619675636291504
p1764,p1751,1,0.5400246381759644
p1764,p1745,2,0.5375160574913025
p1764,p1727,3,0.5360093116760254
p1764,p1732,4,0.5353775024414062
p1764,p1723,5,0.51064133644104
p1765,p1752,1,0.9521767497062683
p1765,p1754,2,0.8728787302970886
p1765,p1708,3,0.864337146282196
p1765,p1750,4,0.8471322059631348
p1765,p1737,5,0.846498966217041
p1766,p1095,1,0.8368018269538879
p1766,p1096,2,0.766909658908844
p1766,p1784,3,0.7344940304756165
p1766,p1098,4,0.7273191213607788
p1766,p1097,5,0.7073973417282104
p1767,p1785,1,0.7751226425170898
p1767,p1795,2,0.6975876688957214
p1767,p1791,3,0.6924329996109009
p1767,p1799,4,0.669235348701477
p1767,p1769,5,0.6474697589874268
p1768,p1779,1,0.7035778760910034
p1768,p1792,2,0.6975048184394836
p1768,p1786,3,0.6382623314857483
p1768,p1783,4,0.637450098991394
p1768,p1703,5,0.6224633455276489
p1769,p1771,1,0.6895753741264343
p1769,p1791,2,0.6613332629203796
p1769,p1790,3,0.656947910785675
p1769,p1767,4,0.6474697589874268
p1769,p1799,5,0.6395284533500671
p1770,p0637,1,0.7166997194290161
p1770,p1441,2,0.5532722473144531
p1770,p1782,3,0.5503150820732117
p1770,p1766,4,0.5257182121276855
p1770,p1784,5,0.5150338411331177
p1771,p1632,1,0.7332612872123718
p1771,p1113,2,0.7051792144775391
p1771,p1769,3,0.6895753741264343
p1771,p1792,4,0.657193124294281
p1771,p1784,5,0.6345903873443604
p1772,p1778,1,0.6935827732086182
p1772,p1107,2,0.6334433555603027
p1772,p1703,3,0.6152897477149963
p1772,p1126,4,0.580255389213562
p1772,p1508,5,0.5563550591468811
p1773,p0011,1,0.6242781281471252
p1773,p0006,2,0.6126588582992554
p1773,p0462,3,0.5636012554168701
p1773,p0014,4,0.5625468492507935
p1773,p1772,5,0.5490160584449768
p1774,p1769,1,0.6352398991584778
p1774,p1702,2,0.6194251179695129
p1774,p1632,3,0.5978018045425415
p1774,p1795,4,0.5964474678039551
p1774,p2040,5,0.5945557951927185
p1775,p1789,1,0.5212129354476929
p1775,p1776,2,0.511768639087677
p1775,p2039,3,0.40249502658843994
p1775,p1766,4,0.39712440967559814
p1775,p1437,5,0.3834264278411865
p1776,p1789,1,0.6933240294456482
p1776,p0989,2,0.6224494576454163
p1776,p2039,3,0.6131218671798706
p1776,p1124,4,0.6007643938064575
p1776,p1769,5,0.5913740992546082
p1777,p1992,1,0.7253327965736389
p1777,p1783,2,0.5636093616485596
p1777,p1656,3,0.5196020007133484
p1777,p2046,4,0.512787401676178
p1777,p0035,5,0.5112254023551941
p1778,p1772,1,0.6935827732086182
p1778,p1107,2,0.5963050723075867
p1778,p1126,3,0.5806767344474792
p1778,p1703,4,0.5256072878837585
p1778,p1135,5,0.5234704613685608
p1779,p1768,1,0.7035778760910034
p1779,p1792,2,0.630939245223999
p1779,p1127,3,0.6241785883903503
p1779,p1786,4,0.6208305358886719
p1779,p1790,5,0.6091450452804565
p1780,p1783,1,0.6233558654785156
p1780,p1800,2,0.617653489112854
p1780,p1414,3,0.5855494737625122
p1780,p1413,4,0.5598758459091187
p1780,p1658,5,0.5482543110847473
p1781,p1798,1,0.7186209559440613
p1781,p1679,2,0.6495934724807739
p1781,p1130,3,0.5967824459075928
p1781,p1703,4,0.5913459062576294
p1781,p0999,5,0.5817426443099976
p1782,p0641,1,0.7456695437431335
p1782,p1634,2,0.7249534130096436
p1782,p1797,3,0.6435959339141846
p1782,p1439,4,0.6427804827690125
p1782,p1635,5,0.5829696655273438
p1783,p1095,1,0.7403873205184937
p1783,p1096,2,0.6999467015266418
p1783,p1766,3,0.6892725825309753
p1783,p1703,4,0.6756572127342224
p1783,p1098,5,0.6728796362876892
p1784,p1629,1,0.7513344287872314
p1784,p1766,2,0.7344940304756165
p1784,p1441,3,0.6989368796348572
p1784,p1439,4,0.6835885047912598
p1784,p1703,5,0.6825194358825684
p1785,p1767,1,0.7751226425170898
p1785,p1799,2,0.6171321868896484
p1785,p1800,3,0.6151378750801086
p1785,p1791,4,0.6103310585021973
p1785,p1795,5,0.6014630794525146
p1786,p1619,1,0.7019919753074646
p1786,p1570,2,0.6505868434906006
p1786,p1610,3,0.6505848169326782
p1786,p1611,4,0.6418625712394714
p1786,p1768,5,0.6382623314857483
p1787,p2005,1,0.5716304183006287
p1787,p1886,2,0.5683765411376953
p1787,p2004,3,0.5553721189498901
p1787,p1980,4,0.5531427264213562
p1787,p1632,5,0.5329668521881104
p1788,p1633,1,0.9989259243011475
p1788,p1608,2,0.64696204662323
p1788,p1611,3,0.6375721096992493
p1788,p1604,4,0.6344687342643738
p1788,p1399,5,0.6241741180419922
p1789,p1776,1,0.6933240294456482
p1789,p1244,2,0.6551802754402161
p1789,p1767,3,0.5688253045082092
p1789,p1769,4,0.5668382048606873
p1789,p1121,5,0.5381051898002625
p1790,p1769,1,0.656947910785675
p1790,p1799,2,0.6547746062278748
p1790,p1795,3,0.6303715109825134
p1790,p1791,4,0.6232190132141113
p1790,p1768,5,0.6186646819114685
p1791,p1795,1,0.7799054980278015
p1791,p1767,2,0.6924329996109009
p1791,p1769,3,0.6613332629203796
p1791,p1792,4,0.6365762948989868
p1791,p1790,5,0.6232190132141113
p1792,p1135,1,0.767023503780365
p1792,p1768,2,0.6975048184394836
p1792,p1771,3,0.657193124294281
p1792,p1791,4,0.6365762948989868
p1792,p1632,5,0.6351996660232544
p1793,p1136,1,0.5988426208496094
p1793,p1768,2,0.5915895104408264
p1793,p1799,3,0.5775980949401855
p1793,p1629,4,0.5154001712799072
p1793,p1791,5,0.5111381411552429
p1794,p1561,1,0.9788885116577148
p1794,p1282,2,0.9758175611495972
p1794,p1519,3,0.9287338256835938
p1794,p1524,4,0.8940795063972473
p1794,p1991,5,0.8675450682640076
p1795,p1791,1,0.7799054980278015
p1795,p1767,2,0.6975876688957214
p1795,p1790,3,0.6303715109825134
p1795,p1703,4,0.6091451048851013
p1795,p1785,5,0.6014630794525146
p1796,p0657,1,0.6585593223571777
p1796,p1574,2,0.5884785056114197
p1796,p1138,3,0.5855735540390015
p1796,p1703,4,0.5198273658752441
p1796,p1798,5,0.47857069969177246
p1797,p1635,1,0.7770224213600159
p1797,p1782,2,0.6435959339141846
p1797,p1783,3,0.6297727227210999
p1797,p1508,4,0.6285370588302612
p1797,p1439,5,0.6124188899993896
p1798,p1781,1,0.7186209559440613
p1798,p1799,2,0.6413413882255554
p1798,p1703,3,0.6186650991439819
p1798,p1767,4,0.61665940284729
p1798,p1679,5,0.5988056063652039
p1799,p1767,1,0.669235348701477
p1799,p1790,2,0.6547746062278748
p1799,p1798,3,0.6413413882255554
p1799,p1769,4,0.6395284533500671
p1799,p1791,5,0.6212805509567261
p1800,p1780,1,0.617653489112854
p1800,p1785,2,0.6151378750801086
p1800,p1767,3,0.5774532556533813
p1800,p1799,4,0.5765693187713623
p1800,p1658,5,0.5531876683235168
p1801,p1142,1,0.6027524471282959
p1801,p1774,2,0.5436253547668457
p1801,p1791,3,0.518261194229126
p1801,p1795,4,0.5157862305641174
p1801,p1792,5,0.5033313035964966
p1802,p1101,1,0.9787787199020386
p1802,p1102,2,0.9074795842170715
p1802,p1099,3,0.7364826798439026
p1802,p0705,4,0.721727728843689
p1802,p1205,5,0.705255389213562
p1803,p1804,1,0.9881208539009094
p1803,p1461,2,0.835043728351593
p1803,p2041,3,0.8328794240951538
p1803,p1462,4,0.8217057585716248
p1803,p2042,5,0.8192106485366821
p1804,p1803,1,0.9881208539009094
p1804,p1462,2,0.8412215113639832
p1804,p2042,3,0.8393179774284363
p1804,p1461,4,0.8286070227622986
p1804,p2041,5,0.8246001601219177
p1805,p1396,1,0.5170469880104065
p1805,p1559,2,0.5014804005622864
p1805,p1397,3,0.4991804361343384
p1805,p1911,4,0.49071335792541504
p1805,p0232,5,0.4793868660926819
p1806,p0068,1,0.5203251242637634
p1806,p1866,2,0.4874558448791504
p1806,p1873,3,0.48298966884613037
p1806,p1881,4,0.461852490901947
p1806,p1883,5,0.4582725167274475
p1807,p1498,1,0.7801669239997864
p1807,p1242,2,0.769986629486084
p1807,p1497,3,0.7694597244262695
p1807,p1598,4,0.7271487712860107
p1807,p2013,5,0.7127841711044312
p1808,p0462,1,0.6000041961669922
p1808,p0468,2,0.5860292911529541
p1808,p1809,3,0.5834193825721741
p1808,p0006,4,0.5790329575538635
p1808,p0467,5,0.5690935850143433
p1809,p1834,1,0.599136471748352
p1809,p1808,2,0.5834193825721741
p1809,p1886,3,0.5827504992485046
p1809,p2032,4,0.5621451735496521
p1809,p0462,5,0.5473199486732483
p1810,p1811,1,0.606718897819519
p1810,p1255,2,0.5963420271873474
p1810,p0591,3,0.5724877715110779
p1810,p0578,4,0.5141477584838867
p1810,p1257,5,0.5124554634094238
p1811,p1810,1,0.606718897819519
p1811,p1812,2,0.5743075013160706
p1811,p0591,3,0.5689297318458557
p1811,p1257,4,0.5682357549667358
p1811,p1255,5,0.566074013710022
p1812,p1811,1,0.5743075013160706
p1812,p1810,2,0.4756062626838684
p1812,p1932,3,0.4734051823616028
p1812,p1255,4,0.4652228355407715
p1812,p0591,5,0.44994890689849854
p1813,p0593,1,0.5818870663642883
p1813,p1257,2,0.5662040114402771
p1813,p1811,3,0.5117231011390686
p1813,p1847,4,0.4757876396179199
p1813,p0583,5,0.4703490734100342
p1814,p1817,1,0.7067588567733765
p1814,p0878,2,0.6660405993461609
p1814,p1816,3,0.5848768353462219
p1814,p0876,4,0.5779487490653992
p1814,p1818,5,0.5727960467338562
p1815,p1602,1,0.6683536767959595
p1815,p1394,2,0.6456852555274963
p1815,p0877,3,0.6444827914237976
p1815,p1571,4,0.6409015655517578
p1815,p1396,5,0.6346223950386047
p1816,p1815,1,0.622602105140686
p1816,p1604,2,0.6080766320228577
p1816,p0881,3,0.6077902317047119
p1816,p1571,4,0.5921817421913147
p1816,p0877,5,0.590129554271698
p1817,p1814,1,0.7067588567733765
p1817,p0878,2,0.6237714886665344
p1817,p1816,3,0.5096067786216736
p1817,p1989,4,0.5089519619941711
p1817,p2010,5,0.5085141062736511
p1818,p0980,1,0.6716457605361938
p1818,p1573,2,0.6311252117156982
p1818,p1578,3,0.6273990869522095
p1818,p0864,4,0.6140105128288269
p1818,p1693,5,0.6133264303207397
p1819,p1676,1,0.5948494672775269
p1819,p1905,2,0.5087176561355591
p1819,p1538,3,0.5060227513313293
p1819,p0876,4,0.49908751249313354
p1819,p0883,5,0.497048556804657
p1820,p0885,1,0.5642003417015076
p1820,p1474,2,0.49971234798431396
p1820,p0533,3,0.4834398031234741
p1820,p1655,4,0.454770565032959
p1820,p1690,5,0.43456190824508667
p1821,p1653,1,0.5183051228523254
p1821,p0886,2,0.5111656785011292
p1821,p1403,3,0.5111595988273621
p1821,p0505,4,0.49114763736724854
p1821,p1405,5,0.483253538608551
p1822,p0887,1,0.648139238357544
p1822,p1801,2,0.4263390302658081
p1822,p1814,3,0.41304826736450195
p1822,p0882,4,0.41144341230392456
p1822,p1824,5,0.409915566444397
p1823,p0888,1,0.7201673984527588
p1823,p1541,2,0.5869030356407166
p1823,p1986,3,0.5370197892189026
p1823,p1252,4,0.4878438711166382
p1823,p1988,5,0.4841601252555847
p1824,p0864,1,0.5135065317153931
p1824,p2058,2,0.4968816041946411
p1824,p1814,3,0.48683786392211914
p1824,p1829,4,0.48462510108947754
p1824,p0893,5,0.4828526973724365
p1825,p2004,1,0.6102373003959656
p1825,p1565,2,0.598560094833374
p1825,p0890,3,0.5848680734634399
p1825,p1254,4,0.5552265644073486
p1825,p1835,5,0.5483444929122925
p1826,p1974,1,0.4796849489212036
p1826,p1901,2,0.4465416669845581
p1826,p1989,3,0.43246710300445557
p1826,p1829,4,0.4258354902267456
p1826,p1987,5,0.42121171951293945
p1827,p0451,1,0.615943193435669
p1827,p0079,2,0.52413409948349
p1827,p0492,3,0.5022684931755066
p1827,p0072,4,0.4393654465675354
p1827,p0408,5,0.42600327730178833
p1828,p0892,1,0.7494659423828125
p1828,p1516,2,0.6692000031471252
p1828,p1943,3,0.6666764616966248
p1828,p1541,4,0.6346973180770874
p1828,p1521,5,0.6216076612472534
p1829,p1932,1,0.535477876663208
p1829,p0893,2,0.5188621878623962
p1829,p1254,3,0.5060427188873291
p1829,p1811,4,0.49450886249542236
p1829,p1824,5,0.48462510108947754
p1830,p0741,1,0.8368710875511169
p1830,p1901,2,0.5038877725601196
p1830,p0972,3,0.49906671047210693
p1830,p1181,4,0.4980553388595581
p1830,p1004,5,0.4942208528518677
p1831,p1832,1,0.7721676230430603
p1831,p1402,2,0.7225781679153442
p1831,p1309,3,0.6940668821334839
p1831,p1497,4,0.6924415230751038
p1831,p1498,5,0.6880717277526855
p1832,p1831,1,0.7721676230430603
p1832,p1402,2,0.6672378182411194
p1832,p1309,3,0.5949759483337402
p1832,p1497,4,0.5864556431770325
p1832,p1513,5,0.586307942867279
p1833,p1837,1,0.6833369135856628
p1833,p1835,2,0.5932113528251648
p1833,p1089,3,0.5701130628585815
p1833,p1841,4,0.5572350025177002
p1833,p1320,5,0.5504245162010193
p1834,p1809,1,0.599136471748352
p1834,p1090,2,0.5554363131523132
p1834,p1244,3,0.48556816577911377
p1834,p1837,4,0.4836609363555908
p1834,p1437,5,0.46215879917144775
p1835,p1662,1,0.6800498962402344
p1835,p1837,2,0.6061424016952515
p1835,p1320,3,0.6048818230628967
p1835,p1086,4,0.600709855556488
p1835,p1833,5,0.5932113528251648
p1836,p1314,1,0.9109320640563965
p1836,p1744,2,0.847074031829834
p1836,p1728,3,0.8373657464981079
p1836,p1475,4,0.8332968950271606
p1836,p1747,5,0.8271631598472595
p1837,p1833,1,0.6833369135856628
p1837,p1751,2,0.6484073996543884
p1837,p1858,3,0.640427827835083
p1837,p1727,4,0.6198341250419617
p1837,p1841,5,0.6145130395889282
p1838,p1712,1,0.9178694486618042
p1838,p1710,2,0.8849911093711853
p1838,p1848,3,0.8845828175544739
p1838,p1706,4,0.8841441869735718
p1838,p1665,5,0.8708434104919434
p1839,p1835,1,0.484308660030365
p1839,p1091,2,0.4822661876678467
p1839,p1841,3,0.4747336506843567
p1839,p1837,4,0.4667660593986511
p1839,p1833,5,0.4539080858230591
p1840,p1663,1,0.7248599529266357
p1840,p1750,2,0.6746784448623657
p1840,p1708,3,0.670205295085907
p1840,p1754,4,0.6644676327705383
p1840,p1733,5,0.6581020951271057
p1841,p1852,1,0.7268025279045105
p1841,p1837,2,0.6145130395889282
p1841,p1833,3,0.5572350025177002
p1841,p1855,4,0.5555373430252075
p1841,p1718,5,0.5258280634880066
p1842,p1851,1,0.9854309558868408
p1842,p1844,2,0.9816635251045227
p1842,p1857,3,0.9605635404586792
p1842,p1708,4,0.918785572052002
p1842,p1846,5,0.9108478426933289
p1843,p1835,1,0.44031888246536255
p1843,p1856,2,0.43975281715393066
p1843,p1086,3,0.43063366413116455
p1843,p1736,4,0.4070783257484436
p1843,p1159,5,0.396891713142395
p1844,p1842,1,0.9816635251045227
p1844,p1857,2,0.9651026725769043
p1844,p1851,3,0.9609922170639038
p1844,p1737,4,0.9311231970787048
p1844,p1708,5,0.9229271411895752
p1845,p1664,1,0.6105491518974304
p1845,p1320,2,0.5414472222328186
p1845,p1662,3,0.5193644165992737
p1845,p1316,4,0.5000404715538025
p1845,p1312,5,0.49361658096313477
p1846,p1851,1,0.9181067943572998
p1846,p1842,2,0.9108478426933289
p1846,p1853,3,0.8975046277046204
p1846,p1844,4,0.8922528028488159
p1846,p1857,5,0.8887279033660889
p1847,p1148,1,0.719455897808075
p1847,p1859,2,0.6351556777954102
p1847,p1662,3,0.54917311668396
p1847,p1320,4,0.5155562162399292
p1847,p1328,5,0.5115456581115723
p1848,p1267,1,0.9491432309150696
p1848,p1299,2,0.9441455602645874
p1848,p1592,3,0.9026768207550049
p1848,p1285,4,0.8869583606719971
p1848,p1265,5,0.8856151700019836
p1849,p1751,1,0.592628538608551
p1849,p1837,2,0.581061065196991
p1849,p1727,3,0.522266149520874
p1849,p1858,4,0.5080703496932983
p1849,p1832,5,0.42179298400878906
p1850,p1076,1,0.5967832207679749
p1850,p1330,2,0.45631301403045654
p1850,p1709,3,0.43909752368927
p1850,p1313,4,0.43514347076416016
p1850,p1312,5,0.4068451523780823
p1851,p1842,1,0.9854309558868408
p1851,p1844,2,0.9609922170639038
p1851,p1857,3,0.9567228555679321
p1851,p1846,4,0.9181067943572998
p1851,p1853,5,0.8976700305938721
p1852,p1841,1,0.7268025279045105
p1852,p1855,2,0.5880550742149353
p1852,p1718,3,0.543632447719574
p1852,p1312,4,0.5314515829086304
p1852,p1320,5,0.5282226800918579
p1853,p1857,1,0.9141901135444641
p1853,p1844,2,0.9110620617866516
p1853,p1842,3,0.9025306701660156
p1853,p1851,4,0.8976700305938721
p1853,p1846,5,0.8975046277046204
p1854,p1330,1,0.7735467553138733
p1854,p1715,2,0.6800870299339294
p1854,p1711,3,0.6333725452423096
p1854,p1718,4,0.6140998005867004
p1854,p1716,5,0.605776846408844
p1855,p1093,1,0.6038606762886047
p1855,p1852,2,0.5880550742149353
p1855,p1841,3,0.5555373430252075
p1855,p1312,4,0.525739848613739
p1855,p1089,5,0.5248827338218689
p1856,p1736,1,0.5232939720153809
p1856,p1664,2,0.462361216545105
p1856,p1094,3,0.44533491134643555
p1856,p1843,4,0.43975281715393066
p1856,p1757,5,0.3967136740684509
p1857,p1844,1,0.9651026725769043
p1857,p1842,2,0.9605635404586792
p1857,p1851,3,0.9567228555679321
p1857,p1853,4,0.9141901135444641
p1857,p1733,5,0.9013587832450867
p1858,p1837,1,0.640427827835083
p1858,p1833,2,0.5445449948310852
p1858,p1832,3,0.5247782468795776
p1858,p1849,4,0.5080703496932983
p1858,p1751,5,0.45725929737091064
p1859,p1150,1,0.7427316904067993
p1859,p1847,2,0.6351556777954102
p1859,p1148,3,0.6172075271606445
p1859,p1158,4,0.598601222038269
p1859,p1662,5,0.5076996684074402
p1860,p1717,1,0.8529975414276123
p1860,p1434,2,0.8126823902130127
p1860,p1846,3,0.808287501335144
p1860,p1418,4,0.7933239936828613
p1860,p1752,5,0.7851848602294922
p1861,p0253,1,0.7049663066864014
p1861,p0112,2,0.683814287185669
p1861,p0332,3,0.6795920133590698
p1861,p1111,4,0.6610903739929199
p1861,p0107,5,0.6588059067726135
p1862,p1866,1,0.6961771845817566
p1862,p1863,2,0.6825743317604065
p1862,p1868,3,0.6544996500015259
p1862,p1869,4,0.5980242490768433
p1862,p1864,5,0.5976343154907227
p1863,p1862,1,0.6825743317604065
p1863,p1866,2,0.6521567106246948
p1863,p1864,3,0.6422843933105469
p1863,p1869,4,0.5952427387237549
p1863,p1868,5,0.5870357751846313
p1864,p1869,1,0.6740022897720337
p1864,p1863,2,0.6422843933105469
p1864,p1866,3,0.6338188052177429
p1864,p1868,4,0.6043637990951538
p1864,p1883,5,0.5993275046348572
p1865,p1866,1,0.6253080368041992
p1865,p1868,2,0.5973413586616516
p1865,p1869,3,0.5841519236564636
p1865,p1862,4,0.5486510396003723
p1865,p1867,5,0.5483630299568176
p1866,p1862,1,0.6961771845817566
p1866,p1863,2,0.6521567106246948
p1866,p1864,3,0.6338188052177429
p1866,p1865,4,0.6253080368041992
p1866,p1868,5,0.6077735424041748
p1867,p1869,1,0.6292212009429932
p1867,p1868,2,0.6022961139678955
p1867,p1864,3,0.5632190704345703
p1867,p1865,4,0.5483630299568176
p1867,p1862,5,0.5323634743690491
p1868,p1869,1,0.7689270973205566
p1868,p1862,2,0.6544996500015259
p1868,p1866,3,0.6077735424041748
p1868,p1864,4,0.6043637990951538
p1868,p1867,5,0.6022961139678955
p1869,p1868,1,0.7689270973205566
p1869,p1864,2,0.6740022897720337
p1869,p1867,3,0.6292212009429932
p1869,p1866,4,0.6039429306983948
p1869,p1862,5,0.5980242490768433
p1870,p1876,1,0.47779619693756104
p1870,p1877,2,0.47329866886138916
p1870,p1884,3,0.460027813911438
p1870,p1879,4,0.44903886318206787
p1870,p1336,5,0.42078685760498047
p1871,p1880,1,0.38904786109924316
p1871,p1877,2,0.3876992464065552
p1871,p1873,3,0.3573181629180908
p1871,p1885,4,0.35044336318969727
p1871,p1874,5,0.3170434832572937
p1872,p1937,1,0.5548287034034729
p1872,p1882,2,0.516301691532135
p1872,p1875,3,0.4967012405395508
p1872,p1874,4,0.4726365804672241
p1872,p1877,5,0.45398473739624023
p1873,p1881,1,0.5219621658325195
p1873,p1876,2,0.5105525851249695
p1873,p1874,3,0.4949758052825928
p1873,p1882,4,0.4873691201210022
p1873,p1806,5,0.48298966884613037
p1874,p1882,1,0.6476500630378723
p1874,p1875,2,0.6051170229911804
p1874,p1885,3,0.5403320789337158
p1874,p1881,4,0.5287355184555054
p1874,p1873,5,0.4949758052825928
p1875,p1882,1,0.6119030117988586
p1875,p1874,2,0.6051170229911804
p1875,p0068,3,0.5649095177650452
p1875,p1862,4,0.5101938843727112
p1875,p1885,5,0.5029955506324768
p1876,p1873,1,0.5105525851249695
p1876,p1879,2,0.4811108112335205
p1876,p1870,3,0.47779619693756104
p1876,p1865,4,0.45034265518188477
p1876,p1884,5,0.44104576110839844
p1877,p1884,1,0.48717451095581055
p1877,p1870,2,0.47329866886138916
p1877,p1872,3,0.45398473739624023
p1877,p1871,4,0.3876992464065552
p1877,p1879,5,0.3669998049736023
p1878,p1883,1,0.5338615775108337
p1878,p1875,2,0.4386787414550781
p1878,p1868,3,0.43602514266967773
p1878,p1864,4,0.42855513095855713
p1878,p1869,5,0.4208715558052063
p1879,p1884,1,0.5408085584640503
p1879,p1876,2,0.4811108112335205
p1879,p1870,3,0.44903886318206787
p1879,p1873,4,0.40937870740890503
p1879,p1865,5,0.38012707233428955
p1880,p1881,1,0.4812108278274536
p1880,p1873,2,0.4430903196334839
p1880,p1885,3,0.410300612449646
p1880,p1874,4,0.4091681241989136
p1880,p1871,5,0.38904786109924316
p1881,p1882,1,0.5350685119628906
p1881,p1874,2,0.5287355184555054
p1881,p1873,3,0.5219621658325195
p1881,p1880,4,0.4812108278274536
p1881,p1875,5,0.4697202444076538
p1882,p1874,1,0.6476500630378723
p1882,p1875,2,0.6119030117988586
p1882,p0068,3,0.5407336950302124
p1882,p1885,4,0.5403633713722229
p1882,p1881,5,0.5350685119628906
p1883,p1864,1,0.5993275046348572
p1883,p1868,2,0.5921172499656677
p1883,p1869,3,0.581856369972229
p1883,p1878,4,0.5338615775108337
p1883,p1865,5,0.5148304104804993
p1884,p1879,1,0.5408085584640503
p1884,p1877,2,0.48717451095581055
p1884,p1870,3,0.460027813911438
p1884,p1876,4,0.44104576110839844
p1884,p0469,5,0.3810617923736572
p1885,p1882,1,0.5403633713722229
p1885,p1874,2,0.5403320789337158
p1885,p1875,3,0.5029955506324768
p1885,p1883,4,0.4649028778076172
p1885,p1872,5,0.43593668937683105
p1886,p1809,1,0.5827504992485046
p1886,p1787,2,0.5683765411376953
p1886,p0467,3,0.5249561667442322
p1886,p0462,4,0.5161275267601013
p1886,p1808,5,0.49954116344451904
p1887,p1863,1,0.45443832874298096
p1887,p1862,2,0.42104339599609375
p1887,p1868,3,0.4051220417022705
p1887,p1866,4,0.39892280101776123
p1887,p1865,5,0.3944457173347473
p1888,p1866,1,0.4820166826248169
p1888,p1863,2,0.42381906509399414
p1888,p1864,3,0.3801857829093933
p1888,p1865,4,0.3694422245025635
p1888,p0470,5,0.36416101455688477
p1889,p1637,1,0.6345159411430359
p1889,p0743,2,0.6280913352966309
p1889,p0727,3,0.6149430274963379
p1889,p0704,4,0.6091365814208984
p1889,p1891,5,0.5910804271697998
p1890,p1174,1,0.7623832821846008
p1890,p1891,2,0.698214590549469
p1890,p1051,3,0.6286066770553589
p1890,p1035,4,0.6101816892623901
p1890,p1487,5,0.5799844861030579
p1891,p1174,1,0.7595242261886597
p1891,p1890,2,0.698214590549469
p1891,p1051,3,0.6974595785140991
p1891,p1898,4,0.6781968474388123
p1891,p1487,5,0.6241542100906372
p1892,p1996,1,0.5725406408309937
p1892,p1260,2,0.5587517023086548
p1892,p1490,3,0.5018877983093262
p1892,p1748,4,0.5017235279083252
p1892,p1468,5,0.49461615085601807
p1893,p1448,1,0.5727635622024536
p1893,p1903,2,0.511515200138092
p1893,p1963,3,0.5112594366073608
p1893,p1174,4,0.49471110105514526
p1893,p1034,5,0.47792714834213257
p1894,p1557,1,0.9793223738670349
p1894,p1560,2,0.759585440158844
p1894,p0919,3,0.6723092198371887
p1894,p1637,4,0.6608301997184753
p1894,p0918,5,0.610917329788208
p1895,p1661,1,0.8590211272239685
p1895,p2042,2,0.8251890540122986
p1895,p1462,3,0.8126600384712219
p1895,p2041,4,0.8125953078269958
p1895,p1461,5,0.8023427128791809
p1896,p1897,1,0.894267201423645
p1896,p1600,2,0.7621158361434937
p1896,p1674,3,0.7206805348396301
p1896,p2013,4,0.7001901268959045
p1896,p1666,5,0.6904000043869019
p1897,p1896,1,0.894267201423645
p1897,p1599,2,0.6586011052131653
p1897,p1674,3,0.6466529965400696
p1897,p1666,4,0.6437488198280334
p1897,p1600,5,0.6368456482887268
p1898,p1891,1,0.6781968474388123
p1898,p1174,2,0.578289270401001
p1898,p1890,3,0.5688037872314453
p1898,p1947,4,0.5474472045898438
p1898,p1921,5,0.5408279895782471
p1899,p1920,1,0.6116442680358887
p1899,p1909,2,0.5781698822975159
p1899,p0559,3,0.5684673190116882
p1899,p1251,4,0.5638959407806396
p1899,p0966,5,0.5599501729011536
p1900,p1198,1,0.75655198097229
p1900,p1917,2,0.6925565004348755
p1900,p1625,3,0.6809490919113159
p1900,p1681,4,0.6583845019340515
p1900,p1199,5,0.6432620286941528
p1901,p0967,1,0.5885978937149048
p1901,p1908,2,0.5744829177856445
p1901,p1989,3,0.5698210000991821
p1901,p1958,4,0.5648383498191833
p1901,p2010,5,0.5606654286384583
p1902,p1049,1,0.6526604890823364
p1902,p1945,2,0.551356852054596
p1902,p1630,3,0.5206648707389832
p1902,p2047,4,0.5087347626686096
p1902,p1944,5,0.5065053701400757
p1903,p1956,1,0.7156888246536255
p1903,p1034,2,0.663757860660553
p1903,p1958,3,0.6345489621162415
p1903,p0964,4,0.6168802380561829
p1903,p1924,5,0.5937287211418152
p1904,p1213,1,0.63509601354599
p1904,p1199,2,0.5930039286613464
p1904,p1908,3,0.5542887449264526
p1904,p1922,4,0.5358538627624512
p1904,p1693,5,0.517941415309906
p1905,p1941,1,0.6658628582954407
p1905,p1972,2,0.577397882938385
p1905,p1676,3,0.5707170963287354
p1905,p0896,4,0.56524658203125
p1905,p1958,5,0.5557428598403931
p1906,p0891,1,0.9367513656616211
p1906,p1202,2,0.6270744204521179
p1906,p1181,3,0.6111502051353455
p1906,p0646,4,0.6085476279258728
p1906,p0972,5,0.6064039468765259
p1907,p1908,1,0.639504611492157
p1907,p0891,2,0.5358583331108093
p1907,p1922,3,0.5357916951179504
p1907,p1930,4,0.4854441285133362
p1907,p1906,5,0.48024702072143555
p1908,p1930,1,0.689203679561615
p1908,p1199,2,0.6663963794708252
p1908,p1607,3,0.6450375914573669
p1908,p1907,4,0.639504611492157
p1908,p1926,5,0.638934314250946
p1909,p2008,1,0.6041904091835022
p1909,p0969,2,0.6014326810836792
p1909,p1251,3,0.5956254005432129
p1909,p1034,4,0.593328058719635
p1909,p1899,5,0.5781698822975159
p1910,p1908,1,0.56388258934021
p1910,p0970,2,0.5553635358810425
p1910,p1914,3,0.549419641494751
p1910,p1958,4,0.5463663935661316
p1910,p1445,5,0.5434125065803528
p1911,p1921,1,0.6961427330970764
p1911,p1173,2,0.5942789316177368
p1911,p1917,3,0.5820325016975403
p1911,p0691,4,0.5790323615074158
p1911,p0919,5,0.5782548785209656
p1912,p2010,1,0.6828287243843079
p1912,p0973,2,0.57112056016922
p1912,p1989,3,0.563471257686615
p1912,p1901,4,0.555436909198761
p1912,p0730,5,0.5387041568756104
p1913,p1054,1,0.6263081431388855
p1913,p1445,2,0.5402036309242249
p1913,p1914,3,0.5371105074882507
p1913,p1910,4,0.5248731970787048
p1913,p1949,5,0.44253456592559814
p1914,p1445,1,0.9910861849784851
p1914,p0765,2,0.8003420233726501
p1914,p1192,3,0.8003420233726501
p1914,p0721,4,0.6833467483520508
p1914,p1949,5,0.6132452487945557
p1915,p1055,1,0.6772074103355408
p1915,p0974,2,0.6502389311790466
p1915,p1173,3,0.5978823900222778
p1915,p0963,4,0.5497771501541138
p1915,p1891,5,0.5211668014526367
p1916,p1057,1,0.6119529008865356
p1916,p1908,2,0.534073531627655
p1916,p1976,3,0.5042749643325806
p1916,p1990,4,0.4896309971809387
p1916,p1035,5,0.48752039670944214
p1917,p1900,1,0.6925565004348755
p1917,p1638,2,0.6811802983283997
p1917,p1641,3,0.6754509806632996
p1917,p1637,4,0.6544880270957947
p1917,p1625,5,0.6302754878997803
p1918,p1990,1,0.6389120221138
p1918,p0788,2,0.6070994734764099
p1918,p1938,3,0.5879206657409668
p1918,p1956,4,0.5756070613861084
p1918,p1920,5,0.5724000930786133
p1919,p1540,1,0.8983528017997742
p1919,p2027,2,0.8792923092842102
p1919,p1471,3,0.845818042755127
p1919,p1412,4,0.8200453519821167
p1919,p1404,5,0.7869691252708435
p1920,p1958,1,0.6502887010574341
p1920,p1956,2,0.6366743445396423
p1920,p1899,3,0.6116442680358887
p1920,p1251,4,0.573630154132843
p1920,p1918,5,0.5724000930786133
p1921,p0971,1,0.7112306952476501
p1921,p0965,2,0.6988467574119568
p1921,p1911,3,0.6961427330970764
p1921,p1173,4,0.6549959778785706
p1921,p0691,5,0.6548879742622375
p1922,p1908,1,0.6266536712646484
p1922,p1607,2,0.5901898145675659
p1922,p1930,3,0.5867461562156677
p1922,p1199,4,0.5731423497200012
p1922,p1606,5,0.5564212203025818
p1923,p1607,1,0.6729131937026978
p1923,p1219,2,0.6031142473220825
p1923,p1606,3,0.5799272060394287
p1923,p1698,4,0.561952531337738
p1923,p1908,5,0.5535410642623901
p1924,p1034,1,0.7491964101791382
p1924,p1903,2,0.5937287211418152
p1924,p0682,3,0.5712799429893494
p1924,p0964,4,0.5342196226119995
p1924,p1909,5,0.5257630944252014
p1925,p0977,1,0.7282574772834778
p1925,p1035,2,0.6626373529434204
p1925,p1034,3,0.6496255397796631
p1925,p1590,4,0.6469355225563049
p1925,p1955,5,0.5813546776771545
p1926,p1199,1,0.6928794384002686
p1926,p1607,2,0.6662005186080933
p1926,p1908,3,0.638934314250946
p1926,p2040,4,0.6388329267501831
p1926,p1620,5,0.6055461168289185
p1927,p1976,1,0.6795241832733154
p1927,p0767,2,0.6736593246459961
p1927,p1977,3,0.6107447147369385
p1927,p1483,4,0.597758412361145
p1927,p1459,5,0.5924780964851379
p1928,p1062,1,0.6558442115783691
p1928,p1182,2,0.5702488422393799
p1928,p0917,3,0.5702488422393799
p1928,p0589,4,0.5507808923721313
p1928,p0559,5,0.5275859832763672
p1929,p1654,1,0.9116480350494385
p1929,p1998,2,0.8790714144706726
p1929,p1519,3,0.850054144859314
p1929,p1524,4,0.8439868688583374
p1929,p1282,5,0.8425498008728027
p1930,p1908,1,0.689203679561615
p1930,p1058,2,0.6857122778892517
p1930,p1607,3,0.5995586514472961
p1930,p1922,4,0.5867461562156677
p1930,p1034,5,0.5643389225006104
p1931,p0572,1,0.6586022973060608
p1931,p1246,2,0.568279504776001
p1931,p1247,3,0.5470093488693237
p1931,p1936,4,0.5445730686187744
p1931,p0577,5,0.5420734286308289
p1932,p1829,1,0.535477876663208
p1932,p1257,2,0.5013895630836487
p1932,p1812,3,0.4734051823616028
p1932,p1653,4,0.4711765646934509
p1932,p1811,5,0.4633581042289734
p1933,p1253,1,0.8807532787322998
p1933,p1261,2,0.8439328074455261
p1933,p0572,3,0.7647274136543274
p1933,p2027,4,0.7356539368629456
p1933,p1540,5,0.7330213189125061
p1934,p0576,1,0.4500467777252197
p1934,p1810,2,0.4388400912284851
p1934,p0734,3,0.43827009201049805
p1934,p1931,4,0.4018626809120178
p1934,p1935,5,0.39526820182800293
p1935,p1246,1,0.49567127227783203
p1935,p2006,2,0.47564512491226196
p1935,p1247,3,0.47535860538482666
p1935,p0654,4,0.46155738830566406
p1935,p1251,5,0.4577087163925171
p1936,p0579,1,0.5623843669891357
p1936,p1931,2,0.5445730686187744
p1936,p0572,3,0.4680171012878418
p1936,p0576,4,0.41694778203964233
p1936,p0577,5,0.40666598081588745
p1937,p0582,1,0.7292730212211609
p1937,p1872,2,0.5548287034034729
p1937,p1594,3,0.49656081199645996
p1937,p1931,4,0.4166783094406128
p1937,p1829,5,0.4142536520957947
p1938,p0788,1,0.6269886493682861
p1938,p1918,2,0.5879206657409668
p1938,p1903,3,0.5872401595115662
p1938,p1035,4,0.5846366286277771
p1938,p1958,5,0.5645409822463989
p1939,p1587,1,0.5961066484451294
p1939,p1476,2,0.5278941988945007
p1939,p1588,3,0.5088759660720825
p1939,p1543,4,0.47875165939331055
p1939,p0450,5,0.47518980503082275
p1940,p0677,1,0.7524573802947998
p1940,p1040,2,0.7323009371757507
p1940,p1610,3,0.6327922940254211
p1940,p1440,4,0.6144126057624817
p1940,p0918,5,0.6031627058982849
p1941,p1905,1,0.6658628582954407
p1941,p0896,2,0.6470884084701538
p1941,p1990,3,0.5157555937767029
p1941,p1534,4,0.49713265895843506
p1941,p0900,5,0.49442362785339355
p1942,p1187,1,0.533656656742096
p1942,p1534,2,0.4924931526184082
p1942,p1436,3,0.47783082723617554
p1942,p2009,4,0.46926939487457275
p1942,p1693,5,0.46721893548965454
p1943,p1828,1,0.6666764616966248
p1943,p0854,2,0.6001787185668945
p1943,p1521,3,0.5803165435791016
p1943,p0892,4,0.5720800161361694
p1943,p0856,5,0.5621098279953003
p1944,p1945,1,0.7586167454719543
p1944,p0855,2,0.6301997303962708
p1944,p1612,3,0.5280158519744873
p1944,p1911,4,0.5242720246315002
p1944,p1515,5,0.5196715593338013
p1945,p1944,1,0.7586167454719543
p1945,p0855,2,0.5708163976669312
p1945,p1911,3,0.5521275997161865
p1945,p1902,4,0.551356852054596
p1945,p0857,5,0.547502875328064
p1946,p1449,1,0.741489589214325
p1946,p1963,2,0.5224197506904602
p1946,p0713,3,0.47772812843322754
p1946,p1893,4,0.454478919506073
p1946,p1188,5,0.4441433548927307
p1947,p1950,1,0.6688157320022583
p1947,p1443,2,0.5584826469421387
p1947,p1189,3,0.5566592216491699
p1947,p1925,4,0.5543897151947021
p1947,p1174,5,0.5490063428878784
p1948,p1643,1,0.938045084476471
p1948,p1993,2,0.5706759095191956
p1948,p1239,3,0.5532975792884827
p1948,p1625,4,0.5044561624526978
p1948,p1455,5,0.49833977222442627
p1949,p1445,1,0.6140047907829285
p1949,p1914,2,0.6132452487945557
p1949,p1192,3,0.5955946445465088
p1949,p0765,4,0.5955946445465088
p1949,p1063,5,0.5776985883712769
p1950,p1454,1,0.7327287793159485
p1950,p0700,2,0.6812683939933777
p1950,p1947,3,0.6688157320022583
p1950,p1443,4,0.6054880023002625
p1950,p1612,5,0.6007209420204163
p1951,p0583,1,0.462624192237854
p1951,p1254,2,0.44910967350006104
p1951,p0580,3,0.43961602449417114
p1951,p1810,4,0.42133796215057373
p1951,p1298,5,0.41300392150878906
p1952,p0697,1,0.5394397974014282
p1952,p0500,2,0.5232478976249695
p1952,p1457,3,0.4937751293182373
p1952,p1240,4,0.49130749702453613
p1952,p1251,5,0.46771955490112305
p1953,p0036,1,0.6458115577697754
p1953,p0863,2,0.645351767539978
p1953,p0460,3,0.6309177279472351
p1953,p0864,4,0.6183789372444153
p1953,p1547,5,0.604314923286438
p1954,p1963,1,0.5565282702445984
p1954,p1989,2,0.4758719801902771
p1954,p1990,3,0.45249247550964355
p1954,p0728,4,0.4513891935348511
p1954,p1534,5,0.4490662217140198
p1955,p1647,1,0.7261627316474915
p1955,p0858,2,0.6833269596099854
p1955,p1970,3,0.6386235356330872
p1955,p1925,4,0.5813546776771545
p1955,p1195,5,0.5632107853889465
p1956,p1903,1,0.7156888246536255
p1956,p1958,2,0.7025148868560791
p1956,p1920,3,0.6366743445396423
p1956,p0788,4,0.6256259083747864
p1956,p0850,5,0.5999549627304077
p1957,p1959,1,0.8719165921211243
p1957,p1961,2,0.8171491026878357
p1957,p1489,3,0.7481902837753296
p1957,p1467,4,0.7304697632789612
p1957,p1971,5,0.7159140110015869
p1958,p1956,1,0.7025148868560791
p1958,p1920,2,0.6502887010574341
p1958,p1903,3,0.6345489621162415
p1958,p0849,4,0.5709916353225708
p1958,p1901,5,0.5648383498191833
p1959,p1961,1,0.8821794986724854
p1959,p1957,2,0.8719165921211243
p1959,p1467,3,0.7934014797210693
p1959,p1971,4,0.7922908663749695
p1959,p1489,5,0.7539758682250977
p1960,p1488,1,0.5937597155570984
p1960,p1466,2,0.525242269039154
p1960,p1470,3,0.5013880133628845
p1960,p1468,4,0.5010296702384949
p1960,p1526,5,0.49626612663269043
p1961,p1467,1,0.9572857022285461
p1961,p1959,2,0.8821794986724854
p1961,p1489,3,0.8740588426589966
p1961,p1957,4,0.8171491026878357
p1961,p1473,5,0.805889368057251
p1962,p1065,1,0.6487286686897278
p1962,p1032,2,0.6453826427459717
p1962,p1648,3,0.47147297859191895
p1962,p1646,4,0.4593430757522583
p1962,p1915,5,0.45736992359161377
p1963,p1449,1,0.5566096305847168
p1963,p1954,2,0.5565282702445984
p1963,p1448,3,0.5231562256813049
p1963,p1946,4,0.5224197506904602
p1963,p1033,5,0.5154635906219482
p1964,p1468,1,0.47196125984191895
p1964,p1647,2,0.4688608646392822
p1964,p0858,3,0.4543876647949219
p1964,p0947,4,0.4442060589790344
p1964,p1193,5,0.43614476919174194
p1965,p1521,1,0.6746654510498047
p1965,p1064,2,0.648434042930603
p1965,p1520,3,0.6104189157485962
p1965,p1515,4,0.5843086242675781
p1965,p1514,5,0.5717924237251282
p1966,p2001,1,0.5237733125686646
p1966,p0735,2,0.4246537685394287
p1966,p1239,3,0.41190922260284424
p1966,p1948,4,0.41181766986846924
p1966,p1643,5,0.3898707628250122
p1967,p1066,1,0.5473651885986328
p1967,p1482,2,0.4308256506919861
p1967,p0682,3,0.42101407051086426
p1967,p1034,4,0.4154144525527954
p1967,p1924,5,0.4149821400642395
p1968,p1770,1,0.49452531337738037
p1968,p1680,2,0.49336594343185425
p1968,p1657,3,0.4616219401359558
p1968,p1972,4,0.4615851640701294
p1968,p1047,5,0.44286084175109863
p1969,p0806,1,0.6473286151885986
p1969,p1521,2,0.5083382725715637
p1969,p1516,3,0.5029224753379822
p1969,p1526,4,0.4906473159790039
p1969,p0856,5,0.4900815486907959
p1970,p1647,1,0.6490524411201477
p1970,p1955,2,0.6386235356330872
p1970,p1034,3,0.5706648826599121
p1970,p1925,4,0.5555077791213989
p1970,p1035,5,0.5263125896453857
p1971,p1519,1,0.8612213730812073
p1971,p1524,2,0.8483678102493286
p1971,p1561,3,0.8468630909919739
p1971,p1794,4,0.8320225477218628
p1971,p1282,5,0.8303183317184448
p1972,p1905,1,0.577397882938385
p1972,p1607,2,0.48785078525543213
p1972,p1199,3,0.4726811647415161
p1972,p1612,4,0.4691634178161621
p1972,p1968,5,0.4615851640701294
p1973,p1652,1,0.6824716329574585
p1973,p2056,2,0.5465019345283508
p1973,p1990,3,0.5342456102371216
p1973,p0100,4,0.5316181182861328
p1973,p0093,5,0.49888259172439575
p1974,p1980,1,0.5976384878158569
p1974,p1987,2,0.5452556610107422
p1974,p1985,3,0.5303981900215149
p1974,p1978,4,0.5274522304534912
p1974,p0037,5,0.4918380379676819
p1975,p1977,1,0.5545533895492554
p1975,p1927,2,0.5014102458953857
p1975,p0903,3,0.4999605417251587
p1975,p0902,4,0.4863067865371704
p1975,p1980,5,0.48392999172210693
p1976,p1927,1,0.6795241832733154
p1976,p1980,2,0.5852879285812378
p1976,p1984,3,0.5734184384346008
p1976,p1977,4,0.5689185261726379
p1976,p1568,5,0.5462818145751953
p1977,p1980,1,0.6543869972229004
p1977,p1978,2,0.6184672117233276
p1977,p1927,3,0.6107447147369385
p1977,p1976,4,0.5689185261726379
p1977,p1987,5,0.5641887784004211
p1978,p1980,1,0.6776952147483826
p1978,p1977,2,0.6184672117233276
p1978,p1568,3,0.6062737703323364
p1978,p1987,4,0.5748022794723511
p1978,p0864,5,0.5643981099128723
p1979,p0903,1,0.6641317009925842
p1979,p0864,2,0.5857948660850525
p1979,p1987,3,0.5784267783164978
p1979,p0863,4,0.5254681706428528
p1979,p1977,5,0.5180475115776062
p1980,p1987,1,0.7068031430244446
p1980,p1978,2,0.6776952147483826
p1980,p1977,3,0.6543869972229004
p1980,p1985,4,0.6248162388801575
p1980,p1568,5,0.6119905114173889
p1981,p0069,1,0.7023253440856934
p1981,p1603,2,0.6431863903999329
p1981,p1400,3,0.6421582102775574
p1981,p1008,4,0.6215036511421204
p1981,p1571,5,0.611499547958374
p1982,p1983,1,0.7442552447319031
p1982,p1624,2,0.6172932982444763
p1982,p1981,3,0.6093225479125977
p1982,p1603,4,0.6000434160232544
p1982,p0912,5,0.5950194597244263
p1983,p1982,1,0.7442552447319031
p1983,p0912,2,0.5995139479637146
p1983,p1818,3,0.5638290047645569
p1983,p1568,4,0.5505037903785706
p1983,p1624,5,0.5430834293365479
p1984,p1980,1,0.5782226920127869
p1984,p1976,2,0.5734184384346008
p1984,p1927,3,0.5608566999435425
p1984,p1977,4,0.5590094327926636
p1984,p0905,5,0.5382606387138367
p1985,p1987,1,0.7045342922210693
p1985,p1980,2,0.6248162388801575
p1985,p1977,3,0.5602498054504395
p1985,p1974,4,0.5303981900215149
p1985,p1986,5,0.5252678394317627
p1986,p1988,1,0.7663898468017578
p1986,p1541,2,0.7232425808906555
p1986,p0669,3,0.6232699751853943
p1986,p0906,4,0.6148927211761475
p1986,p1521,5,0.610435426235199
p1987,p1980,1,0.7068031430244446
p1987,p1985,2,0.7045342922210693
p1987,p1988,3,0.6250519156455994
p1987,p1986,4,0.6046563982963562
p1987,p1979,5,0.5784267783164978
p1988,p1986,1,0.7663898468017578
p1988,p1546,2,0.6631576418876648
p1988,p0916,3,0.6427935361862183
p1988,p1987,4,0.6250519156455994
p1988,p1828,5,0.5611530542373657
p1989,p2010,1,0.6600818634033203
p1989,p0562,2,0.6151146292686462
p1989,p2002,3,0.6031507849693298
p1989,p0864,4,0.5995053052902222
p1989,p1990,5,0.5936574935913086
p1990,p1996,1,0.6410695910453796
p1990,p1918,2,0.6389120221138
p1990,p1249,3,0.6370204091072083
p1990,p1247,4,0.6207298040390015
p1990,p1989,5,0.5936574935913086
p1991,p1519,1,0.8926746249198914
p1991,p1524,2,0.8781108856201172
p1991,p1282,3,0.8692739009857178
p1991,p1561,4,0.8691538572311401
p1991,p1794,5,0.8675450682640076
p1992,p1777,1,0.7253327965736389
p1992,p0602,2,0.7153698801994324
p1992,p1656,3,0.6748009324073792
p1992,p0603,4,0.5623544454574585
p1992,p1953,5,0.5620228052139282
p1993,p0689,1,0.5917650461196899
p1993,p1643,2,0.5784759521484375
p1993,p1948,3,0.5706759095191956
p1993,p0737,4,0.5592703223228455
p1993,p1239,5,0.4769707918167114
p1994,p1217,1,0.5851517915725708
p1994,p1199,2,0.5443931221961975
p1994,p1987,3,0.5383554697036743
p1994,p1908,4,0.5195202827453613
p1994,p1198,5,0.5154269933700562
p1995,p0676,1,0.59659743309021
p1995,p1486,2,0.5670379400253296
p1995,p0666,3,0.5370085835456848
p1995,p1563,4,0.5316951870918274
p1995,p0653,5,0.49588316679000854
p1996,p1249,1,0.734901487827301
p1996,p1260,2,0.652293860912323
p1996,p1990,3,0.6410695910453796
p1996,p1246,4,0.6131203174591064
p1996,p0661,5,0.5769757032394409
p1997,p0664,1,0.6352294087409973
p1997,p0654,2,0.623985767364502
p1997,p1655,3,0.6207627654075623
p1997,p1403,4,0.5360713005065918
p1997,p1989,5,0.5357136130332947
p1998,p1491,1,0.9504302144050598
p1998,p1654,2,0.8831512928009033
p1998,p1929,3,0.8790714144706726
p1998,p1475,4,0.8742825984954834
p1998,p1412,5,0.8629176616668701
p1999,p2014,1,0.6086176633834839
p1999,p2029,2,0.6078280806541443
p1999,p0661,3,0.5615923404693604
p1999,p1247,4,0.5489809513092041
p1999,p0664,5,0.5414384007453918
p2000,p1412,1,0.90372234582901
p2000,p1744,2,0.8848887085914612
p2000,p2021,3,0.8767646551132202
p2000,p1733,4,0.8710331916809082
p2000,p2027,5,0.8669096827507019
p2001,p0735,1,0.5566344857215881
p2001,p1681,2,0.5344852209091187
p2001,p1966,3,0.5237733125686646
p2001,p1554,4,0.5221453905105591
p2001,p0736,5,0.505961000919342
p2002,p2010,1,0.6289827227592468
p2002,p1989,2,0.6031507849693298
p2002,p1990,3,0.5895138382911682
p2002,p0728,4,0.5606858134269714
p2002,p0698,5,0.5442783832550049
p2003,p0732,1,0.6137674450874329
p2003,p0728,2,0.5564414262771606
p2003,p1612,3,0.5509307980537415
p2003,p2009,4,0.543978214263916
p2003,p1990,5,0.5347798466682434
p2004,p2010,1,0.646725058555603
p2004,p0733,2,0.6140347123146057
p2004,p1825,3,0.6102373003959656
p2004,p1989,4,0.5886005163192749
p2004,p2005,5,0.5875710844993591
p2005,p1562,1,0.7695192694664001
p2005,p0979,2,0.6786293387413025
p2005,p0980,3,0.6544250249862671
p2005,p0729,4,0.6437299847602844
p2005,p1632,5,0.6266394853591919
p2006,p2005,1,0.6201496124267578
p2006,p2004,2,0.5453389286994934
p2006,p1251,3,0.5305761098861694
p2006,p2002,4,0.5195393562316895
p2006,p0559,5,0.5193845629692078
p2007,p0738,1,0.6541770100593567
p2007,p1444,2,0.5933814644813538
p2007,p1651,3,0.5095388889312744
p2007,p0693,4,0.45692557096481323
p2007,p2003,5,0.45333993434906006
p2008,p0679,1,0.6205105781555176
p2008,p1909,2,0.6041904091835022
p2008,p0969,3,0.5915975570678711
p2008,p1458,4,0.5408775210380554
p2008,p1587,5,0.5120238065719604
p2009,p0739,1,0.6049529314041138
p2009,p1693,2,0.5640955567359924
p2009,p1450,3,0.559756875038147
p2009,p1436,4,0.5514822006225586
p2009,p1624,5,0.5491278171539307
p2010,p1912,1,0.6828287243843079
p2010,p1989,2,0.6600818634033203
p2010,p2004,3,0.646725058555603
p2010,p2002,4,0.6289827227592468
p2010,p2005,5,0.6018164157867432
p2011,p0724,1,0.5963649153709412
p2011,p1963,2,0.5057858824729919
p2011,p1480,3,0.4698750972747803
p2011,p2008,4,0.45765089988708496
p2011,p0995,5,0.42675137519836426
p2012,p1674,1,0.8765817284584045
p2012,p1666,2,0.8237327337265015
p2012,p1498,3,0.8164573907852173
p2012,p1549,4,0.7617868781089783
p2012,p1551,5,0.7552202939987183
p2013,p1600,1,0.801243245601654
p2013,p1497,2,0.7792076468467712
p2013,p1666,3,0.7727455496788025
p2013,p1674,4,0.7702361941337585
p2013,p1262,5,0.7681146264076233
p2014,p1999,1,0.6086176633834839
p2014,p0627,2,0.5978162884712219
p2014,p0658,3,0.5934813618659973
p2014,p1990,4,0.5904316902160645
p2014,p1026,5,0.5799540877342224
p2015,p1403,1,0.7152577042579651
p2015,p1405,2,0.6049702167510986
p2015,p0773,3,0.5851288437843323
p2015,p2028,4,0.5678426027297974
p2015,p2017,5,0.5673006772994995
p2016,p1430,1,0.8796233534812927
p2016,p1409,2,0.8507258892059326
p2016,p1425,3,0.8462867736816406
p2016,p1423,4,0.8446751236915588
p2016,p1428,5,0.8289658427238464
p2017,p0773,1,0.5949280858039856
p2017,p2015,2,0.5673006772994995
p2017,p2029,3,0.5498961210250854
p2017,p2030,4,0.544788122177124
p2017,p2022,5,0.5286741852760315
p2018,p1731,1,0.7384240627288818
p2018,p2031,2,0.720502495765686
p2018,p1732,3,0.7109857201576233
p2018,p1753,4,0.6862615346908569
p2018,p2025,5,0.6752679347991943
p2019,p1742,1,0.9758532643318176
p2019,p1739,2,0.9486376047134399
p2019,p1475,3,0.9346008896827698
p2019,p2023,4,0.8803709745407104
p2019,p1420,5,0.8730029463768005
p2020,p1731,1,0.620114803314209
p2020,p2024,2,0.5934720039367676
p2020,p2025,3,0.5823628306388855
p2020,p2031,4,0.5451967716217041
p2020,p0848,5,0.5422882437705994
p2021,p1733,1,0.9832438826560974
p2021,p1737,2,0.9651007652282715
p2021,p1708,3,0.9587519764900208
p2021,p1754,4,0.9582918286323547
p2021,p1420,5,0.9306270480155945
p2022,p1734,1,0.7216703295707703
p2022,p1755,2,0.7145107388496399
p2022,p1738,3,0.7052527666091919
p2022,p2024,4,0.6698360443115234
p2022,p1756,5,0.6618444323539734
p2023,p1739,1,0.8976023197174072
p2023,p1735,2,0.8940903544425964
p2023,p2019,3,0.8803709745407104
p2023,p1475,4,0.8772569298744202
p2023,p1742,5,0.8768039345741272
p2024,p2031,1,0.6838638186454773
p2024,p2022,2,0.6698360443115234
p2024,p1026,3,0.6255662441253662
p2024,p2025,4,0.6239610314369202
p2024,p0627,5,0.6235763430595398
p2025,p2031,1,0.7362890243530273
p2025,p2018,2,0.6752679347991943
p2025,p2024,3,0.6239610314369202
p2025,p1753,4,0.6015650033950806
p2025,p2020,5,0.5823628306388855
p2026,p0663,1,0.6519283056259155
p2026,p1585,2,0.4786876440048218
p2026,p0665,3,0.44452619552612305
p2026,p0558,4,0.43954646587371826
p2026,p1918,5,0.411502480506897
p2027,p1412,1,0.8833494186401367
p2027,p1919,2,0.8792923092842102
p2027,p2000,3,0.8669096827507019
p2027,p1434,4,0.8502473831176758
p2027,p1404,5,0.8448625802993774
p2028,p2015,1,0.5678426027297974
p2028,p1405,2,0.5379655361175537
p2028,p1414,3,0.5371623039245605
p2028,p1659,4,0.5324164032936096
p2028,p0652,5,0.5109806656837463
p2029,p0773,1,0.694998025894165
p2029,p1999,2,0.6078280806541443
p2029,p0772,3,0.5812662243843079
p2029,p2017,4,0.5498961210250854
p2029,p0622,5,0.5153383612632751
p2030,p1421,1,0.6330097317695618
p2030,p2024,2,0.5834088921546936
p2030,p2031,3,0.5568677186965942
p2030,p2017,4,0.544788122177124
p2030,p1410,5,0.5324437618255615
p2031,p2025,1,0.7362890243530273
p2031,p2018,2,0.720502495765686
p2031,p2024,3,0.6838638186454773
p2031,p1406,4,0.6044313311576843
p2031,p2030,5,0.5568677186965942
p2032,p2035,1,0.8779525756835938
p2032,p2037,2,0.8727248907089233
p2032,p2033,3,0.8710032105445862
p2032,p1512,4,0.7442027926445007
p2032,p1392,5,0.7394106388092041
p2033,p2037,1,0.9704034924507141
p2033,p2035,2,0.9228946566581726
p2033,p2032,3,0.8710032105445862
p2033,p1512,4,0.7594485282897949
p2033,p1499,5,0.6405429244041443
p2034,p2038,1,0.9322440028190613
p2034,p2036,2,0.8914380669593811
p2034,p1352,3,0.7030745148658752
p2034,p1356,4,0.6899181008338928
p2034,p1360,5,0.6840335130691528
p2035,p2037,1,0.9392163157463074
p2035,p2033,2,0.9228946566581726
p2035,p2032,3,0.8779525756835938
p2035,p1512,4,0.794466495513916
p2035,p1392,5,0.679260790348053
p2036,p2034,1,0.8914380669593811
p2036,p2038,2,0.8449211120605469
p2036,p1352,3,0.6055465340614319
p2036,p1344,4,0.5900774598121643
p2036,p1360,5,0.5885412096977234
p2037,p2033,1,0.9704034924507141
p2037,p2035,2,0.9392163157463074
p2037,p2032,3,0.8727248907089233
p2037,p1512,4,0.7683030962944031
p2037,p1499,5,0.6562828421592712
p2038,p2034,1,0.9322440028190613
p2038,p2036,2,0.8449211120605469
p2038,p1352,3,0.6942914724349976
p2038,p1428,4,0.6851192116737366
p2038,p1360,5,0.6744522452354431
p2039,p1776,1,0.6131218671798706
p2039,p1231,2,0.6006184816360474
p2039,p1682,3,0.5777748823165894
p2039,p2040,4,0.5416016578674316
p2039,p1698,5,0.48979687690734863
p2040,p1675,1,0.6963555216789246
p2040,p1199,2,0.6614304184913635
p2040,p1926,3,0.6388329267501831
p2040,p1607,4,0.6203201413154602
p2040,p1681,5,0.6028063893318176
p2041,p2042,1,0.9824984669685364
p2041,p1461,2,0.9205152988433838
p2041,p1661,3,0.9183491468429565
p2041,p1462,4,0.906349241733551
p2041,p1547,5,0.8518427610397339
p2042,p2041,1,0.9824984669685364
p2042,p1661,2,0.9341539740562439
p2042,p1462,3,0.9258322715759277
p2042,p1461,4,0.9083616733551025
p2042,p1548,5,0.859551191329956
p2043,p2055,1,0.6625983119010925
p2043,p1499,2,0.647167444229126
p2043,p2058,3,0.6313393712043762
p2043,p0291,4,0.6265223622322083
p2043,p2057,5,0.6054396033287048
p2044,p0230,1,0.6952365636825562
p2044,p2016,2,0.6884350180625916
p2044,p1404,3,0.6624405384063721
p2044,p2059,4,0.6486659049987793
p2044,p0494,5,0.6244418621063232
p2045,p2051,1,0.8200432658195496
p2045,p1511,2,0.7781606316566467
p2045,p1510,3,0.6279025077819824
p2045,p2055,4,0.5577729344367981
p2045,p0063,5,0.5539680123329163
p2046,p2058,1,0.8184830546379089
p2046,p2057,2,0.6776127815246582
p2046,p1502,3,0.6590747237205505
p2046,p0041,4,0.6340981125831604
p2046,p0047,5,0.6118077039718628
p2047,p1050,1,0.6833589673042297
p2047,p2049,2,0.6595209836959839
p2047,p2058,3,0.6285754442214966
p2047,p2046,4,0.6048752665519714
p2047,p1680,5,0.5880439877510071
p2048,p1509,1,0.969978392124176
p2048,p1505,2,0.9406461119651794
p2048,p1503,3,0.9043083190917969
p2048,p1501,4,0.8696497082710266
p2048,p2060,5,0.7749961614608765
p2049,p2047,1,0.6595209836959839
p2049,p1050,2,0.5757508873939514
p2049,p2058,3,0.5616409182548523
p2049,p2046,4,0.5568745732307434
p2049,p0999,5,0.5341465473175049
p2050,p1337,1,0.669032096862793
p2050,p1407,2,0.6629126071929932
p2050,p1423,3,0.6576105356216431
p2050,p1540,4,0.6537355184555054
p2050,p1735,5,0.6472972631454468
p2051,p2045,1,0.8200432658195496
p2051,p1511,2,0.7063882350921631
p2051,p1510,3,0.6375946402549744
p2051,p2047,4,0.5407566428184509
p2051,p2055,5,0.5218115448951721
p2052,p2060,1,0.9913638234138489
p2052,p2054,2,0.9682316780090332
p2052,p1519,3,0.9037229418754578
p2052,p1524,4,0.8631592988967896
p2052,p1415,5,0.8560397028923035
p2053,p1050,1,0.5596636533737183
p2053,p1511,2,0.5232514142990112
p2053,p2047,3,0.5144332647323608
p2053,p1989,4,0.4915727972984314
p2053,p0032,5,0.49052882194519043
p2054,p2060,1,0.980452299118042
p2054,p2052,2,0.9682316780090332
p2054,p1519,3,0.9000569581985474
p2054,p1524,4,0.8891527056694031
p2054,p1561,5,0.858147919178009
p2055,p2043,1,0.6625983119010925
p2055,p2035,2,0.6378034353256226
p2055,p2032,3,0.6131058931350708
p2055,p0063,4,0.6067063808441162
p2055,p1552,5,0.5933374762535095
p2056,p0234,1,0.5741202235221863
p2056,p2057,2,0.566387951374054
p2056,p1973,3,0.5465019345283508
p2056,p1596,4,0.5399327874183655
p2056,p2046,5,0.5342691540718079
p2057,p2046,1,0.6776127815246582
p2057,p0291,2,0.6240535378456116
p2057,p2043,3,0.6054396033287048
p2057,p2058,4,0.5979485511779785
p2057,p2056,5,0.566387951374054
p2058,p2046,1,0.8184830546379089
p2058,p1502,2,0.6831668019294739
p2058,p0041,3,0.6373404264450073
p2058,p2043,4,0.6313393712043762
p2058,p2047,5,0.6285754442214966
p2059,p0493,1,0.7388350367546082
p2059,p2048,2,0.7124452590942383
p2059,p1503,3,0.7100805640220642
p2059,p1501,4,0.6950816512107849
p2059,p1509,5,0.6921547055244446
p2060,p2052,1,0.9913638234138489
p2060,p2054,2,0.980452299118042
p2060,p1519,3,0.9045717716217041
p2060,p1524,4,0.8683034181594849
p2060,p1561,5,0.8441020250320435
p2061,p2062,1,0.5245522856712341
p2061,p0128,2,0.45309650897979736
p2061,p0124,3,0.4507185220718384
p2061,p0001,4,0.4319896697998047
p2061,p2087,5,0.37754499912261963
p2062,p2061,1,0.5245522856712341
p2062,p2119,2,0.4693230986595154
p2062,p0124,3,0.4483482837677002
p2062,p2087,4,0.44457632303237915
p2062,p0123,5,0.42619216442108154
p2063,p2064,1,0.8402462005615234
p2063,p2065,2,0.7975926995277405
p2063,p2085,3,0.7748593688011169
p2063,p2099,4,0.7647444009780884
p2063,p2098,5,0.7584151029586792
p2064,p2063,1,0.8402462005615234
p2064,p2098,2,0.7641723155975342
p2064,p2099,3,0.7571512460708618
p2064,p2065,4,0.7467930912971497
p2064,p2105,5,0.7444471716880798
p2065,p2085,1,0.9422977566719055
p2065,p2099,2,0.8822821378707886
p2065,p2098,3,0.8783133625984192
p2065,p2105,4,0.8619274497032166
p2065,p2072,5,0.8551907539367676
p2066,p2086,1,0.9947138428688049
p2066,p2089,2,0.8471814393997192
p2066,p2074,3,0.8269557952880859
p2066,p2093,4,0.8082103729248047
p2066,p2095,5,0.8074815273284912
p2067,p2098,1,0.920342206954956
p2067,p2099,2,0.9182672500610352
p2067,p2094,3,0.8639448881149292
p2067,p2065,4,0.8454322814941406
p2067,p2085,5,0.8224408030509949
p2068,p2089,1,0.905630886554718
p2068,p2074,2,0.8317835330963135
p2068,p2095,3,0.7970180511474609
p2068,p2066,4,0.7762852311134338
p2068,p2086,5,0.7698614001274109
p2069,p2080,1,0.9313762187957764
p2069,p2072,2,0.9307629466056824
p2069,p2102,3,0.9306694865226746
p2069,p2092,4,0.9096871614456177
p2069,p2071,5,0.8659835457801819
p2070,p2081,1,0.9515189528465271
p2070,p2104,2,0.9478570222854614
p2070,p2069,3,0.7622458338737488
p2070,p2072,4,0.7591677904129028
p2070,p2105,5,0.7295657992362976
p2071,p2090,1,0.9811689257621765
p2071,p2082,2,0.9366227984428406
p2071,p2105,3,0.8875508308410645
p2071,p2069,4,0.8659835457801819
p2071,p2096,5,0.8576509356498718
p2072,p2092,1,0.9603176116943359
p2072,p2069,2,0.9307629466056824
p2072,p2102,3,0.9151802659034729
p2072,p2080,4,0.900911271572113
p2072,p2065,5,0.8551907539367676
p2073,p2093,1,0.9779680371284485
p2073,p2069,2,0.862697422504425
p2073,p2072,3,0.8473048210144043
p2073,p2102,4,0.8464664220809937
p2073,p2080,5,0.8419060111045837
p2074,p2095,1,0.9812312126159668
p2074,p2089,2,0.8692513704299927
p2074,p2068,3,0.8317835330963135
p2074,p2066,4,0.8269557952880859
p2074,p2086,5,0.8256412148475647
p2075,p2097,1,0.8937696218490601
p2075,p2078,2,0.8530519604682922
p2075,p2077,3,0.8474189043045044
p2075,p2079,4,0.828798234462738
p2075,p2101,5,0.8243272304534912
p2076,p2096,1,0.9418127536773682
p2076,p2082,2,0.8599690794944763
p2076,p2071,3,0.8448039889335632
p2076,p2090,4,0.838564395904541
p2076,p2080,5,0.7361124157905579
p2077,p2097,1,0.8770552277565002
p2077,p2075,2,0.8474189043045044
p2077,p2079,3,0.8455348014831543
p2077,p2078,4,0.8143602013587952
p2077,p2101,5,0.809348464012146
p2078,p2097,1,0.8635751008987427
p2078,p2079,2,0.8594847917556763
p2078,p2075,3,0.8530519604682922
p2078,p2101,4,0.8206084370613098
p2078,p2077,5,0.8143602013587952
p2079,p2101,1,0.9723198413848877
p2079,p2097,2,0.8655838966369629
p2079,p2078,3,0.8594847917556763
p2079,p2077,4,0.8455348014831543
p2079,p2075,5,0.828798234462738
p2080,p2102,1,0.9466840028762817
p2080,p2069,2,0.9313762187957764
p2080,p2072,3,0.900911271572113
p2080,p2092,4,0.8935177326202393
p2080,p2093,5,0.8542770147323608
p2081,p2070,1,0.9515189528465271
p2081,p2104,2,0.9180724024772644
p2081,p2082,3,0.7486966848373413
p2081,p2080,4,0.74769127368927
p2081,p2069,5,0.7412633895874023
p2082,p2071,1,0.9366227984428406
p2082,p2090,2,0.9267445206642151
p2082,p2105,3,0.8606681823730469
p2082,p2076,4,0.8599690794944763
p2082,p2069,5,0.8324804902076721
p2083,p2106,1,0.7878412008285522
p2083,p2084,2,0.6861171722412109
p2083,p2080,3,0.5641651153564453
p2083,p2067,4,0.5478629469871521
p2083,p2076,5,0.5350911021232605
p2084,p2106,1,0.7671791911125183
p2084,p2083,2,0.6861171722412109
p2084,p2063,3,0.6007061004638672
p2084,p2064,4,0.5823624730110168
p2084,p2102,5,0.5614606738090515
p2085,p2065,1,0.9422977566719055
p2085,p2099,2,0.8744021058082581
p2085,p2098,3,0.8696944117546082
p2085,p2092,4,0.8508161902427673
p2085,p2105,5,0.8412686586380005
p2086,p2066,1,0.9947138428688049
p2086,p2089,2,0.8471960425376892
p2086,p2074,3,0.8256412148475647
p2086,p2095,4,0.8012803792953491
p2086,p2093,5,0.7934442162513733
p2087,p2094,1,0.7197476029396057
p2087,p2067,2,0.6610311269760132
p2087,p2085,3,0.6359361410140991
p2087,p2068,4,0.6266411542892456
p2087,p2098,5,0.6247656941413879
p2088,p2065,1,0.8122921586036682
p2088,p2098,2,0.8114690780639648
p2088,p2085,3,0.8065374493598938
p2088,p2099,4,0.7999687194824219
p2088,p2067,5,0.7663891911506653
p2089,p2068,1,0.905630886554718
p2089,p2074,2,0.8692513704299927
p2089,p2095,3,0.8493077754974365
p2089,p2086,4,0.8471960425376892
p2089,p2066,5,0.8471814393997192
p2090,p2071,1,0.9811689257621765
p2090,p2082,2,0.9267445206642151
p2090,p2105,3,0.886519730091095
p2090,p2092,4,0.8524476289749146
p2090,p2096,5,0.8476377129554749
p2091,p2092,1,0.8128243088722229
p2091,p2105,2,0.7892618179321289
p2091,p2072,3,0.7892364859580994
p2091,p2102,4,0.7748528718948364
p2091,p2085,5,0.7740601897239685
p2092,p2072,1,0.9603176116943359
p2092,p2102,2,0.921271026134491
p2092,p2069,3,0.9096871614456177
p2092,p2080,4,0.8935177326202393
p2092,p2090,5,0.8524476289749146
p2093,p2073,1,0.9779680371284485
p2093,p2102,2,0.866319477558136
p2093,p2069,3,0.8591189980506897
p2093,p2080,4,0.8542770147323608
p2093,p2092,5,0.8363671898841858
p2094,p2067,1,0.8639448881149292
p2094,p2098,2,0.8412992358207703
p2094,p2099,3,0.8303264379501343
p2094,p2065,4,0.7548794150352478
p2094,p2085,5,0.7361644506454468
p2095,p2074,1,0.9812312126159668
p2095,p2089,2,0.8493077754974365
p2095,p2066,3,0.8074815273284912
p2095,p2086,4,0.8012803792953491
p2095,p2075,5,0.797793447971344
p2096,p2076,1,0.9418127536773682
p2096,p2071,2,0.8576509356498718
p2096,p2090,3,0.8476377129554749
p2096,p2082,4,0.8285699486732483
p2096,p2105,5,0.7640938758850098
p2097,p2075,1,0.8937696218490601
p2097,p2101,2,0.878679633140564
p2097,p2077,3,0.8770552277565002
p2097,p2079,4,0.8655838966369629
p2097,p2078,5,0.8635751008987427
p2098,p2099,1,0.9820472002029419
p2098,p2067,2,0.920342206954956
p2098,p2065,3,0.8783133625984192
p2098,p2085,4,0.8696944117546082
p2098,p2094,5,0.8412992358207703
p2099,p2098,1,0.9820472002029419
p2099,p2067,2,0.9182672500610352
p2099,p2065,3,0.8822821378707886
p2099,p2085,4,0.8744021058082581
p2099,p2072,5,0.8388977646827698
p2100,p2087,1,0.6058896780014038
p2100,p2067,2,0.5568318367004395
p2100,p2094,3,0.5474125742912292
p2100,p2098,4,0.5365754961967468
p2100,p2065,5,0.5321685671806335
p2101,p2079,1,0.9723198413848877
p2101,p2097,2,0.878679633140564
p2101,p2075,3,0.8243272304534912
p2101,p2078,4,0.8206084370613098
p2101,p2077,5,0.809348464012146
p2102,p2080,1,0.9466840028762817
p2102,p2069,2,0.9306694865226746
p2102,p2092,3,0.921271026134491
p2102,p2072,4,0.9151802659034729
p2102,p2105,5,0.8718540668487549
p2103,p2105,1,0.8027692437171936
p2103,p2065,2,0.7641241550445557
p2103,p2085,3,0.7094910144805908
p2103,p2096,4,0.7051537036895752
p2103,p2072,5,0.7043092846870422
p2104,p2070,1,0.9478570222854614
p2104,p2081,2,0.9180724024772644
p2104,p2072,3,0.7872366905212402
p2104,p2105,4,0.7831993103027344
p2104,p2092,5,0.7784212231636047
p2105,p2071,1,0.8875508308410645
p2105,p2090,2,0.886519730091095
p2105,p2102,3,0.8718540668487549
p2105,p2065,4,0.8619274497032166
p2105,p2082,5,0.8606681823730469
p2106,p2083,1,0.7878412008285522
p2106,p2084,2,0.7671791911125183
p2106,p2105,3,0.5968862771987915
p2106,p2064,4,0.5785827040672302
p2106,p2067,5,0.5776243805885315
p2107,p0071,1,0.6281598210334778
p2107,p2108,2,0.622270941734314
p2107,p0252,3,0.6010063290596008
p2107,p0108,4,0.5869263410568237
p2107,p0188,5,0.5425847768783569
p2108,p0170,1,0.6786931753158569
p2108,p2109,2,0.6425719261169434
p2108,p2107,3,0.622270941734314
p2108,p2110,4,0.5889053344726562
p2108,p2102,5,0.5725629925727844
p2109,p2110,1,0.6544509530067444
p2109,p2108,2,0.6425719261169434
p2109,p2102,3,0.606774628162384
p2109,p2080,4,0.5893115997314453
p2109,p2069,5,0.5251114368438721
p2110,p2109,1,0.6544509530067444
p2110,p2090,2,0.6189028024673462
p2110,p2096,3,0.5994675755500793
p2110,p2101,4,0.592674195766449
p2110,p2082,5,0.5910257697105408
p2111,p2120,1,0.612360954284668
p2111,p0009,2,0.5930335521697998
p2111,p2116,3,0.5833221077919006
p2111,p2112,4,0.5422528982162476
p2111,p2119,5,0.5198904275894165
p2112,p2120,1,0.6611263751983643
p2112,p2127,2,0.6128954291343689
p2112,p2123,3,0.6018217206001282
p2112,p2122,4,0.6005536913871765
p2112,p0473,5,0.5588322281837463
p2113,p2116,1,0.6893842220306396
p2113,p2120,2,0.6804108619689941
p2113,p2128,3,0.666782796382904
p2113,p2123,4,0.6472988128662109
p2113,p2117,5,0.639650821685791
p2114,p2123,1,0.7354753017425537
p2114,p0431,2,0.7149850726127625
p2114,p2120,3,0.6700897216796875
p2114,p1596,4,0.6398094892501831
p2114,p2122,5,0.6034397482872009
p2115,p0095,1,0.703510046005249
p2115,p0496,2,0.6992868185043335
p2115,p0094,3,0.6602520942687988
p2115,p0065,4,0.6369671821594238
p2115,p0092,5,0.6295539140701294
p2116,p2113,1,0.6893842220306396
p2116,p2120,2,0.6843611001968384
p2116,p2127,3,0.6829265356063843
p2116,p0397,4,0.6506013870239258
p2116,p0396,5,0.6447684168815613
p2117,p2119,1,0.659024178981781
p2117,p2120,2,0.6413929462432861
p2117,p2113,3,0.639650821685791
p2117,p0401,4,0.6378398537635803
p2117,p2123,5,0.6149155497550964
p2118,p0234,1,0.5784465074539185
p2118,p2043,2,0.5590339303016663
p2118,p1499,3,0.5274388790130615
p2118,p0047,4,0.5261805057525635
p2118,p0041,5,0.5243868231773376
p2119,p2117,1,0.659024178981781
p2119,p2120,2,0.5515360236167908
p2119,p2112,3,0.5414469838142395
p2119,p2113,4,0.5408274531364441
p2119,p2127,5,0.5356441140174866
p2120,p2123,1,0.7799052596092224
p2120,p2122,2,0.6911768913269043
p2120,p2116,3,0.6843611001968384
p2120,p2113,4,0.6804108619689941
p2120,p2114,5,0.6700897216796875
p2121,p0455,1,0.7050336599349976
p2121,p2127,2,0.6153862476348877
p2121,p2120,3,0.5658314824104309
p2121,p2123,4,0.5600959062576294
p2121,p2112,5,0.5455647706985474
p2122,p2123,1,0.8064597845077515
p2122,p0478,2,0.7955102920532227
p2122,p0130,3,0.6941604614257812
p2122,p2120,4,0.6911768913269043
p2122,p0480,5,0.6893863081932068
p2123,p2122,1,0.8064597845077515
p2123,p0480,2,0.7799978256225586
p2123,p2120,3,0.7799052596092224
p2123,p2114,4,0.7354753017425537
p2123,p2133,5,0.7015550136566162
p2124,p0473,1,0.7919177412986755
p2124,p2125,2,0.6571979522705078
p2124,p0469,3,0.6389265656471252
p2124,p2120,4,0.6042050123214722
p2124,p0471,5,0.6020454168319702
p2125,p2124,1,0.6571979522705078
p2125,p2120,2,0.6251854300498962
p2125,p2123,3,0.58783358335495
p2125,p0450,4,0.5763282179832458
p2125,p2122,5,0.5495223999023438
p2126,p0474,1,0.6429079174995422
p2126,p2116,2,0.6400442123413086
p2126,p0148,3,0.5775088667869568
p2126,p0475,4,0.566675066947937
p2126,p2125,5,0.5484498739242554
p2127,p2116,1,0.6829265356063843
p2127,p0413,2,0.6787069439888
p2127,p0416,3,0.6687950491905212
p2127,p2123,4,0.6204383969306946
p2127,p2122,5,0.6161180138587952
p2128,p2113,1,0.666782796382904
p2128,p0055,2,0.604452908039093
p2128,p1404,3,0.6038529276847839
p2128,p2129,4,0.5982100963592529
p2128,p0064,5,0.5946389436721802
p2129,p2130,1,0.8216935396194458
p2129,p2132,2,0.7192339301109314
p2129,p0105,3,0.6989270448684692
p2129,p0117,4,0.6953718662261963
p2129,p0012,5,0.6892309784889221
p2130,p2129,1,0.8216935396194458
p2130,p2133,2,0.6827704310417175
p2130,p0174,3,0.6162204146385193
p2130,p0223,4,0.6138959527015686
p2130,p0173,5,0.6031860709190369
p2131,p0278,1,0.757074236869812
p2131,p2133,2,0.6637757420539856
p2131,p0177,3,0.6635962128639221
p2131,p0174,4,0.6370668411254883
p2131,p2132,5,0.6142352223396301
p2132,p2133,1,0.886132538318634
p2132,p2129,2,0.7192339301109314
p2132,p0177,3,0.649838924407959
p2132,p2122,4,0.6446273326873779
p2132,p2134,5,0.6346369981765747
p2133,p2132,1,0.886132538318634
p2133,p2123,2,0.7015550136566162
p2133,p2130,3,0.6827704310417175
p2133,p2129,4,0.6722794771194458
p2133,p0174,5,0.6692923903465271
p2134,p2133,1,0.6692330241203308
p2134,p2132,2,0.6346369981765747
p2134,p2131,3,0.6086166501045227
p2134,p2123,4,0.6001434922218323
p2134,p2120,5,0.599532961845398
